GHG emissions from fuel combustion - Oil,,,,,,,Source:,,"IEA (2021), GHG Emissions from Energy",,,,,,,,,,,,,,"IEA, All rights reserved ",,,,,,,,,,,,,,,,,,,,,,,,,,,
,,,,,,,Documentation:,,Accessible here,,,,,,,,,,,,,,https://www.iea.org/terms,,,,,,,,,,,,,,,,,,,,,,,,,,,
Back to the table of contents,,,,,,,,,,,,,,,,,,,,,,,,,,,,,,,,,,,,,,,,,,,,,,,,,,
million tonnes of CO2 eq,1971,1972,1973,1974,1975,1976,1977,1978,1979,1980,1981,1982,1983,1984,1985,1986,1987,1988,1989,1990,1991,1992,1993,1994,1995,1996,1997,1998,1999,2000,2001,2002,2003,2004,2005,2006,2007,2008,2009,2010,2011,2012,2013,2014,2015,2016,2017,2018,2019,2020
,,,,,,,,,,,,,,,,,,,,,,,,,,,,,,,,,,,,,,,,,,,,,,,,,,
World, 6 765, 7 259, 7 823, 7 706, 7 690, 8 169, 8 482, 8 749, 8 848, 8 508, 8 181, 7 951, 7 858, 7 930, 7 891, 8 102, 8 242, 8 497, 8 600, 8 637, 8 674, 8 732, 8 760, 8 817, 8 938, 9 154, 9 441, 9 549, 9 705, 9 795, 9 845, 9 825, 9 964, 10 347, 10 482, 10 554, 10 709, 10 612, 10 326, 10 713, 10 733, 10 829, 11 001, 11 038, 11 311, 11 380, 11 523, 11 540, 11 542,..
,,,,,,,,,,,,,,,,,,,,,,,,,,,,,,,,,,,,,,,,,,,,,,,,,,
Annex I Parties ,..,..,..,..,..,..,..,..,..,..,..,..,..,..,..,..,..,..,.., 5 559, 5 513, 5 408, 5 324, 5 266, 5 211, 5 278, 5 380, 5 490, 5 492, 5 458, 5 496, 5 383, 5 461, 5 507, 5 513, 5 417, 5 359, 5 171, 4 906, 4 955, 4 836, 4 746, 4 749, 4 683, 4 770, 4 764, 4 785, 4 784, 4 742,..
   Annex II Parties   , 4 497, 4 818, 5 153, 4 929, 4 744, 5 038, 5 176, 5 256, 5 210, 4 803, 4 479, 4 257, 4 146, 4 211, 4 145, 4 250, 4 283, 4 432, 4 467, 4 386, 4 378, 4 450, 4 461, 4 540, 4 514, 4 616, 4 724, 4 835, 4 865, 4 836, 4 872, 4 768, 4 843, 4 888, 4 898, 4 785, 4 715, 4 513, 4 278, 4 339, 4 190, 4 102, 4 125, 4 037, 4 118, 4 110, 4 086, 4 104, 4 049,..
      North America      , 2 237, 2 413, 2 530, 2 435, 2 344, 2 509, 2 652, 2 658, 2 575, 2 367, 2 231, 2 136, 2 080, 2 124, 2 132, 2 193, 2 229, 2 322, 2 334, 2 193, 2 129, 2 169, 2 201, 2 248, 2 205, 2 270, 2 415, 2 513, 2 540, 2 554, 2 585, 2 484, 2 554, 2 612, 2 636, 2 574, 2 563, 2 420, 2 305, 2 376, 2 245, 2 187, 2 246, 2 230, 2 306, 2 313, 2 308, 2 362, 2 330,..
      Europe      , 1 640, 1 751, 1 862, 1 740, 1 679, 1 782, 1 742, 1 812, 1 846, 1 713, 1 567, 1 479, 1 424, 1 426, 1 390, 1 427, 1 416, 1 429, 1 428, 1 443, 1 498, 1 518, 1 511, 1 502, 1 519, 1 556, 1 537, 1 563, 1 553, 1 522, 1 549, 1 531, 1 543, 1 537, 1 521, 1 505, 1 442, 1 427, 1 351, 1 331, 1 275, 1 234, 1 213, 1 185, 1 211, 1 211, 1 202, 1 181, 1 173,..
      Asia Oceania,  620,  654,  760,  754,  722,  748,  782,  786,  789,  723,  680,  642,  642,  661,  623,  631,  637,  681,  705,  750,  751,  763,  750,  790,  790,  790,  772,  759,  772,  760,  739,  752,  746,  740,  741,  706,  710,  666,  621,  631,  670,  681,  666,  622,  601,  585,  576,  561,  546,..
   Annex I EIT   ,..,..,..,..,..,..,..,..,..,..,..,..,..,..,..,..,..,..,.., 1 105, 1 069,  888,  784,  648,  612,  572,  569,  571,  541,  532,  539,  527,  529,  532,  529,  547,  557,  570,  543,  536,  565,  561,  537,  555,  552,  545,  571,  557,  571,..
Non-Annex I Parties ,..,..,..,..,..,..,..,..,..,..,..,..,..,..,..,..,..,..,.., 2 442, 2 517, 2 643, 2 763, 2 852, 3 004, 3 131, 3 290, 3 264, 3 376, 3 475, 3 518, 3 572, 3 628, 3 885, 3 970, 4 084, 4 246, 4 329, 4 361, 4 628, 4 751, 4 983, 5 146, 5 213, 5 345, 5 378, 5 442, 5 434, 5 486,..
,,,,,,,,,,,,,,,,,,,,,,,,,,,,,,,,,,,,,,,,,,,,,,,,,,
Annex B Kyoto Parties,..,..,..,..,..,..,..,..,..,..,..,..,..,..,..,..,..,..,.., 2 068, 2 101, 2 005, 1 946, 1 907, 1 918, 1 935, 1 921, 1 947, 1 907, 1 864, 1 899, 1 883, 1 905, 1 907, 1 899, 1 896, 1 841, 1 838, 1 747, 1 727, 1 680, 1 634, 1 620, 1 575, 1 615, 1 633, 1 637, 1 621, 1 612,..
,,,,,,,,,,,,,,,,,,,,,,,,,,,,,,,,,,,,,,,,,,,,,,,,,,
OECD Total, 4 743, 5 088, 5 455, 5 250, 5 085, 5 407, 5 578, 5 683, 5 647, 5 258, 4 940, 4 714, 4 595, 4 667, 4 607, 4 721, 4 776, 4 940, 5 011, 4 983, 5 005, 5 095, 5 136, 5 252, 5 234, 5 360, 5 491, 5 551, 5 594, 5 581, 5 605, 5 493, 5 566, 5 622, 5 635, 5 517, 5 474, 5 259, 5 002, 5 065, 4 919, 4 841, 4 849, 4 747, 4 858, 4 887, 4 881, 4 884, 4 835, 4 347
Non-OECD Total, 1 494, 1 615, 1 785, 1 905, 2 085, 2 231, 2 357, 2 510, 2 628, 2 685, 2 702, 2 724, 2 766, 2 755, 2 748, 2 802, 2 877, 2 937, 2 955, 3 018, 3 026, 2 956, 2 951, 2 866, 2 981, 3 049, 3 179, 3 203, 3 274, 3 352, 3 409, 3 462, 3 523, 3 770, 3 847, 3 983, 4 131, 4 241, 4 265, 4 517, 4 668, 4 889, 5 045, 5 148, 5 257, 5 255, 5 346, 5 334, 5 393,..
International marine bunkers,  357,  374,  395,  370,  345,  355,  355,  357,  368,  361,  335,  302,  283,  287,  309,  329,  325,  341,  341,  375,  390,  419,  406,  418,  432,  442,  453,  467,  494,  507,  481,  500,  507,  558,  577,  615,  652,  653,  621,  668,  669,  623,  621,  642,  666,  685,  709,  707,  691,..
International aviation bunkers,  171,  181,  188,  181,  175,  176,  192,  199,  206,  205,  204,  211,  213,  221,  227,  249,  264,  279,  293,  261,  254,  262,  267,  281,  292,  303,  318,  329,  343,  356,  349,  370,  368,  397,  422,  438,  452,  460,  438,  462,  476,  477,  485,  501,  529,  553,  587,  615,  623,..
,,,,,,,,,,,,,,,,,,,,,,,,,,,,,,,,,,,,,,,,,,,,,,,,,,
,,,,,,,,,,,,,,,,,,,,,,,,,,,,,,,,,,,,,,,,,,,,,,,,,,
Region/Country/Economy,1971,1972,1973,1974,1975,1976,1977,1978,1979,1980,1981,1982,1983,1984,1985,1986,1987,1988,1989,1990,1991,1992,1993,1994,1995,1996,1997,1998,1999,2000,2001,2002,2003,2004,2005,2006,2007,2008,2009,2010,2011,2012,2013,2014,2015,2016,2017,2018,2019,2020
Canada,  211.7,  224.4,  236.8,  244.8,  234.6,  238.9,  241.7,  246.0,  251.1,  248.3,  231.4,  206.8,  194.2,  193.1,  188.4,  189.2,  194.2,  205.2,  215.7,  197.8,  187.3,  190.8,  190.8,  195.6,  198.1,  203.2,  211.1,  216.0,  217.9,  219.0,  220.7,  234.2,  247.0,  250.8,  264.9,  259.6,  271.2,  262.3,  257.9,  266.5,  266.8,  269.9,  271.9,  267.6,  271.9,  269.9,  276.6,  283.2,  286.6,  259.8
Chile,  14.8,  15.3,  14.6,  14.4,  12.6,  13.1,  13.7,  14.5,  15.1,  15.3,  15.2,  14.0,  13.9,  13.7,  13.2,  13.8,  14.4,  16.0,  17.9,  19.0,  19.6,  21.3,  23.4,  24.9,  27.5,  29.9,  31.9,  32.1,  33.1,  30.7,  29.4,  30.2,  30.1,  32.2,  34.1,  34.2,  45.5,  47.6,  45.1,  42.9,  44.2,  44.2,  45.3,  44.2,  45.7,  48.0,  48.2,  49.1,  49.3,  45.7
Mexico,  70.1,  80.9,  89.0,  98.3,  104.9,  115.9,  123.2,  133.1,  139.7,  159.2,  171.7,  176.1,  166.3,  174.2,  181.4,  185.6,  194.6,  194.2,  208.7,  196.4,  211.2,  213.4,  215.7,  235.6,  216.4,  222.3,  235.8,  247.4,  241.7,  255.0,  251.2,  244.0,  242.2,  251.4,  259.5,  258.7,  267.2,  266.1,  256.9,  256.5,  263.4,  265.7,  262.3,  250.3,  247.9,  256.5,  249.6,  238.2,  242.1,  197.1
United States, 2 024.8, 2 188.9, 2 293.4, 2 190.2, 2 109.3, 2 269.9, 2 409.9, 2 411.9, 2 324.0, 2 118.7, 1 999.8, 1 929.0, 1 886.2, 1 930.6, 1 943.7, 2 004.0, 2 035.3, 2 116.3, 2 118.5, 1 995.0, 1 942.0, 1 978.3, 2 009.8, 2 052.2, 2 006.9, 2 067.2, 2 203.7, 2 297.3, 2 322.2, 2 334.7, 2 364.2, 2 250.3, 2 307.2, 2 361.0, 2 371.0, 2 314.2, 2 292.1, 2 157.4, 2 047.4, 2 109.6, 1 977.8, 1 916.9, 1 974.2, 1 962.2, 2 033.9, 2 043.0, 2 031.7, 2 078.6, 2 043.1, 1 815.3
OECD Americas, 2 339.6, 2 527.9, 2 653.0, 2 567.7, 2 480.1, 2 657.4, 2 808.7, 2 825.2, 2 749.8, 2 562.1, 2 438.5, 2 346.6, 2 282.2, 2 333.4, 2 349.1, 2 414.9, 2 462.0, 2 556.6, 2 586.6, 2 434.6, 2 387.6, 2 432.9, 2 469.5, 2 539.0, 2 481.5, 2 556.6, 2 718.1, 2 827.3, 2 845.5, 2 868.9, 2 894.7, 2 786.5, 2 854.2, 2 924.6, 2 957.9, 2 895.9, 2 905.9, 2 763.3, 2 635.3, 2 705.3, 2 585.9, 2 532.1, 2 590.3, 2 561.8, 2 637.9, 2 658.1, 2 643.9, 2 688.4, 2 661.4, 2 355.8
Australia,  65.3,  64.5,  70.4,  79.2,  79.4,  80.7,  85.3,  87.3,  87.9,  85.5,  82.5,  82.0,  77.1,  79.2,  78.8,  78.6,  80.1,  82.4,  85.7,  87.4,  85.6,  85.3,  86.8,  89.1,  92.4,  95.8,  96.6,  97.5,  99.1,  102.1,  101.1,  102.7,  107.8,  111.1,  111.5,  112.7,  114.3,  118.3,  116.5,  122.4,  128.6,  130.4,  136.1,  134.4,  134.6,  134.7,  137.5,  140.3,  141.1,  135.4
Israel,  13.8,  14.5,  15.8,  16.0,  16.6,  16.6,  17.5,  18.7,  19.2,  19.0,  19.8,  18.9,  17.8,  16.1,  17.2,  18.8,  20.6,  22.4,  23.0,  23.6,  23.4,  23.4,  25.2,  27.2,  28.8,  27.9,  28.0,  26.5,  28.3,  29.7,  27.7,  29.6,  30.4,  28.3,  26.5,  27.4,  27.3,  27.8,  26.6,  29.4,  28.1,  35.6,  23.5,  21.1,  22.3,  22.9,  24.4,  23.0,  23.5,  21.0
Japan,  545.4,  578.1,  677.9,  662.5,  630.5,  654.7,  685.2,  687.9,  690.0,  626.7,  587.5,  549.6,  555.1,  572.1,  534.4,  542.0,  546.4,  587.9,  608.0,  650.8,  653.1,  664.5,  649.9,  687.3,  683.4,  679.1,  660.9,  646.1,  657.3,  642.1,  621.3,  632.5,  621.0,  610.7,  611.0,  575.2,  577.0,  529.1,  487.1,  491.3,  524.1,  532.9,  512.1,  469.4,  447.9,  431.3,  417.9,  400.3,  384.4,  355.2
Korea,  31.0,  32.1,  40.0,  41.4,  45.9,  51.9,  61.4,  69.5,  77.7,  75.6,  74.9,  74.1,  76.9,  75.5,  72.4,  74.7,  76.8,  93.6,  108.9,  134.2,  156.0,  178.3,  194.2,  209.4,  228.9,  233.7,  238.5,  177.0,  198.0,  207.7,  204.7,  200.3,  196.6,  193.4,  187.7,  178.8,  179.2,  161.8,  161.8,  165.3,  157.3,  157.7,  158.5,  153.3,  164.8,  171.5,  165.6,  161.3,  162.0,  149.2
New Zealand,  9.5,  11.1,  11.8,  12.5,  11.7,  12.2,  11.7,  11.1,  10.8,  10.9,  10.3,  10.3,  10.0,  10.0,  9.8,  10.0,  10.5,  10.9,  11.5,  12.0,  11.9,  12.8,  12.8,  13.7,  14.4,  14.5,  14.9,  15.1,  15.4,  16.1,  16.2,  16.8,  17.6,  18.0,  18.2,  18.3,  18.5,  18.6,  17.8,  17.7,  17.8,  17.8,  18.1,  18.4,  18.9,  19.3,  20.2,  20.5,  20.7,  20.1
OECD Asia Oceania,  665.0,  700.3,  815.8,  811.6,  784.1,  816.2,  861.1,  874.5,  885.5,  817.7,  775.0,  734.8,  736.8,  753.0,  712.6,  724.1,  734.3,  797.1,  837.1,  908.1,  930.0,  964.5,  968.9, 1 026.7, 1 047.9, 1 051.0, 1 039.0,  962.1,  998.1,  997.7,  971.0,  981.9,  973.4,  961.5,  954.9,  912.4,  916.3,  855.5,  809.8,  826.1,  855.9,  874.5,  848.1,  796.7,  788.5,  779.7,  765.7,  745.5,  731.7,  680.9
Austria,  27.2,  29.5,  32.4,  28.4,  28.9,  31.4,  31.0,  32.6,  33.7,  32.4,  28.9,  28.0,  26.7,  25.1,  25.8,  26.9,  27.1,  26.3,  26.0,  27.6,  30.1,  28.9,  30.3,  29.7,  30.0,  32.7,  31.8,  33.8,  31.8,  31.2,  33.5,  34.8,  37.3,  37.6,  38.4,  36.9,  35.3,  34.4,  32.4,  33.3,  31.5,  30.4,  31.2,  30.2,  30.6,  31.0,  31.8,  31.6,  32.1,  28.8
Belgium,  63.0,  68.0,  71.1,  62.1,  60.1,  65.9,  65.4,  69.8,  70.4,  64.7,  56.5,  53.7,  47.1,  44.3,  45.4,  51.3,  49.6,  50.1,  47.8,  46.9,  51.3,  52.6,  51.4,  52.7,  51.9,  56.0,  55.9,  56.1,  54.0,  52.7,  54.6,  51.2,  54.5,  54.4,  53.4,  51.1,  48.5,  50.6,  49.8,  50.2,  46.1,  45.7,  46.4,  44.5,  47.4,  46.3,  44.9,  44.4,  42.9,  38.7
Czech Republic,  19.8,  21.5,  24.6,  25.4,  27.9,  28.6,  31.1,  30.8,  31.4,  30.4,  31.1,  28.5,  26.8,  27.7,  27.4,  26.9,  27.0,  25.1,  25.8,  22.3,  19.6,  21.0,  20.2,  19.3,  17.2,  17.8,  17.6,  18.8,  18.2,  17.8,  19.0,  18.9,  20.4,  21.3,  22.0,  21.7,  22.4,  22.2,  21.4,  20.4,  20.0,  19.6,  18.9,  19.8,  20.7,  20.6,  21.3,  21.4,  21.6,  19.3
Denmark,  49.8,  52.1,  48.6,  43.4,  44.7,  47.1,  47.0,  45.6,  46.1,  39.0,  33.7,  31.8,  29.7,  29.4,  30.6,  29.8,  27.8,  25.6,  24.2,  22.3,  23.3,  22.6,  23.0,  24.0,  24.7,  27.0,  25.7,  25.0,  24.7,  23.8,  23.9,  23.6,  22.7,  22.3,  22.1,  22.4,  22.3,  21.5,  20.5,  20.2,  19.2,  17.6,  17.1,  16.5,  17.1,  17.3,  17.2,  17.3,  16.9,  16.0
Estonia,..,..,..,..,..,..,..,..,..,..,..,..,..,..,..,..,..,..,..,  9.2,  8.2,  4.6,  4.7,  4.3,  3.4,  3.7,  3.5,  3.5,  3.3,  2.8,  3.2,  3.2,  3.2,  3.2,  3.2,  3.2,  3.3,  3.2,  2.9,  3.1,  3.1,  3.2,  3.1,  3.0,  3.2,  3.3,  3.3,  3.3,  3.2,  2.8
Finland,  31.5,  34.3,  37.9,  33.0,  33.4,  36.1,  35.3,  35.0,  35.2,  33.3,  31.5,  29.4,  27.2,  26.6,  26.4,  27.9,  28.6,  27.8,  27.1,  27.4,  26.7,  26.2,  24.9,  26.3,  25.7,  25.3,  24.8,  25.4,  25.3,  25.0,  26.0,  26.2,  26.6,  26.2,  25.6,  25.7,  26.2,  24.4,  23.6,  24.6,  23.4,  23.0,  22.3,  20.9,  20.7,  22.2,  21.2,  21.3,  20.3,  18.9
France,  268.3,  296.2,  328.7,  309.6,  287.2,  309.3,  293.0,  313.1,  308.2,  288.9,  253.5,  233.9,  227.2,  215.9,  209.4,  212.1,  211.9,  211.7,  217.4,  217.3,  229.4,  226.9,  224.4,  219.3,  222.2,  227.5,  224.8,  234.7,  232.0,  227.0,  235.2,  227.1,  227.4,  227.4,  223.5,  219.5,  211.0,  208.1,  203.4,  197.8,  198.6,  194.5,  191.5,  186.1,  187.5,  184.7,  184.0,  177.4,  175.5,  153.2
Germany,  385.9,  408.1,  436.4,  391.1,  391.4,  409.7,  407.4,  427.2,  433.4,  377.3,  339.2,  317.1,  309.2,  303.2,  313.7,  332.5,  322.9,  318.5,  293.4,  309.0,  333.4,  334.6,  341.4,  330.2,  329.2,  339.1,  331.5,  329.8,  317.8,  307.1,  313.4,  299.7,  297.7,  289.6,  281.1,  281.8,  244.6,  266.3,  254.0,  253.5,  243.3,  244.5,  252.3,  243.4,  246.5,  247.4,  248.3,  235.5,  241.3,  227.8
Greece,  18.6,  21.7,  25.6,  23.7,  23.5,  26.0,  26.9,  30.4,  31.5,  32.3,  30.1,  30.1,  29.4,  29.9,  30.0,  29.3,  32.1,  33.4,  36.1,  36.7,  38.1,  38.0,  37.9,  38.1,  39.6,  42.9,  43.9,  45.5,  45.0,  46.2,  47.4,  48.8,  51.5,  50.0,  51.9,  53.3,  53.8,  51.1,  48.8,  43.5,  41.0,  36.3,  33.1,  33.6,  35.5,  35.4,  34.8,  33.7,  33.7,  29.2
Hungary,  18.7,  20.8,  23.0,  25.4,  27.1,  27.2,  29.7,  32.9,  31.1,  29.4,  28.4,  26.6,  24.6,  25.7,  26.4,  24.5,  25.3,  22.6,  22.4,  22.3,  21.0,  21.2,  20.9,  20.5,  19.0,  17.8,  18.0,  18.6,  18.5,  16.7,  16.5,  15.6,  15.5,  15.1,  15.5,  16.7,  16.6,  16.3,  16.3,  15.0,  15.1,  14.2,  14.0,  15.3,  16.4,  16.6,  17.5,  18.6,  19.3,  17.6
Iceland,  1.4,  1.5,  1.7,  1.7,  1.6,  1.6,  1.7,  1.8,  1.8,  1.7,  1.6,  1.5,  1.4,  1.5,  1.4,  1.4,  1.5,  1.6,  1.6,  1.6,  1.6,  1.7,  1.8,  1.8,  1.8,  2.0,  1.9,  1.8,  1.8,  1.8,  1.7,  1.8,  1.8,  1.9,  1.8,  1.9,  1.9,  1.8,  1.7,  1.6,  1.5,  1.5,  1.6,  1.7,  1.7,  1.7,  1.7,  1.7,  1.7,  1.5
Ireland,  12.8,  13.2,  14.0,  14.8,  14.0,  14.4,  15.6,  16.5,  17.7,  16.3,  14.6,  12.4,  11.5,  11.5,  11.4,  13.9,  12.3,  10.5,  10.9,  12.2,  13.3,  13.9,  13.9,  15.6,  15.9,  16.4,  18.1,  20.5,  23.1,  23.4,  24.8,  23.8,  23.2,  24.4,  25.6,  26.4,  25.0,  24.4,  21.3,  20.3,  18.4,  17.5,  17.4,  17.2,  17.8,  18.6,  18.2,  18.8,  18.7,  17.3
Italy,  234.8,  250.1,  268.5,  263.0,  247.0,  259.5,  248.9,  261.2,  270.1,  267.2,  254.0,  244.8,  243.4,  231.7,  227.8,  230.3,  240.7,  242.0,  253.0,  247.8,  245.0,  252.7,  251.1,  246.8,  256.4,  253.6,  253.3,  254.1,  250.4,  245.8,  239.6,  245.7,  244.3,  240.3,  230.5,  228.1,  218.9,  208.0,  187.7,  180.2,  174.5,  160.6,  148.9,  148.0,  151.0,  145.8,  139.3,  142.4,  139.7,  122.9
Latvia,..,..,..,..,..,..,..,..,..,..,..,..,..,..,..,..,..,..,..,  10.5,  9.3,  7.8,  7.2,  6.8,  5.6,  6.0,  5.2,  5.1,  4.7,  3.9,  3.9,  3.9,  4.1,  4.2,  4.1,  4.5,  4.8,  4.5,  4.1,  4.2,  3.8,  3.7,  3.7,  3.8,  4.0,  4.0,  4.2,  4.2,  4.2,  4.0
Lithuania,..,..,..,..,..,..,..,..,..,..,..,..,..,..,..,..,..,..,..,  19.9,  21.4,  12.2,  11.0,  10.1,  9.1,  9.5,  9.5,  10.9,  8.5,  6.5,  7.1,  6.9,  6.3,  6.8,  7.2,  7.2,  7.5,  7.9,  7.0,  6.9,  6.5,  6.8,  6.5,  6.8,  7.2,  7.6,  7.8,  8.1,  8.2,  7.7
Luxembourg,  4.2,  4.4,  4.9,  4.3,  3.9,  4.2,  4.1,  4.1,  3.8,  3.1,  2.9,  2.9,  2.8,  2.8,  3.0,  3.2,  3.7,  3.8,  4.2,  4.5,  5.4,  5.5,  5.5,  5.4,  4.9,  5.0,  5.2,  5.3,  5.6,  6.1,  6.4,  6.5,  7.1,  8.1,  8.4,  8.0,  7.7,  7.7,  7.2,  7.6,  7.8,  7.6,  7.5,  7.1,  6.8,  6.6,  6.8,  7.1,  7.3,  5.8
Netherlands,  65.8,  67.5,  65.2,  53.4,  51.1,  58.5,  54.9,  58.1,  67.5,  64.7,  63.1,  54.2,  44.9,  43.4,  42.7,  44.9,  45.1,  45.2,  46.7,  48.7,  49.2,  50.1,  51.3,  51.4,  52.6,  54.1,  53.2,  53.5,  54.0,  53.4,  54.0,  54.7,  55.9,  56.1,  56.1,  56.2,  56.7,  55.3,  51.7,  52.6,  52.3,  51.4,  49.7,  48.6,  49.2,  50.1,  49.8,  50.0,  49.9,  48.4
Norway,  19.4,  19.7,  19.7,  18.6,  19.4,  21.0,  22.4,  22.2,  23.2,  21.5,  19.8,  18.5,  17.8,  18.3,  19.3,  20.8,  20.3,  19.7,  19.4,  19.4,  18.3,  18.1,  18.7,  19.3,  19.5,  21.6,  21.2,  21.7,  22.2,  20.5,  21.2,  21.2,  23.1,  22.7,  22.3,  23.3,  23.3,  22.3,  22.5,  23.4,  22.5,  21.8,  22.4,  21.6,  21.7,  21.0,  19.8,  20.4,  18.8,  21.8
Poland,  21.9,  25.2,  28.0,  29.8,  33.5,  36.4,  39.5,  41.9,  42.9,  42.4,  38.8,  36.4,  37.5,  38.3,  38.6,  39.3,  39.8,  40.4,  40.2,  34.1,  34.2,  35.3,  37.2,  39.0,  40.2,  45.5,  49.3,  50.8,  53.0,  50.6,  50.4,  49.5,  52.8,  56.1,  57.6,  59.2,  62.3,  63.5,  63.6,  66.4,  65.8,  62.7,  57.8,  57.4,  61.3,  68.5,  77.4,  79.6,  81.1,  77.8
Portugal,  12.0,  13.0,  14.3,  15.0,  16.5,  17.9,  17.3,  18.3,  20.4,  22.3,  23.7,  24.4,  24.8,  23.9,  21.2,  22.0,  20.9,  21.0,  27.8,  27.4,  28.5,  32.4,  30.5,  30.6,  33.5,  32.1,  34.0,  38.5,  39.5,  38.4,  40.1,  41.7,  37.9,  37.4,  39.2,  34.7,  34.2,  33.1,  31.9,  30.2,  27.1,  24.7,  24.7,  24.1,  24.7,  24.9,  25.1,  24.8,  25.0,  22.9
Slovak Republic,  12.1,  12.3,  13.7,  14.2,  14.6,  15.4,  15.8,  16.6,  17.2,  18.1,  17.5,  15.0,  14.5,  13.9,  13.9,  13.4,  13.2,  12.8,  12.5,  11.7,  10.0,  9.0,  7.2,  7.3,  6.7,  6.6,  7.1,  7.2,  6.4,  5.5,  7.3,  8.4,  7.7,  7.7,  8.5,  8.3,  8.7,  9.0,  8.4,  9.2,  9.1,  8.9,  8.8,  8.2,  8.8,  9.5,  10.6,  10.4,  10.2,  9.4
Slovenia,..,..,..,..,..,..,..,..,..,..,..,..,..,..,..,-,-,-,-,  5.2,  5.0,  4.9,  5.9,  6.3,  6.9,  8.0,  8.0,  7.3,  7.3,  6.9,  7.2,  7.0,  7.1,  7.2,  7.4,  7.6,  7.5,  8.7,  7.5,  7.6,  7.6,  7.4,  6.9,  6.8,  6.7,  7.0,  7.1,  7.1,  6.8,  5.5
Spain,  81.1,  85.5,  101.5,  114.1,  116.3,  134.0,  122.5,  125.8,  132.0,  135.4,  128.2,  114.7,  113.5,  103.6,  99.0,  100.2,  102.3,  114.4,  115.2,  118.9,  125.6,  131.5,  126.0,  134.4,  139.2,  139.3,  142.4,  151.0,  158.7,  162.5,  168.9,  171.2,  177.0,  183.2,  186.9,  184.1,  185.9,  176.0,  163.7,  159.6,  148.4,  137.0,  132.4,  131.5,  138.3,  141.7,  143.1,  144.3,  142.3,  119.5
Sweden,  77.2,  78.3,  77.9,  70.5,  72.8,  80.6,  78.7,  73.0,  74.9,  68.0,  61.7,  55.2,  47.8,  45.2,  47.5,  47.9,  45.9,  43.6,  41.3,  40.1,  40.7,  44.0,  43.6,  45.9,  45.5,  49.3,  45.0,  46.0,  45.2,  41.4,  40.1,  40.0,  40.3,  38.3,  35.8,  35.0,  33.8,  32.9,  31.7,  33.2,  30.7,  29.5,  27.8,  27.3,  27.0,  26.4,  25.8,  23.3,  23.0,  22.1
Switzerland,  37.4,  38.1,  41.6,  37.0,  35.2,  37.0,  37.1,  38.2,  36.5,  36.4,  33.3,  31.4,  34.8,  33.3,  36.4,  36.5,  34.8,  34.8,  34.1,  33.8,  35.9,  36.2,  33.9,  33.1,  33.5,  33.9,  33.3,  34.6,  34.6,  33.2,  34.3,  32.9,  33.8,  33.9,  34.0,  33.6,  31.8,  32.8,  32.1,  32.7,  29.4,  30.2,  30.9,  27.7,  26.9,  27.0,  26.0,  25.2,  24.8,  23.6
Turkey,  25.7,  29.5,  34.1,  35.2,  39.0,  43.7,  49.6,  49.3,  42.7,  44.4,  43.5,  46.8,  49.4,  49.0,  49.4,  51.8,  58.0,  56.4,  58.6,  62.1,  59.8,  63.6,  72.7,  70.2,  78.3,  81.9,  79.0,  75.6,  77.1,  81.7,  76.0,  80.1,  78.9,  77.5,  75.9,  75.3,  77.0,  77.3,  74.8,  70.0,  71.4,  74.2,  78.5,  82.3,  93.3,  101.1,  120.7,  116.6,  114.6,  115.5
United Kingdom,  249.5,  269.7,  272.3,  256.7,  231.4,  227.6,  232.9,  238.8,  239.8,  209.0,  191.0,  194.9,  184.2,  236.7,  198.6,  195.5,  188.9,  199.2,  202.1,  201.6,  202.6,  201.9,  200.9,  197.8,  192.5,  197.9,  190.9,  186.1,  187.4,  182.4,  183.5,  180.5,  180.7,  182.6,  184.5,  183.2,  181.3,  176.5,  167.3,  166.9,  159.4,  160.0,  155.5,  155.6,  160.1,  163.5,  164.0,  161.4,  158.8,  131.8
OECD Europe, 1 738.0, 1 860.3, 1 985.7, 1 870.3, 1 820.5, 1 933.1, 1 908.0, 1 983.1, 2 011.3, 1 878.1, 1 726.6, 1 632.2, 1 576.4, 1 580.7, 1 545.3, 1 582.5, 1 579.7, 1 586.5, 1 587.6, 1 640.7, 1 687.1, 1 697.5, 1 697.5, 1 686.3, 1 704.9, 1 752.4, 1 734.0, 1 761.3, 1 750.2, 1 714.2, 1 739.5, 1 724.8, 1 738.7, 1 735.6, 1 722.6, 1 709.0, 1 652.3, 1 639.9, 1 557.3, 1 534.0, 1 477.4, 1 434.4, 1 411.0, 1 388.9, 1 432.0, 1 449.6, 1 471.5, 1 450.1, 1 442.0, 1 310.0
Albania,  2.4,  2.9,  2.1,  2.2,  2.2,  2.4,  2.6,  2.7,  3.2,  3.6,  2.4,  2.4,  2.7,  3.0,  2.5,  2.5,  2.7,  2.5,  2.5,  2.8,  2.1,  1.6,  1.6,  1.8,  1.7,  1.7,  1.4,  1.7,  2.8,  3.0,  3.2,  3.7,  3.8,  4.0,  3.8,  3.8,  3.8,  3.7,  3.4,  3.5,  3.6,  3.2,  3.4,  3.8,  3.4,  3.5,  3.9,  3.4,  3.5,  2.7
Armenia,..,..,..,..,..,..,..,..,..,..,..,..,..,..,..,..,..,..,..,  10.6,  12.0,  7.0,  3.4,  1.0,  0.7,  0.4,  0.4,  0.4,  0.6,  0.8,  0.8,  0.8,  1.0,  0.9,  1.0,  0.9,  1.0,  1.1,  1.0,  1.0,  1.0,  0.9,  0.9,  0.9,  0.8,  0.9,  0.9,  0.9,  1.1,  1.6
Azerbaijan,..,..,..,..,..,..,..,..,..,..,..,..,..,..,..,..,..,..,..,  21.1,  19.9,  22.8,  21.5,  18.0,  17.0,  16.3,  15.8,  16.6,  15.3,  17.0,  10.1,  9.5,  11.4,  10.3,  12.0,  10.6,  10.0,  9.2,  7.7,  7.5,  8.9,  9.6,  10.1,  10.1,  10.4,  10.8,  11.0,  10.8,  10.9,  10.0
Belarus,..,..,..,..,..,..,..,..,..,..,..,..,..,..,..,..,..,..,..,  66.2,  63.9,  47.3,  38.5,  31.7,  28.0,  26.9,  23.8,  22.9,  20.4,  17.5,  16.5,  16.1,  15.5,  15.9,  15.9,  17.9,  16.1,  18.0,  22.0,  18.0,  17.1,  18.3,  17.8,  17.3,  16.0,  16.3,  16.4,  17.2,  17.0,  18.9
Bosnia and Herzegovina,..,..,..,..,..,..,..,..,..,..,..,..,..,..,..,..,..,..,..,  5.4,  4.9,  1.6,  1.4,  1.5,  1.5,  1.6,  1.6,  2.0,  2.0,  3.3,  3.4,  3.2,  3.1,  3.4,  3.3,  3.4,  3.7,  4.2,  4.6,  4.5,  4.6,  4.2,  4.2,  4.3,  4.4,  5.0,  5.0,  4.9,  4.8,  4.1
Bulgaria,  29.5,  30.8,  32.2,  33.6,  35.4,  36.4,  37.6,  38.7,  40.0,  39.1,  34.1,  32.9,  31.4,  28.8,  28.3,  29.7,  28.4,  30.2,  29.3,  26.1,  17.2,  15.0,  15.1,  14.5,  13.5,  13.7,  11.1,  11.9,  11.6,  10.2,  10.5,  10.8,  11.5,  11.5,  12.1,  12.5,  12.1,  11.5,  11.4,  11.0,  10.2,  10.6,  9.6,  10.5,  11.5,  11.9,  12.2,  12.4,  12.8,  11.6
Croatia,..,..,..,..,..,..,..,..,..,..,..,..,..,..,..,..,..,..,..,  12.9,  9.6,  9.1,  9.5,  9.5,  10.8,  10.2,  11.4,  12.9,  12.7,  11.2,  11.5,  12.0,  13.3,  12.2,  12.8,  13.0,  13.4,  12.5,  12.4,  10.6,  10.5,  9.7,  9.1,  9.0,  9.4,  9.4,  10.0,  9.5,  9.2,  8.3
Cyprus,  1.8,  2.2,  2.3,  1.8,  1.7,  2.0,  2.1,  2.3,  2.5,  2.6,  2.6,  2.6,  2.6,  2.6,  2.6,  2.9,  3.3,  3.5,  3.6,  3.7,  4.3,  4.8,  5.0,  5.2,  5.1,  5.4,  5.5,  5.9,  6.1,  6.3,  6.2,  6.3,  7.0,  6.9,  7.0,  7.1,  7.4,  7.6,  7.6,  7.3,  7.1,  6.7,  5.7,  5.8,  6.0,  6.3,  6.4,  6.3,  6.3,  5.8
Georgia,..,..,..,..,..,..,..,..,..,..,..,..,..,..,..,..,..,..,..,  19.4,  14.3,  9.5,  8.0,  6.2,  5.9,  4.5,  3.9,  3.3,  2.7,  2.4,  1.7,  1.7,  1.7,  1.7,  2.1,  2.1,  2.6,  2.3,  2.6,  2.9,  2.9,  2.8,  2.8,  2.9,  3.4,  4.1,  3.6,  3.5,  3.7,  3.6
Gibraltar,  0.1,  0.1,  0.1,  0.1,  0.1,  0.1,  0.1,  0.1,  0.1,  0.1,  0.1,  0.1,  0.1,  0.1,  0.1,  0.1,  0.1,  0.1,  0.1,  0.1,  0.2,  0.2,  0.2,  0.3,  0.3,  0.3,  0.3,  0.3,  0.3,  0.3,  0.4,  0.4,  0.4,  0.4,  0.4,  0.4,  0.4,  0.4,  0.5,  0.5,  0.5,  0.5,  0.5,  0.5,  0.6,  0.6,  0.7,  0.7,  0.7,..
Kazakhstan,..,..,..,..,..,..,..,..,..,..,..,..,..,..,..,..,..,..,..,  54.3,  64.8,  57.9,  45.7,  37.2,  33.1,  28.4,  25.1,  27.4,  20.9,  22.4,  21.3,  22.8,  24.2,  24.1,  26.0,  31.3,  32.4,  37.5,  28.4,  30.2,  36.4,  33.1,  47.2,  33.9,  44.2,  48.4,  46.1,  43.9,  38.1,..
Kosovo,..,..,..,..,..,..,..,..,..,..,..,..,..,..,..,..,..,..,..,..,..,..,..,..,..,..,..,..,..,  1.0,  1.3,  1.3,  1.4,  1.4,  1.4,  1.5,  1.6,  1.7,  1.7,  1.7,  1.8,  1.7,  1.7,  1.7,  2.0,  2.0,  2.2,  2.2,  2.3,  2.2
Kyrgyzstan,..,..,..,..,..,..,..,..,..,..,..,..,..,..,..,..,..,..,..,  9.1,  7.6,  5.7,  3.5,  1.2,  1.4,  1.5,  1.7,  1.7,  1.4,  1.2,  1.1,  0.9,  1.4,  1.4,  1.5,  1.5,  2.3,  2.5,  3.2,  2.8,  3.7,  4.8,  4.9,  4.5,  4.9,  5.2,  4.8,  5.7,  4.6,..
Malta,  0.7,  0.8,  0.8,  0.7,  0.7,  0.7,  0.8,  0.9,  0.9,  1.0,  1.1,  1.2,  0.9,  1.1,  0.7,  1.6,  1.5,  1.6,  1.6,  1.6,  1.6,  1.7,  2.1,  2.0,  2.3,  2.3,  2.5,  2.4,  2.4,  2.1,  2.5,  2.3,  2.6,  2.6,  2.6,  2.7,  2.7,  2.7,  2.5,  2.6,  2.6,  2.7,  2.4,  2.4,  1.7,  1.4,  1.0,  0.9,  1.0,  0.9
Republic of Moldova,..,..,..,..,..,..,..,..,..,..,..,..,..,..,..,..,..,..,..,  15.1,  9.9,  9.0,  6.4,  3.4,  3.1,  2.9,  2.6,  2.2,  1.4,  1.3,  1.4,  1.6,  1.8,  1.9,  1.9,  1.9,  2.0,  2.1,  2.0,  2.2,  2.3,  2.1,  2.2,  2.2,  2.3,  2.5,  2.6,  2.7,  2.8,  2.8
Montenegro,..,..,..,..,..,..,..,..,..,..,..,..,..,..,..,..,..,..,..,..,..,..,..,..,..,..,..,..,..,..,..,..,..,..,  0.8,  0.8,  1.1,  1.1,  0.9,  0.8,  0.8,  0.7,  0.7,  0.7,  0.8,  0.9,  1.0,  1.0,  1.1,..
Republic of North Macedonia,..,..,..,..,..,..,..,..,..,..,..,..,..,..,..,..,..,..,..,  3.0,  2.8,  2.8,  3.1,  2.5,  2.3,  3.7,  3.0,  2.6,  2.7,  2.8,  2.3,  2.5,  2.5,  2.5,  2.6,  2.7,  3.0,  2.6,  2.8,  2.7,  2.7,  2.7,  2.7,  2.7,  2.8,  2.9,  2.9,  2.9,  3.1,  2.9
Romania,  30.1,  32.0,  36.6,  33.1,  38.6,  43.3,  46.8,  52.6,  56.4,  51.0,  45.6,  44.6,  39.2,  37.3,  40.5,  43.3,  48.8,  45.7,  44.5,  50.2,  42.3,  34.4,  32.6,  32.0,  32.3,  37.5,  39.1,  33.6,  26.9,  27.0,  31.4,  29.4,  28.1,  28.0,  27.6,  26.3,  26.7,  26.5,  24.3,  22.7,  23.6,  24.9,  23.3,  23.8,  24.1,  25.1,  26.9,  27.7,  28.6,  28.9
Russian Federation,..,..,..,..,..,..,..,..,..,..,..,..,..,..,..,..,..,..,..,  627.1,  623.3,  550.4,  487.9,  377.0,  345.7,  325.1,  314.5,  320.1,  315.6,  322.6,  320.0,  309.6,  308.5,  306.0,  298.8,  310.2,  314.8,  325.6,  302.2,  302.9,  334.5,  333.5,  320.8,  341.8,  333.8,  314.3,  327.4,  308.3,  318.6,  289.2
Serbia,..,..,..,..,..,..,..,..,..,..,..,..,..,..,..,..,..,..,..,  13.9,  10.2,  6.4,  5.5,  5.1,  4.9,  9.6,  12.8,  9.6,  5.6,  4.1,  7.1,  8.7,  9.6,  11.2,  11.7,  12.7,  12.2,  10.1,  10.4,  10.0,  9.7,  9.3,  8.7,  8.7,  8.9,  9.3,  9.3,  9.4,  9.7,  9.2
Tajikistan,..,..,..,..,..,..,..,..,..,..,..,..,..,..,..,..,..,..,..,  5.3,  5.3,  3.0,  1.8,  1.3,  1.2,  1.0,  1.0,  1.2,  1.0,  0.7,  0.9,  1.0,  0.9,  1.1,  0.9,  1.1,  1.5,  1.6,  1.5,  1.6,  1.7,  1.8,  2.0,  2.5,  2.4,  2.4,  2.4,  2.9,  2.9,..
Turkmenistan,..,..,..,..,..,..,..,..,..,..,..,..,..,..,..,..,..,..,..,  14.9,  10.9,  13.8,  7.7,  7.7,  7.0,  8.1,  8.1,  10.0,  10.6,  11.2,  11.2,  12.6,  14.1,  15.1,  14.8,  14.5,  15.1,  15.5,  14.8,  16.4,  17.2,  18.1,  18.3,  19.1,  19.2,  19.1,  19.1,  19.3,  19.3,..
Ukraine,..,..,..,..,..,..,..,..,..,..,..,..,..,..,..,..,..,..,..,  187.3,  184.3,  115.8,  86.1,  69.7,  73.4,  43.9,  51.0,  47.1,  34.1,  32.6,  34.2,  35.2,  35.2,  36.7,  36.6,  38.4,  40.8,  40.6,  39.5,  38.0,  38.0,  37.4,  36.5,  31.3,  28.7,  31.3,  29.4,  28.9,  30.3,  29.9
Uzbekistan,..,..,..,..,..,..,..,..,..,..,..,..,..,..,..,..,..,..,..,  28.2,  26.4,  22.0,  20.5,  17.5,  18.7,  18.5,  19.5,  19.2,  18.5,  18.7,  18.5,  18.3,  16.0,  15.3,  14.7,  15.0,  13.8,  12.9,  12.0,  12.0,  11.4,  9.6,  8.7,  9.2,  9.1,  9.7,  9.7,  10.9,  11.3,..
Former Soviet Union (if no detail),  645.2,  696.6,  769.0,  835.3,  950.2,  988.4, 1 021.4, 1 056.8, 1 092.3, 1 133.9, 1 158.2, 1 159.1, 1 154.2, 1 139.7, 1 117.1, 1 108.0, 1 099.3, 1 068.2, 1 028.0,..,..,..,..,..,..,..,..,..,..,..,..,..,..,..,..,..,..,..,..,..,..,..,..,..,..,..,..,..,..,..
Former Yugoslavia (if no detail),  24.1,  24.5,  27.0,  30.8,  30.3,  32.4,  35.1,  38.7,  40.7,  36.0,  35.0,  35.2,  35.8,  34.2,  34.9,  39.3,  38.5,  43.1,  40.4,..,..,..,..,..,..,..,..,..,..,..,..,..,..,..,..,..,..,..,..,..,..,..,..,..,..,..,..,..,..,..
Non-OECD Europe and Eurasia,  733.9,  789.8,  870.1,  937.5, 1 059.0, 1 105.5, 1 146.5, 1 192.7, 1 236.0, 1 267.2, 1 279.1, 1 278.1, 1 266.8, 1 246.8, 1 226.7, 1 227.4, 1 222.5, 1 194.8, 1 150.0, 1 178.4, 1 137.9,  941.8,  807.2,  646.3,  610.1,  563.7,  556.1,  555.0,  515.9,  519.7,  517.5,  511.0,  514.7,  514.6,  512.6,  532.5,  540.3,  553.6,  519.3,  513.5,  552.6,  549.1,  544.2,  549.8,  551.0,  543.2,  554.8,  536.1,  543.7,..
Algeria,  5.9,  6.3,  7.2,  7.7,  8.7,  10.2,  11.3,  11.9,  13.7,  14.3,  15.5,  16.4,  17.2,  18.3,  19.6,  19.8,  20.0,  19.9,  20.5,  24.1,  25.6,  25.5,  25.7,  23.7,  23.1,  22.9,  23.0,  23.1,  24.7,  25.3,  26.1,  29.5,  29.2,  30.9,  31.9,  33.0,  35.8,  38.6,  42.7,  44.3,  47.2,  50.8,  53.1,  55.2,  58.7,  56.8,  55.6,  56.9,  58.6,..
Angola,  1.6,  2.3,  2.1,  2.1,  1.9,  1.9,  1.4,  2.5,  2.4,  2.5,  2.4,  2.0,  2.1,  2.0,  2.6,  2.5,  2.6,  2.9,  3.0,  2.9,  2.9,  2.8,  3.2,  3.1,  2.9,  3.1,  3.3,  2.6,  3.7,  3.6,  4.1,  4.4,  5.9,  6.4,  5.0,  7.0,  8.2,  10.6,  12.7,  13.0,  13.9,  15.2,  18.7,  20.5,  20.3,  18.0,  15.3,  15.2,  16.5,..
Benin,  0.3,  0.4,  0.4,  0.4,  0.5,  0.3,  0.3,  0.4,  0.4,  0.4,  0.3,  0.4,  0.4,  0.4,  0.5,  0.4,  0.4,  0.4,  0.3,  0.3,  0.2,  0.2,  0.2,  0.2,  0.2,  0.9,  1.2,  1.2,  1.4,  1.5,  1.8,  2.1,  2.3,  2.5,  2.7,  3.3,  3.9,  3.9,  4.3,  4.7,  4.5,  4.3,  4.5,  4.9,  5.3,  6.5,  6.6,  7.4,  6.9,  7.2
Botswana,  0.1,  0.1,  0.1,  0.3,  0.3,  0.2,  0.2,  0.3,  0.3,  0.4,  0.5,  0.5,  0.5,  0.5,  0.5,  0.6,  0.6,  0.8,  0.9,  1.0,  1.0,  1.3,  1.3,  1.1,  1.2,  1.2,  1.3,  1.4,  1.6,  1.8,  1.9,  2.0,  2.1,  2.0,  2.0,  2.2,  2.4,  2.7,  2.5,  2.6,  2.8,  2.9,  3.1,  3.2,  3.1,  2.9,  3.0,  3.0,  3.1,..
Cameroon,  0.7,  0.8,  0.8,  0.8,  1.0,  0.9,  1.4,  1.5,  1.6,  1.7,  1.8,  1.9,  2.1,  2.2,  2.4,  2.3,  2.3,  2.5,  2.8,  2.7,  2.5,  2.3,  2.5,  2.6,  2.5,  2.5,  2.6,  2.7,  2.4,  2.8,  2.8,  2.9,  3.0,  3.1,  3.0,  3.2,  3.6,  3.7,  4.4,  4.6,  4.7,  4.7,  5.1,  5.4,  5.1,  5.2,  5.2,  5.2,  5.2,..
Congo,  0.6,  0.6,  0.6,  0.6,  0.6,  0.8,  0.6,  0.7,  0.7,  0.7,  0.7,  0.8,  0.8,  0.7,  0.8,  0.7,  0.7,  0.7,  0.7,  0.7,  0.7,  0.6,  0.6,  0.4,  0.5,  0.4,  0.3,  0.3,  0.4,  0.5,  0.6,  0.5,  0.7,  0.8,  0.8,  1.0,  1.1,  1.3,  1.5,  1.7,  1.8,  1.9,  2.2,  2.3,  2.2,  1.9,  1.7,  1.7,  1.8,..
Côte d'Ivoire,  2.4,  2.7,  2.7,  2.8,  3.1,  3.5,  3.5,  4.0,  3.7,  3.4,  3.0,  3.0,  3.8,  3.4,  3.1,  3.1,  3.1,  3.1,  3.0,  2.7,  2.8,  2.8,  3.0,  3.1,  3.2,  3.0,  3.4,  3.1,  3.8,  3.4,  3.3,  3.4,  2.5,  2.8,  2.9,  2.8,  2.6,  3.3,  3.1,  3.1,  2.9,  4.6,  4.8,  5.2,  5.7,  5.9,  6.1,  6.4,  6.8,..
Dem. Rep. of Congo,  1.6,  1.6,  1.8,  1.9,  1.8,  1.8,  1.9,  2.0,  2.5,  2.3,  2.5,  1.8,  2.8,  2.7,  2.4,  2.2,  2.5,  2.6,  2.4,  2.1,  1.7,  1.4,  1.4,  1.2,  1.2,  1.2,  1.2,  1.3,  1.3,  0.9,  0.7,  0.8,  1.0,  1.0,  1.3,  1.4,  1.5,  1.7,  1.7,  1.9,  2.3,  2.3,  3.5,  4.8,  2.8,  2.0,  2.2,  2.2,  2.3,..
Egypt,  18.6,  21.3,  19.6,  21.6,  23.4,  27.7,  29.3,  29.8,  32.7,  36.1,  41.3,  45.0,  50.4,  54.6,  55.4,  55.1,  59.3,  59.4,  60.2,  62.2,  59.5,  61.1,  59.4,  53.7,  58.3,  61.8,  67.8,  72.3,  70.7,  67.5,  66.3,  68.0,  66.0,  78.4,  79.3,  83.2,  88.1,  94.4,  100.7,  102.0,  101.0,  106.8,  110.4,  118.2,  121.5,  117.3,  106.8,  104.3,  107.1,..
Equatorial Guinea,..,..,..,..,..,..,..,..,..,..,  0.1,  0.1,  0.0,  0.0,  0.0,  0.0,  0.1,  0.1,  0.1,  0.1,  0.1,  0.1,  0.1,  0.1,  0.1,  0.1,  0.2,  0.1,  0.2,  0.6,  0.4,  0.9,  1.1,  1.3,  1.4,  1.6,  1.8,  1.7,  1.8,  1.9,  1.9,  1.8,  2.4,  2.2,  2.0,  1.6,  1.3,  1.2,  1.2,..
Eritrea,..,..,..,..,..,..,..,..,..,..,..,..,..,..,..,..,..,..,..,..,..,  0.4,  0.6,  0.7,  0.8,  0.9,  0.8,  0.6,  0.6,  0.6,  0.7,  0.7,  0.7,  0.7,  0.6,  0.5,  0.5,  0.4,  0.5,  0.5,  0.5,  0.5,  0.6,  0.6,  0.6,  0.6,  0.6,  0.7,  0.8,..
Ethiopia,  1.3,  1.2,  1.3,  1.3,  1.2,  1.2,  1.2,  1.3,  1.3,  1.4,  1.5,  1.4,  1.5,  1.4,  1.4,  1.7,  1.9,  2.0,  2.1,  2.2,  2.2,  1.4,  1.8,  2.1,  2.4,  2.6,  2.8,  3.0,  3.0,  3.2,  4.1,  4.3,  4.6,  4.9,  4.5,  4.8,  5.4,  5.8,  5.8,  5.8,  6.4,  6.7,  7.7,  9.4,  9.1,  10.6,  11.1,  12.8,  13.8,..
Gabon,  0.5,  0.5,  0.6,  0.6,  0.8,  1.2,  1.3,  1.8,  1.3,  1.3,  1.6,  1.7,  1.8,  1.4,  1.6,  1.4,  1.2,  1.3,  1.0,  0.7,  0.9,  0.9,  1.0,  1.0,  1.1,  1.2,  1.3,  1.4,  1.3,  1.2,  1.2,  1.1,  1.1,  1.2,  1.5,  1.5,  1.6,  1.7,  1.6,  2.0,  2.3,  2.4,  2.7,  2.6,  2.6,  2.7,  1.5,  1.5,  1.5,..
Ghana,  2.0,  2.0,  2.1,  2.2,  2.3,  2.4,  2.6,  2.6,  2.3,  2.2,  2.7,  2.3,  1.5,  1.8,  2.1,  2.2,  2.3,  2.4,  2.7,  2.6,  2.3,  2.7,  2.8,  3.0,  3.2,  3.6,  3.7,  5.5,  5.9,  5.0,  5.5,  6.8,  6.5,  6.0,  6.4,  7.8,  8.5,  8.0,  9.4,  9.7,  9.3,  12.2,  13.3,  12.0,  11.8,  13.3,  12.9,  14.1,  14.3,  13.8
Kenya,  3.1,  3.4,  3.5,  3.5,  3.4,  3.9,  4.1,  4.1,  4.1,  4.4,  4.1,  4.0,  3.7,  4.3,  4.4,  5.1,  5.3,  5.2,  5.5,  5.2,  5.0,  5.0,  5.0,  5.0,  5.4,  6.0,  5.8,  6.4,  6.7,  7.6,  6.9,  6.5,  5.6,  6.4,  7.2,  8.1,  8.0,  8.5,  10.2,  10.7,  10.5,  9.7,  11.1,  11.2,  13.0,  14.8,  15.0,  14.5,  14.4,..
Libya,  1.6,  3.2,  3.9,  4.8,  6.2,  7.4,  8.5,  9.7,  10.8,  12.5,  14.8,  16.2,  16.3,  16.6,  15.2,  15.1,  16.8,  17.9,  17.8,  17.9,  18.1,  18.3,  19.8,  24.1,  26.3,  27.4,  26.9,  27.7,  29.5,  30.2,  30.8,  32.4,  33.8,  32.9,  35.1,  33.2,  30.0,  32.9,  37.2,  38.5,  25.7,  34.0,  36.2,  37.4,  31.3,  28.3,  28.7,  29.4,  28.7,..
Mauritius,  0.3,  0.3,  0.3,  0.4,  0.4,  0.5,  0.6,  0.6,  0.6,  0.6,  0.6,  0.5,  0.6,  0.6,  0.5,  0.6,  0.7,  0.8,  0.9,  1.0,  1.1,  1.2,  1.3,  1.4,  1.4,  1.5,  1.5,  1.6,  1.9,  1.8,  1.9,  1.9,  2.0,  2.1,  2.1,  2.1,  2.0,  1.9,  2.0,  2.1,  2.1,  2.1,  2.1,  2.2,  2.2,  2.3,  2.3,  2.4,  2.6,  2.1
Morocco,  5.3,  5.7,  6.8,  7.6,  7.9,  8.6,  9.7,  10.5,  11.9,  12.1,  12.0,  12.8,  12.9,  13.3,  13.5,  13.2,  13.1,  14.0,  15.2,  15.5,  16.0,  18.3,  18.9,  20.7,  19.3,  17.9,  19.0,  18.8,  20.7,  19.2,  19.0,  19.8,  20.4,  24.2,  25.8,  26.4,  27.5,  30.3,  31.1,  33.9,  36.9,  37.6,  37.4,  35.1,  35.1,  35.7,  37.9,  36.8,  37.5,  34.3
Mozambique,  1.5,  1.4,  1.4,  1.4,  1.2,  1.3,  1.6,  1.4,  1.4,  1.7,  1.4,  1.3,  1.3,  1.2,  1.3,  1.3,  1.3,  1.3,  1.3,  1.0,  0.8,  1.0,  1.2,  0.9,  1.0,  1.1,  1.2,  1.2,  1.2,  1.3,  1.3,  1.4,  1.7,  1.7,  1.5,  1.6,  1.9,  1.8,  2.1,  2.2,  2.7,  2.9,  3.3,  3.8,  3.9,  4.6,  4.6,  4.3,  4.7,..
Namibia,..,..,..,..,..,..,..,..,..,..,..,..,..,..,..,..,..,..,..,..,  1.1,  1.2,  1.2,  1.4,  1.8,  1.9,  2.0,  2.0,  2.0,  2.0,  2.5,  2.2,  2.3,  2.4,  2.5,  2.4,  2.5,  2.8,  3.0,  3.2,  3.2,  3.3,  3.5,  3.7,  3.9,  3.9,  3.8,  3.9,  3.8,..
Niger,  0.2,  0.2,  0.2,  0.2,  0.3,  0.3,  0.3,  0.4,  0.4,  0.5,  0.5,  0.6,  0.5,  0.5,  0.5,  0.6,  0.6,  0.6,  0.6,  0.4,  0.3,  0.3,  0.4,  0.4,  0.3,  0.4,  0.4,  0.4,  0.4,  0.5,  0.5,  0.5,  0.5,  0.6,  0.5,  0.5,  0.6,  0.7,  0.9,  1.1,  1.1,  1.6,  1.5,  1.7,  1.8,  1.7,  1.6,  1.6,  1.8,..
Nigeria,  4.9,  5.7,  7.0,  8.0,  9.3,  12.0,  14.9,  18.4,  18.6,  22.4,  24.0,  27.3,  27.3,  24.8,  25.0,  24.1,  24.3,  26.0,  26.2,  21.4,  24.7,  31.2,  26.9,  21.4,  24.0,  27.5,  30.1,  26.0,  27.2,  29.7,  36.2,  36.9,  36.3,  36.4,  38.8,  32.5,  27.7,  33.9,  28.8,  38.5,  40.8,  44.7,  56.0,  61.2,  55.0,  57.8,  58.3,  58.2,  62.6,..
Senegal,  1.2,  1.3,  1.4,  1.5,  1.6,  1.7,  1.8,  1.8,  2.0,  2.1,  2.0,  1.9,  1.9,  2.1,  2.1,  2.1,  2.1,  2.0,  2.1,  2.1,  2.1,  2.3,  2.3,  2.3,  2.4,  2.5,  2.8,  3.2,  3.6,  3.6,  3.9,  3.9,  3.8,  4.1,  4.3,  4.0,  4.5,  4.7,  4.8,  4.8,  4.8,  4.8,  5.1,  5.5,  6.0,  6.4,  6.5,  6.4,  6.9,..
South Africa,  28.3,  30.6,  33.5,  32.7,  35.1,  35.6,  35.2,  36.7,  33.9,  34.5,  36.1,  35.8,  35.9,  38.7,  37.6,  37.0,  39.1,  41.6,  42.7,  44.0,  44.1,  43.2,  43.1,  45.0,  49.4,  49.2,  50.7,  50.8,  51.1,  50.2,  51.3,  52.4,  54.2,  56.2,  58.6,  59.7,  64.4,  62.4,  61.3,  62.3,  67.5,  67.6,  72.4,  69.7,  73.5,  69.8,  74.8,  75.3,  76.6,..
South Sudan,..,..,..,..,..,..,..,..,..,..,..,..,..,..,..,..,..,..,..,..,..,..,..,..,..,..,..,..,..,..,..,..,..,..,..,..,..,..,..,..,..,  1.4,  1.5,  1.5,  2.0,  1.8,  1.5,  1.6,  1.7,..
Sudan,  3.3,  3.5,  4.6,  4.3,  3.3,  3.2,  3.4,  3.1,  3.2,  3.7,  3.6,  3.7,  3.8,  3.4,  4.0,  4.0,  3.0,  4.5,  4.0,  5.4,  4.8,  4.5,  3.1,  4.7,  4.4,  4.2,  5.1,  4.7,  5.2,  5.6,  6.1,  7.6,  7.7,  8.5,  10.1,  12.5,  13.5,  14.6,  14.9,  15.3,  14.4,  14.1,  13.3,  14.2,  16.6,  19.2,  19.1,  19.0,  18.8,..
United Rep. of Tanzania,  1.4,  1.7,  1.7,  1.5,  1.4,  1.4,  1.4,  1.5,  1.5,  1.5,  1.5,  1.4,  1.4,  1.4,  1.4,  1.5,  1.5,  1.6,  1.6,  1.7,  1.7,  1.6,  1.6,  1.7,  2.4,  2.7,  2.6,  2.3,  2.0,  2.5,  2.6,  3.0,  3.2,  4.2,  4.3,  4.6,  4.2,  4.4,  4.0,  4.6,  5.5,  6.9,  7.9,  7.4,  8.3,  7.5,  7.4,  7.3,  7.1,..
Togo,  0.3,  0.4,  0.3,  0.3,  0.3,  0.3,  0.3,  0.3,  0.4,  0.4,  0.4,  0.4,  0.3,  0.3,  0.3,  0.5,  0.5,  0.5,  0.5,  0.6,  0.5,  0.4,  0.3,  0.6,  0.6,  1.0,  0.7,  0.8,  1.1,  1.0,  0.8,  0.9,  1.1,  1.0,  1.0,  0.9,  0.9,  1.1,  2.3,  2.1,  1.9,  1.7,  1.3,  1.2,  1.0,  1.5,  1.2,  1.4,  1.3,..
Tunisia,  3.5,  3.7,  3.7,  3.9,  4.0,  4.3,  4.9,  5.3,  6.2,  6.9,  7.0,  6.8,  7.9,  7.5,  7.3,  8.2,  7.1,  8.4,  9.2,  9.1,  10.3,  10.2,  10.7,  9.6,  9.2,  9.6,  10.0,  10.2,  10.6,  11.0,  11.2,  11.2,  11.2,  11.7,  11.8,  12.4,  12.7,  12.0,  11.7,  11.6,  10.8,  11.1,  11.4,  12.8,  14.0,  13.2,  13.7,  13.4,  13.5,..
Zambia,  1.4,  1.5,  2.0,  2.3,  2.5,  2.5,  2.2,  2.1,  2.0,  1.9,  1.8,  1.6,  1.6,  1.7,  1.6,  1.6,  1.7,  1.9,  2.0,  1.7,  1.9,  1.9,  1.6,  1.7,  1.7,  1.2,  1.7,  1.6,  1.4,  1.4,  1.5,  1.5,  1.6,  1.7,  1.8,  1.9,  1.8,  2.0,  2.2,  2.2,  2.6,  3.2,  3.2,  3.6,  3.9,  3.8,  4.1,  4.0,  3.5,..
Zimbabwe,  1.5,  1.8,  1.9,  1.8,  2.1,  1.7,  1.8,  1.8,  1.6,  1.8,  1.9,  1.6,  2.0,  2.0,  2.1,  2.1,  2.3,  2.3,  2.2,  2.6,  2.7,  2.9,  3.0,  3.5,  3.7,  3.6,  3.6,  3.6,  4.9,  3.0,  2.9,  2.7,  2.2,  1.9,  2.1,  2.0,  2.0,  1.7,  1.7,  2.1,  3.4,  4.1,  4.3,  3.9,  3.8,  3.3,  3.4,  4.2,  3.8,..
Other Africa,  8.4,  8.3,  8.5,  9.2,  9.8,  9.4,  9.6,  9.6,  10.7,  11.3,  10.3,  9.5,  9.8,  9.8,  10.2,  10.3,  13.6,  13.7,  13.4,  12.2,  12.7,  12.9,  13.1,  13.5,  14.0,  14.5,  15.4,  16.3,  16.8,  17.5,  17.9,  17.7,  18.9,  20.1,  20.7,  21.7,  23.4,  24.0,  24.7,  26.9,  23.6,  24.7,  25.0,  26.6,  28.6,  29.6,  33.3,  34.9,  36.7,..
Africa,  101.8,  112.4,  120.1,  125.7,  134.3,  146.3,  155.4,  165.9,  172.1,  184.9,  196.0,  202.7,  212.1,  217.4,  219.6,  219.4,  230.0,  240.3,  244.5,  246.0,  250.4,  260.1,  257.0,  253.9,  267.8,  277.7,  292.4,  296.5,  307.0,  305.9,  316.7,  329.9,  333.4,  358.2,  371.7,  380.0,  392.5,  417.7,  435.5,  459.9,  459.2,  492.5,  528.7,  549.1,  554.6,  550.3,  547.1,  551.1,  565.6,..
Bangladesh,  2.2,  2.2,  2.5,  2.9,  3.3,  3.6,  3.5,  3.8,  4.2,  4.6,  4.5,  4.6,  4.1,  4.1,  4.5,  4.9,  4.8,  4.6,  5.2,  5.0,  4.7,  5.3,  5.7,  6.0,  7.2,  7.5,  8.8,  8.9,  8.6,  8.0,  9.9,  10.2,  10.5,  10.9,  11.2,  11.2,  10.7,  10.7,  9.9,  11.1,  14.9,  15.5,  15.3,  16.6,  16.4,  16.0,  18.1,  21.3,  19.2,..
Brunei Darussalam,  0.2,  0.1,  0.2,  0.2,  0.2,  0.2,  0.2,  0.2,  0.3,  0.5,  0.4,  0.5,  0.6,  0.6,  0.6,  0.6,  0.6,  0.7,  0.7,  0.8,  0.8,  0.9,  1.0,  1.1,  1.1,  1.3,  1.4,  1.3,  1.3,  1.2,  1.2,  1.3,  1.3,  1.3,  1.3,  1.5,  1.6,  1.8,  1.8,  1.8,  1.9,  2.0,  2.0,  1.9,  2.0,  1.9,  2.0,  2.0,  1.9,..
Cambodia,..,..,..,..,..,..,..,..,..,..,..,..,..,..,..,..,..,..,..,..,..,..,..,..,  1.5,  1.6,  1.7,  1.9,  2.0,  2.0,  2.2,  2.3,  2.4,  2.4,  2.7,  3.0,  3.7,  3.8,  4.5,  4.8,  4.9,  5.2,  5.1,  5.3,  5.7,  6.7,  6.9,  7.5,  8.6,..
DPR of Korea,  2.4,  3.3,  3.5,  4.1,  3.7,  4.2,  3.9,  5.6,  7.5,  7.5,  7.2,  7.2,  7.0,  8.0,  7.2,  7.3,  7.5,  7.8,  7.5,  8.1,  6.1,  5.0,  4.5,  3.0,  4.0,  4.4,  3.1,  4.1,  2.6,  3.2,  3.5,  3.5,  3.4,  3.5,  2.9,  2.2,  2.7,  2.7,  2.6,  2.6,  2.7,  2.6,  2.8,  2.7,  3.0,  3.3,  3.0,  2.9,  3.2,..
India,  53.3,  57.2,  58.5,  58.3,  59.7,  62.0,  66.4,  71.8,  77.6,  81.1,  84.0,  85.7,  91.4,  104.7,  111.4,  117.7,  128.0,  137.0,  150.3,  153.1,  158.2,  164.4,  170.2,  185.1,  203.9,  216.9,  227.9,  243.5,  263.5,  280.5,  280.1,  289.2,  298.6,  307.0,  313.1,  338.5,  368.0,  391.3,  397.9,  413.5,  424.0,  452.1,  461.5,  487.0,  532.4,  564.3,  593.8,  597.3,  605.2,..
Indonesia,  24.9,  28.0,  31.9,  34.8,  37.2,  38.2,  45.2,  50.3,  55.3,  62.2,  67.2,  69.5,  68.8,  68.9,  71.1,  74.8,  74.8,  79.5,  83.1,  92.4,  98.1,  103.2,  114.5,  115.2,  131.8,  138.6,  151.1,  146.7,  158.7,  159.4,  164.7,  165.2,  169.8,  187.0,  181.6,  170.0,  176.1,  179.3,  180.0,  181.2,  213.1,  230.2,  229.6,  232.8,  224.5,  202.3,  216.3,  235.8,  223.0,  226.0
Lao People's Democratic Republic,..,..,..,..,..,..,..,..,..,..,..,..,..,..,..,..,..,..,..,..,..,..,..,..,..,..,..,..,..,  0.8,  0.9,  1.0,  1.0,  1.0,  1.1,  1.4,  1.4,  1.6,  1.9,  1.9,  1.9,  2.0,  2.3,  2.4,  2.9,  3.2,  3.3,  3.4,  2.7,..
Malaysia,  12.9,  12.7,  13.1,  15.3,  16.3,  17.7,  17.6,  19.4,  21.7,  23.6,  25.0,  26.3,  27.9,  27.4,  27.2,  26.9,  27.5,  29.2,  31.5,  38.0,  40.1,  41.6,  43.6,  45.9,  49.5,  56.1,  59.9,  56.1,  57.0,  57.7,  60.2,  63.6,  61.1,  65.4,  65.8,  65.8,  72.5,  72.1,  66.0,  69.5,  75.6,  73.3,  84.6,  88.4,  82.5,  80.4,  82.3,  79.6,  82.9,..
Mongolia,..,..,..,..,..,..,..,..,..,..,..,..,..,..,  2.3,  2.3,  2.3,  2.5,  2.3,  2.5,  1.8,  1.4,  1.7,  1.1,  1.1,  1.1,  1.1,  1.2,  1.2,  1.3,  1.3,  1.4,  1.6,  1.8,  1.7,  1.9,  2.4,  2.6,  2.4,  2.6,  3.2,  3.6,  3.8,  3.6,  3.6,  3.1,  4.0,  4.2,  5.3,..
Myanmar,  3.9,  3.9,  3.1,  3.5,  3.0,  3.3,  3.6,  3.6,  3.7,  3.9,  3.7,  3.7,  3.5,  3.7,  3.5,  3.6,  2.4,  2.2,  2.1,  2.1,  2.0,  2.4,  2.7,  3.0,  4.0,  4.2,  3.8,  4.7,  5.4,  5.5,  4.6,  4.8,  5.4,  5.9,  6.3,  5.4,  5.7,  3.3,  3.5,  3.4,  3.6,  6.3,  8.0,  9.5,  10.5,  11.5,  19.8,  20.0,  20.7,..
Nepal,  0.2,  0.2,  0.2,  0.2,  0.2,  0.2,  0.2,  0.2,  0.3,  0.3,  0.3,  0.3,  0.4,  0.5,  0.5,  0.6,  0.5,  0.6,  0.6,  0.7,  0.9,  1.0,  1.2,  1.4,  1.5,  1.6,  1.9,  2.0,  2.1,  2.1,  2.2,  2.2,  2.2,  2.1,  2.1,  1.9,  1.8,  2.2,  2.7,  3.0,  3.0,  3.3,  3.7,  4.1,  3.5,  5.9,  7.2,  7.9,  7.0,..
Pakistan,  8.6,  8.7,  9.1,  9.3,  10.6,  10.0,  10.5,  11.1,  12.0,  12.9,  13.6,  15.5,  17.2,  19.4,  21.0,  22.4,  24.8,  27.4,  29.2,  31.2,  31.4,  35.3,  40.3,  42.9,  46.2,  50.5,  53.8,  53.5,  58.5,  57.3,  55.2,  53.9,  44.0,  48.1,  48.4,  55.4,  59.8,  58.8,  62.5,  61.0,  60.5,  63.2,  68.8,  72.8,  77.7,  85.3,  82.9,  65.0,  65.6,..
Philippines,  24.0,  24.9,  28.0,  26.7,  29.4,  29.2,  31.9,  32.8,  34.0,  31.4,  29.9,  29.9,  30.4,  25.9,  24.0,  23.2,  28.3,  29.8,  32.3,  33.3,  31.7,  35.8,  38.5,  41.4,  50.9,  53.3,  57.9,  57.2,  53.0,  48.8,  48.8,  45.8,  45.9,  46.8,  42.7,  38.6,  39.4,  37.4,  38.9,  40.7,  37.8,  39.2,  40.9,  43.7,  48.5,  51.9,  53.9,  54.6,  56.8,..
Singapore,  6.0,  7.2,  8.1,  8.4,  8.4,  9.1,  10.2,  11.7,  12.7,  12.6,  13.5,  14.0,  15.1,  15.7,  16.6,  16.7,  17.1,  19.5,  20.9,  28.8,  30.1,  30.0,  32.9,  34.6,  34.2,  35.2,  34.8,  33.3,  34.7,  39.1,  37.1,  33.7,  26.9,  26.4,  24.3,  23.6,  24.1,  23.8,  24.2,  26.4,  28.3,  26.0,  23.0,  21.8,  22.7,  22.8,  23.7,  23.5,  23.0,..
Sri Lanka,  2.8,  3.4,  3.6,  2.9,  2.7,  2.7,  2.9,  3.4,  3.7,  3.7,  3.8,  4.3,  4.5,  3.9,  3.5,  3.5,  4.0,  3.8,  3.6,  3.7,  3.9,  5.0,  4.9,  5.5,  5.5,  8.1,  8.0,  8.4,  9.2,  10.6,  10.5,  11.1,  11.8,  12.4,  13.3,  11.7,  12.9,  12.1,  11.5,  12.3,  13.4,  14.3,  11.8,  13.0,  14.3,  15.4,  16.6,  15.1,  16.6,..
Chinese Taipei,  18.3,  22.0,  27.2,  26.9,  30.5,  38.7,  42.6,  49.2,  50.8,  54.0,  49.1,  47.5,  46.0,  43.9,  41.5,  46.3,  48.0,  57.3,  64.1,  66.2,  69.4,  70.1,  74.7,  78.2,  84.0,  83.0,  84.3,  86.0,  91.4,  91.9,  86.3,  84.5,  84.2,  85.2,  87.1,  87.5,  82.7,  75.4,  69.9,  72.3,  68.5,  65.1,  63.1,  65.0,  67.5,  67.7,  66.8,  63.2,  60.4,  58.3
Thailand,  16.1,  18.3,  20.8,  20.5,  21.0,  24.0,  26.6,  29.7,  30.9,  32.4,  30.5,  26.5,  29.6,  30.9,  29.2,  30.4,  32.5,  37.1,  44.4,  54.2,  57.3,  63.3,  71.6,  79.6,  91.5,  99.0,  97.6,  85.6,  87.1,  81.7,  77.5,  81.6,  86.3,  94.8,  94.1,  90.9,  87.8,  81.1,  81.8,  83.0,  87.0,  92.9,  93.7,  94.2,  96.6,  100.4,  101.8,  99.8,  103.3,..
Viet Nam,  10.8,  11.8,  11.6,  7.2,  6.8,  2.2,  2.2,  2.8,  3.3,  5.6,  4.9,  4.9,  5.8,  5.7,  5.9,  6.4,  7.4,  7.7,  7.0,  8.3,  8.3,  8.9,  12.7,  14.1,  13.5,  15.7,  16.8,  19.7,  20.9,  23.9,  25.8,  29.4,  30.4,  35.3,  34.7,  33.5,  38.6,  38.6,  44.2,  48.2,  44.9,  41.8,  40.5,  41.9,  52.7,  57.5,  58.9,  60.6,  61.7,..
Other Asia,  5.7,  6.1,  7.3,  9.0,  7.4,  7.3,  7.8,  7.7,  8.3,  8.9,  8.9,  8.8,  9.2,  9.0,  7.8,  7.5,  8.8,  8.6,  8.7,  9.0,  8.9,  8.2,  8.2,  8.6,  8.0,  8.4,  9.0,  9.3,  9.2,  10.3,  11.0,  11.3,  12.5,  13.8,  13.9,  14.1,  13.8,  14.9,  18.3,  19.1,  21.5,  20.5,  19.1,  19.3,  21.0,  19.8,  19.2,  20.4,  20.5,..
Asia (excl. China),  192.2,  210.3,  228.6,  230.1,  240.6,  252.6,  275.4,  303.5,  326.4,  345.4,  346.7,  349.1,  361.6,  372.3,  377.7,  395.0,  419.3,  455.3,  493.6,  537.5,  553.8,  581.9,  628.9,  666.5,  739.4,  786.5,  822.8,  823.3,  866.4,  885.2,  883.3,  895.9,  899.5,  951.1,  948.4,  958.2, 1 005.6, 1 013.5, 1 024.5, 1 058.2, 1 111.0, 1 159.1, 1 179.5, 1 226.2, 1 287.9, 1 319.4, 1 380.5, 1 384.3, 1 387.7,..
People's Rep. of China,  114.4,  132.4,  152.7,  174.7,  195.2,  230.9,  247.0,  270.2,  264.4,  236.3,  223.1,  218.1,  223.1,  228.5,  227.4,  244.5,  256.3,  275.0,  282.0,  281.0,  303.4,  328.5,  379.8,  367.7,  404.9,  416.8,  450.4,  462.4,  503.9,  539.0,  552.2,  582.1,  644.9,  764.9,  780.2,  829.1,  860.4,  872.3,  878.1, 1 025.0, 1 044.5, 1 119.4, 1 175.8, 1 184.3, 1 279.8, 1 308.7, 1 349.4, 1 398.1, 1 440.3,..
"Hong Kong, China",  9.1,  9.5,  9.6,  10.9,  10.8,  12.5,  14.5,  15.4,  14.2,  14.5,  15.5,  14.5,  12.0,  10.8,  9.4,  9.6,  8.2,  9.3,  9.2,  8.5,  9.6,  12.1,  12.1,  12.2,  11.8,  10.6,  10.7,  17.1,  22.3,  16.7,  14.9,  12.2,  12.0,  8.4,  8.5,  7.8,  8.2,  8.4,  9.8,  9.0,  8.7,  9.1,  8.8,  8.9,  9.9,  10.6,  11.6,  11.0,  11.3,  10.5
"China (incl. Hong Kong, China)",  123.5,  141.9,  162.2,  185.6,  206.1,  243.4,  261.5,  285.6,  278.6,  250.8,  238.7,  232.7,  235.1,  239.3,  236.8,  254.1,  264.5,  284.3,  291.2,  289.6,  313.0,  340.6,  391.9,  379.9,  416.6,  427.4,  461.1,  479.4,  526.2,  555.7,  567.1,  594.3,  656.9,  773.3,  788.7,  836.9,  868.5,  880.8,  887.9, 1 034.0, 1 053.2, 1 128.5, 1 184.6, 1 193.1, 1 289.7, 1 319.3, 1 360.9, 1 409.0, 1 451.6,..
Argentina,  67.5,  67.2,  69.9,  68.5,  64.7,  67.7,  71.1,  70.3,  74.0,  70.1,  67.2,  64.2,  64.1,  61.5,  53.9,  57.7,  62.3,  59.7,  53.0,  50.7,  55.3,  56.6,  57.0,  55.9,  54.3,  59.4,  60.6,  62.0,  57.8,  53.8,  49.8,  45.4,  48.0,  54.3,  53.8,  60.1,  67.8,  71.2,  63.9,  73.2,  76.3,  75.9,  78.3,  74.4,  78.7,  77.5,  72.2,  69.0,  66.2,  61.3
Bolivia,  2.1,  2.3,  2.4,  2.6,  3.0,  3.3,  3.4,  3.7,  3.6,  3.8,  3.9,  3.7,  3.6,  3.5,  3.4,  3.2,  3.4,  3.3,  3.5,  3.8,  3.7,  3.7,  3.9,  4.1,  4.7,  4.6,  4.5,  4.6,  4.6,  4.8,  4.7,  4.8,  5.1,  5.5,  5.6,  6.3,  6.8,  7.2,  7.4,  7.9,  8.6,  9.1,  9.9,  10.6,  10.9,  11.3,  11.9,  12.3,  12.2,..
Brazil,  82.3,  89.7,  107.1,  116.6,  123.6,  136.4,  137.7,  148.5,  156.8,  153.2,  139.6,  136.9,  127.2,  122.4,  127.9,  143.5,  146.1,  148.7,  151.7,  153.1,  155.6,  160.7,  166.5,  174.6,  190.1,  205.9,  219.5,  227.8,  231.5,  232.7,  235.1,  229.8,  221.5,  229.8,  231.3,  233.5,  245.4,  255.0,  250.1,  270.5,  288.2,  309.2,  322.5,  335.9,  311.8,  295.7,  297.8,  278.7,  281.8,  265.5
Colombia,  18.2,  18.4,  19.2,  20.0,  18.7,  19.6,  20.2,  19.8,  19.7,  20.6,  20.4,  20.7,  21.7,  21.9,  22.4,  22.2,  23.6,  24.9,  25.8,  26.4,  27.5,  29.1,  29.8,  30.8,  32.6,  33.9,  35.5,  34.5,  30.6,  29.6,  29.3,  27.8,  27.7,  29.2,  28.5,  29.3,  29.9,  29.9,  27.9,  29.8,  33.7,  35.5,  36.6,  37.5,  38.6,  40.7,  37.7,  39.3,  40.3,  37.9
Costa Rica,  1.3,  1.4,  1.7,  1.6,  1.8,  1.8,  2.3,  2.5,  2.5,  2.2,  2.0,  1.7,  1.8,  1.9,  2.0,  2.1,  2.2,  2.4,  2.7,  2.6,  2.8,  3.9,  3.9,  4.5,  4.5,  4.2,  4.2,  4.6,  4.7,  4.6,  4.9,  5.1,  5.3,  5.4,  5.5,  6.1,  6.7,  6.8,  6.5,  6.7,  7.0,  7.0,  7.3,  7.4,  7.1,  7.6,  7.7,  7.8,  7.7,..
Cuba,  20.5,  19.9,  21.5,  23.3,  23.8,  24.8,  27.2,  29.4,  29.5,  30.2,  30.1,  30.1,  32.9,  34.3,  31.8,  32.4,  34.3,  36.2,  37.7,  33.6,  26.2,  21.0,  19.4,  20.8,  22.1,  24.3,  26.3,  25.8,  26.0,  26.3,  25.4,  24.1,  23.3,  22.9,  23.7,  23.5,  24.0,  23.3,  23.6,  25.1,  24.7,  25.8,  25.9,  23.6,  26.1,  24.3,  23.7,  24.2,  23.5,..
Curaçao,  14.6,  14.2,  15.7,  14.2,  10.2,  10.9,  11.0,  9.3,  9.2,  8.7,  8.1,  7.3,  6.9,  6.7,  4.5,  4.3,  4.0,  3.5,  3.0,  2.7,  2.8,  2.9,  2.3,  2.7,  2.7,  2.7,  5.3,  5.5,  5.4,  5.7,  5.7,  5.5,  5.5,  5.7,  6.0,  5.9,  6.4,  6.4,  6.0,  4.4,  5.7,  5.1,  4.7,  5.3,  5.3,  4.5,  3.6,  2.9,  2.2,..
Dominican Republic,  3.5,  4.6,  4.7,  5.1,  5.3,  5.4,  5.7,  5.9,  6.2,  6.4,  6.1,  5.8,  6.8,  7.1,  5.8,  7.1,  7.6,  8.0,  8.8,  7.4,  7.3,  8.7,  8.5,  10.6,  11.1,  11.9,  13.6,  15.9,  16.9,  17.7,  17.7,  19.1,  15.8,  14.7,  15.9,  16.5,  16.2,  15.9,  15.2,  15.7,  15.6,  15.8,  15.3,  14.8,  17.0,  18.0,  16.5,  18.4,  20.0,..
Ecuador,  3.6,  3.6,  4.0,  5.3,  6.0,  7.0,  8.2,  9.4,  9.8,  10.5,  12.0,  12.0,  11.2,  11.3,  11.8,  12.1,  11.8,  12.5,  12.2,  13.5,  14.1,  15.0,  14.3,  15.1,  16.9,  19.5,  20.7,  20.7,  18.1,  18.5,  20.6,  20.5,  20.6,  21.8,  23.5,  25.1,  25.4,  26.0,  28.5,  31.0,  31.6,  32.5,  34.7,  36.4,  36.4,  34.6,  33.6,  35.7,  34.9,..
El Salvador,  1.3,  1.6,  1.7,  1.7,  2.0,  2.0,  2.0,  2.1,  2.0,  1.6,  1.5,  1.5,  1.5,  1.5,  1.7,  1.6,  2.0,  2.1,  2.1,  2.1,  2.8,  3.2,  3.6,  4.1,  4.6,  4.0,  4.9,  5.3,  5.2,  5.2,  5.4,  5.4,  6.0,  6.2,  6.5,  6.8,  7.2,  6.5,  6.3,  6.1,  6.3,  6.3,  6.1,  6.3,  6.7,  6.9,  6.1,  6.5,  7.5,..
Guatemala,  2.3,  2.5,  2.7,  2.8,  3.1,  2.9,  3.4,  3.8,  4.3,  4.2,  3.6,  3.2,  2.8,  3.1,  3.2,  2.4,  2.8,  3.0,  3.1,  3.3,  3.5,  4.3,  4.7,  5.0,  5.9,  5.8,  6.1,  7.8,  7.6,  8.2,  8.2,  8.8,  9.0,  8.9,  9.7,  9.6,  10.5,  9.3,  10.7,  9.3,  9.6,  9.6,  9.6,  10.2,  11.4,  11.9,  11.7,  12.8,  13.9,..
Guyana,  1.5,  1.5,  1.8,  1.6,  1.9,  1.9,  1.9,  1.8,  1.7,  1.8,  1.8,  1.5,  1.3,  1.4,  1.4,  1.4,  1.4,  1.4,  1.2,  1.2,  1.2,  1.1,  1.1,  1.4,  1.5,  1.6,  1.7,  1.8,  1.8,  1.7,  1.7,  1.6,  1.6,  1.7,  1.5,  1.3,  1.6,  1.6,  1.6,  1.8,  1.9,  2.0,  2.0,  2.1,  2.1,  2.3,  2.3,  2.5,  2.7,..
Haiti,  0.4,  0.4,  0.4,  0.4,  0.4,  0.6,  0.6,  0.7,  0.7,  0.6,  0.5,  0.6,  0.6,  0.7,  0.7,  0.7,  0.8,  0.8,  0.9,  0.9,  0.8,  0.8,  0.7,  0.2,  0.9,  1.1,  1.3,  1.3,  1.4,  1.5,  1.5,  1.7,  1.7,  1.6,  1.6,  1.6,  2.0,  1.9,  1.9,  2.4,  2.7,  2.4,  2.6,  3.0,  3.2,  3.3,  3.3,  3.3,  3.3,..
Honduras,  1.1,  1.2,  1.3,  1.3,  1.3,  1.4,  1.6,  1.6,  1.7,  1.7,  1.6,  1.6,  1.8,  1.9,  1.7,  1.7,  1.9,  2.1,  2.3,  2.2,  2.2,  2.5,  2.6,  3.0,  3.6,  3.6,  3.7,  4.4,  4.3,  4.2,  5.1,  5.3,  5.9,  6.7,  6.4,  7.3,  7.8,  7.7,  7.3,  7.4,  7.9,  8.2,  8.4,  8.5,  9.0,  8.7,  8.7,  9.4,  9.6,..
Jamaica,  7.7,  7.7,  8.2,  8.1,  7.1,  6.4,  7.0,  7.2,  6.9,  6.7,  6.7,  5.6,  5.7,  5.3,  4.7,  4.5,  4.7,  4.9,  6.1,  7.2,  7.2,  7.8,  8.0,  8.1,  8.3,  8.7,  8.9,  9.4,  9.6,  9.7,  9.8,  9.8,  10.2,  10.1,  10.2,  11.8,  11.8,  9.3,  7.4,  7.1,  7.1,  6.5,  6.9,  6.6,  6.5,  6.9,  6.3,  7.7,  7.4,..
Nicaragua,  1.5,  1.5,  1.7,  1.9,  1.9,  2.2,  2.6,  2.4,  1.6,  1.8,  1.9,  1.9,  2.0,  1.8,  1.8,  2.2,  2.2,  1.9,  1.6,  1.9,  1.8,  2.1,  2.1,  2.4,  2.5,  2.7,  2.9,  3.4,  3.4,  3.6,  3.7,  3.9,  4.2,  4.4,  4.2,  4.4,  4.5,  4.3,  4.2,  4.3,  4.5,  4.5,  4.3,  4.5,  5.1,  5.2,  5.2,  4.8,  4.9,..
Panama,  2.5,  2.7,  2.9,  3.0,  3.2,  3.1,  3.1,  3.0,  3.1,  3.0,  2.6,  3.0,  3.5,  2.9,  2.6,  2.7,  3.0,  2.4,  2.5,  2.5,  2.9,  3.5,  3.5,  3.7,  4.0,  3.9,  4.3,  5.3,  4.6,  4.8,  5.8,  5.1,  5.2,  5.3,  6.8,  7.2,  7.1,  6.7,  8.1,  8.7,  8.8,  8.9,  8.6,  9.2,  9.1,  9.3,  9.3,  8.4,  8.9,..
Paraguay,  0.6,  0.6,  0.7,  0.7,  0.7,  0.8,  1.1,  1.4,  1.4,  1.4,  1.3,  1.3,  1.3,  1.4,  1.4,  1.5,  1.6,  1.9,  1.9,  2.0,  1.9,  2.3,  2.7,  3.1,  3.6,  3.5,  3.9,  4.1,  4.1,  3.3,  3.5,  3.7,  3.8,  3.8,  3.5,  3.8,  3.6,  4.2,  4.4,  4.9,  5.1,  5.0,  5.2,  5.5,  6.1,  6.9,  7.8,  8.2,  8.0,..
Peru,  14.4,  14.5,  15.2,  16.4,  17.0,  17.2,  16.9,  17.1,  17.8,  18.9,  19.5,  19.3,  16.7,  17.2,  16.2,  17.4,  19.2,  19.5,  17.7,  17.7,  16.8,  17.4,  18.3,  19.0,  21.6,  23.4,  23.4,  22.0,  24.4,  23.1,  21.1,  21.4,  20.7,  23.4,  21.3,  20.9,  20.8,  24.1,  25.1,  25.4,  26.8,  25.7,  27.4,  26.8,  28.6,  30.4,  30.9,  31.2,  32.3,..
Suriname,..,..,..,..,..,..,..,..,..,..,..,..,..,..,..,..,..,..,..,..,..,..,..,..,..,..,..,..,..,  1.5,  1.5,  1.1,  1.2,  1.4,  1.7,  1.5,  1.4,  1.4,  1.4,  1.7,  1.9,  2.4,  2.3,  2.6,  2.7,  3.0,  2.5,  2.2,  2.7,..
Trinidad and Tobago,  2.6,  2.6,  3.0,  2.7,  2.3,  2.6,  3.1,  2.9,  2.7,  2.5,  2.4,  2.5,  2.2,  2.3,  2.2,  2.3,  2.3,  2.2,  2.1,  2.1,  2.3,  2.4,  2.1,  2.2,  2.2,  2.3,  2.4,  2.5,  2.5,  2.3,  2.4,  2.4,  2.8,  2.7,  3.6,  3.7,  4.0,  4.0,  4.1,  4.3,  4.2,  4.0,  4.0,  4.4,  4.5,  4.1,  4.1,  3.5,  3.4,..
Uruguay,  5.0,  5.4,  5.1,  4.9,  5.2,  5.3,  5.2,  5.3,  5.8,  5.2,  4.9,  4.6,  3.7,  3.3,  3.1,  3.0,  3.4,  4.5,  4.8,  3.7,  4.2,  4.6,  4.3,  4.0,  4.5,  5.2,  5.3,  5.4,  6.4,  5.1,  4.5,  4.1,  4.0,  5.0,  5.0,  5.9,  5.5,  7.4,  7.2,  5.9,  7.2,  8.2,  7.0,  6.2,  6.3,  6.2,  5.7,  6.2,  6.1,  6.4
Venezuela,  28.8,  30.1,  34.0,  35.1,  36.0,  38.8,  38.7,  45.1,  50.9,  57.2,  58.8,  58.2,  57.7,  54.0,  54.1,  53.4,  51.8,  53.8,  55.8,  55.1,  53.9,  55.7,  59.4,  58.0,  59.8,  60.5,  64.9,  64.2,  67.4,  70.1,  79.4,  85.7,  76.9,  82.4,  88.1,  91.2,  91.1,  94.6,  96.8,  108.5,  107.2,  115.5,  113.0,  111.2,  94.9,  83.5,  77.7,  70.6,  58.3,..
Other Non-OECD Americas,  8.0,  9.5,  9.8,  8.7,  10.5,  9.6,  10.6,  10.7,  10.1,  10.3,  10.1,  9.1,  8.4,  9.3,  9.3,  9.4,  10.4,  11.4,  12.0,  12.4,  12.6,  12.5,  12.8,  13.0,  13.4,  13.5,  13.6,  13.8,  14.2,  13.0,  13.3,  12.9,  13.2,  13.7,  13.1,  13.0,  13.8,  13.6,  14.2,  15.2,  11.0,  12.5,  12.8,  12.6,  12.4,  12.6,  12.4,  13.5,  13.6,..
Non-OECD Americas,  271.6,  283.1,  313.7,  324.7,  329.2,  350.1,  362.8,  382.1,  400.6,  400.3,  384.4,  374.2,  362.3,  353.5,  343.9,  365.2,  377.9,  384.7,  385.4,  380.5,  380.8,  391.8,  400.7,  414.3,  441.5,  470.6,  500.1,  515.8,  520.2,  519.8,  529.0,  525.7,  509.7,  535.7,  547.0,  565.7,  589.9,  606.8,  600.4,  645.8,  668.1,  700.0,  716.8,  725.8,  699.8,  672.4,  658.9,  637.1,  628.3,..
Bahrain,  1.1,  1.1,  1.1,  1.2,  1.2,  1.3,  1.6,  1.6,  1.6,  1.5,  1.7,  1.6,  1.6,  1.7,  1.6,  1.8,  1.8,  1.9,  1.9,  2.0,  2.0,  2.2,  2.2,  2.2,  2.3,  2.3,  2.5,  2.6,  2.4,  2.5,  2.5,  2.7,  2.9,  3.1,  3.5,  4.3,  4.2,  4.1,  3.7,  3.9,  3.7,  3.9,  4.0,  4.1,  4.5,  4.5,  4.6,  4.8,  4.5,..
Islamic Rep. of Iran,  33.3,  36.4,  43.7,  50.0,  58.4,  67.3,  76.8,  78.9,  85.1,  78.8,  80.3,  88.2,  107.4,  115.7,  127.8,  117.9,  123.2,  125.8,  133.8,  137.7,  145.2,  157.2,  153.5,  169.9,  168.3,  175.8,  178.8,  173.6,  187.3,  193.2,  202.4,  201.4,  200.9,  208.6,  226.6,  239.8,  244.5,  240.6,  246.6,  224.7,  228.5,  235.8,  255.5,  239.1,  212.1,  190.1,  187.9,  194.8,  191.4,..
Iraq,  8.6,  9.8,  9.6,  10.7,  12.5,  15.4,  17.3,  19.7,  22.5,  24.1,  24.4,  26.2,  30.9,  33.1,  36.8,  41.2,  42.6,  45.1,  49.6,  49.3,  40.6,  62.8,  82.0,  90.9,  88.5,  87.5,  104.6,  76.2,  53.6,  67.2,  77.8,  73.4,  66.5,  72.1,  68.5,  64.3,  58.9,  67.2,  68.6,  80.2,  80.7,  91.1,  99.5,  93.6,  88.0,  93.0,  99.3,  102.2,  106.5,..
Jordan,  1.4,  1.5,  1.7,  1.9,  2.2,  2.7,  2.8,  3.4,  3.5,  4.4,  5.3,  6.1,  6.6,  7.2,  7.5,  8.3,  8.8,  8.5,  8.5,  9.0,  9.1,  10.5,  10.6,  11.0,  11.8,  12.1,  12.7,  13.2,  13.2,  14.9,  14.7,  15.2,  15.1,  14.5,  15.4,  14.2,  14.1,  12.3,  12.2,  13.6,  18.0,  20.4,  19.6,  22.0,  18.7,  14.5,  16.1,  14.4,  14.4,..
Kuwait,  4.1,  4.7,  4.7,  4.7,  5.2,  5.8,  6.7,  8.0,  9.1,  13.3,  16.6,  22.5,  23.3,  23.2,  27.1,  28.0,  28.7,  33.3,  38.4,  16.1,  6.0,  12.6,  11.6,  14.8,  14.5,  13.6,  14.8,  20.5,  25.8,  27.6,  31.7,  35.1,  34.1,  36.2,  41.5,  43.9,  44.8,  47.7,  50.6,  49.8,  47.8,  47.9,  48.8,  47.2,  46.6,  45.9,  45.2,  44.8,  42.5,..
Lebanon,  4.6,  5.0,  6.4,  6.5,  5.7,  5.3,  4.7,  5.9,  6.4,  6.7,  6.4,  4.7,  5.3,  5.5,  6.7,  7.2,  7.3,  5.5,  5.6,  5.6,  7.0,  7.0,  10.0,  11.0,  12.5,  13.0,  14.9,  14.6,  15.4,  13.7,  14.8,  14.8,  14.8,  14.9,  14.2,  13.9,  12.4,  16.0,  19.0,  17.4,  18.2,  20.7,  20.4,  22.1,  24.3,  25.1,  26.6,  25.0,  25.2,..
Oman,  0.3,  0.3,  0.3,  0.5,  0.7,  1.1,  1.3,  1.3,  1.3,  1.5,  1.6,  1.9,  2.6,  3.1,  3.5,  3.7,  3.5,  3.6,  3.8,  5.3,  9.2,  8.6,  7.4,  7.1,  8.0,  7.6,  6.5,  6.5,  8.2,  8.8,  9.8,  11.3,  11.3,  11.1,  10.5,  11.9,  13.7,  12.1,  11.1,  11.6,  14.1,  15.5,  16.5,  17.8,  18.6,  19.1,  19.0,  19.0,  19.0,..
Qatar,  0.3,  0.4,  0.4,  0.5,  0.7,  0.9,  1.2,  1.2,  1.2,  1.4,  1.4,  1.7,  1.6,  1.6,  1.6,  1.7,  1.7,  1.8,  2.0,  1.9,  1.8,  1.9,  2.1,  2.3,  2.5,  2.6,  2.8,  3.0,  2.7,  2.8,  3.1,  5.9,  5.3,  5.7,  6.7,  7.8,  10.8,  12.5,  11.2,  12.7,  11.4,  14.0,  13.5,  16.3,  15.3,  16.5,  16.1,  15.0,  18.4,..
Saudi Arabia,  10.1,  11.5,  14.1,  15.8,  17.3,  19.3,  26.5,  42.8,  61.5,  79.2,  90.7,  100.9,  112.1,  92.0,  90.2,  89.6,  99.2,  104.9,  101.2,  109.3,  114.5,  123.0,  131.5,  139.8,  138.7,  148.8,  149.3,  160.9,  167.3,  169.8,  170.5,  175.2,  183.8,  192.2,  198.9,  212.7,  227.9,  248.0,  270.1,  291.6,  305.5,  322.7,  329.1,  359.3,  379.7,  370.0,  349.9,  322.5,  322.8,..
Syrian Arab Republic ,  5.5,  5.2,  5.0,  7.0,  8.3,  9.3,  10.1,  10.2,  13.4,  12.3,  13.9,  16.6,  19.6,  22.0,  19.4,  20.4,  23.3,  22.9,  21.1,  24.3,  26.9,  25.2,  25.6,  26.5,  27.4,  30.2,  28.9,  31.0,  29.9,  29.9,  30.5,  31.0,  30.3,  33.6,  44.9,  47.7,  51.9,  53.5,  45.3,  42.0,  40.6,  33.1,  19.8,  17.2,  16.6,  18.7,  20.7,  19.6,  17.8,..
United Arab Emirates,  0.4,  0.6,  0.8,  1.0,  1.7,  2.6,  4.0,  4.4,  6.0,  9.7,  11.3,  12.9,  13.2,  16.0,  15.9,  16.0,  16.8,  17.8,  18.2,  18.8,  19.3,  19.9,  21.2,  21.1,  21.1,  19.6,  19.8,  19.8,  20.1,  21.4,  22.8,  24.7,  26.8,  27.2,  29.0,  30.3,  31.2,  33.1,  36.0,  37.5,  37.8,  38.5,  43.0,  44.0,  40.2,  44.5,  50.7,  46.4,  43.9,..
Yemen,  1.2,  1.5,  1.9,  1.9,  1.8,  2.2,  2.2,  2.5,  2.7,  3.5,  3.6,  4.1,  4.5,  4.6,  4.9,  5.2,  5.7,  6.2,  6.4,  6.4,  8.3,  9.0,  7.9,  8.3,  9.6,  9.8,  10.5,  11.4,  12.8,  13.5,  14.7,  14.7,  17.0,  18.1,  19.1,  19.1,  20.2,  21.4,  22.8,  20.3,  17.7,  15.6,  21.7,  21.1,  9.6,  8.2,  7.8,  7.8,  9.2,..
Middle East,  70.9,  77.8,  89.8,  101.7,  115.7,  133.2,  155.2,  179.8,  214.4,  236.5,  257.2,  287.3,  328.5,  325.6,  343.2,  341.0,  362.6,  377.3,  390.6,  385.7,  389.9,  440.0,  465.8,  504.8,  505.2,  523.0,  546.2,  533.2,  538.7,  565.3,  595.4,  605.5,  608.9,  637.3,  678.8,  709.9,  734.5,  768.4,  797.2,  805.3,  824.0,  859.4,  891.3,  904.0,  874.1,  850.1,  844.0,  816.3,  815.7,..
IEA/Accession/Association, 5 054, 5 438, 5 853, 5 681, 5 553, 5 930, 6 134, 6 291, 6 268, 5 860, 5 524, 5 291, 5 176, 5 267, 5 218, 5 376, 5 458, 5 666, 5 774, 5 762, 5 824, 5 963, 6 089, 6 229, 6 313, 6 490, 6 692, 6 771, 6 901, 6 940, 6 980, 6 907, 7 048, 7 270, 7 303, 7 246, 7 284, 7 109, 6 866, 7 118, 7 062, 7 128, 7 216, 7 158, 7 384, 7 434, 7 526, 7 577, 7 573,..
European Union - 27,..,..,..,..,..,..,..,..,..,..,..,..,..,..,..,..,..,..,.., 1 417, 1 444, 1 441, 1 434, 1 427, 1 443, 1 484, 1 477, 1 508, 1 487, 1 451, 1 485, 1 469, 1 483, 1 478, 1 466, 1 453, 1 399, 1 390, 1 317, 1 294, 1 247, 1 201, 1 172, 1 152, 1 181, 1 189, 1 196, 1 182, 1 181, 1 071
G7, 3 920, 4 215, 4 514, 4 318, 4 131, 4 370, 4 519, 4 586, 4 517, 4 136, 3 856, 3 676, 3 600, 3 683, 3 616, 3 706, 3 740, 3 881, 3 908, 3 819, 3 793, 3 850, 3 868, 3 929, 3 889, 3 968, 4 076, 4 164, 4 185, 4 158, 4 178, 4 070, 4 125, 4 163, 4 166, 4 062, 3 996, 3 808, 3 605, 3 666, 3 544, 3 479, 3 506, 3 432, 3 499, 3 486, 3 462, 3 479, 3 429, 3 066
G8,..,..,..,..,..,..,..,..,..,..,..,..,..,..,..,..,..,..,.., 4 446, 4 416, 4 400, 4 356, 4 306, 4 234, 4 293, 4 391, 4 484, 4 501, 4 481, 4 498, 4 380, 4 434, 4 469, 4 465, 4 372, 4 311, 4 133, 3 907, 3 969, 3 879, 3 813, 3 827, 3 774, 3 833, 3 800, 3 789, 3 787, 3 748, 3 359
G20,..,..,..,..,..,..,..,..,..,..,..,..,..,..,..,..,..,..,.., 6 461, 6 503, 6 559, 6 617, 6 637, 6 671, 6 837, 7 029, 7 142, 7 259, 7 301, 7 346, 7 255, 7 405, 7 623, 7 657, 7 633, 7 691, 7 552, 7 300, 7 571, 7 558, 7 629, 7 720, 7 721, 7 959, 7 974, 8 053, 8 058, 8 060,..
Africa,  102,  112,  120,  126,  134,  146,  155,  166,  172,  185,  196,  203,  212,  217,  220,  219,  230,  240,  245,  246,  250,  260,  257,  254,  268,  278,  292,  296,  307,  306,  317,  330,  333,  358,  372,  380,  392,  418,  436,  460,  459,  493,  529,  549,  555,  550,  547,  551,  566,..
Americas, 2 611, 2 811, 2 967, 2 892, 2 809, 3 008, 3 171, 3 207, 3 150, 2 962, 2 823, 2 721, 2 644, 2 687, 2 693, 2 780, 2 840, 2 941, 2 972, 2 815, 2 768, 2 825, 2 870, 2 953, 2 923, 3 027, 3 218, 3 343, 3 366, 3 389, 3 424, 3 312, 3 364, 3 460, 3 505, 3 462, 3 496, 3 370, 3 236, 3 351, 3 254, 3 232, 3 307, 3 288, 3 338, 3 330, 3 303, 3 326, 3 290,..
Asia,..,..,..,..,..,..,..,..,..,..,..,..,..,..,..,..,..,..,.., 2 241, 2 306, 2 431, 2 537, 2 632, 2 763, 2 835, 2 909, 2 837, 2 960, 3 038, 3 036, 3 101, 3 157, 3 335, 3 383, 3 432, 3 541, 3 534, 3 520, 3 716, 3 838, 4 014, 4 109, 4 119, 4 260, 4 303, 4 399, 4 394, 4 417,..
Europe,..,..,..,..,..,..,..,..,..,..,..,..,..,..,..,..,..,..,.., 2 590, 2 600, 2 429, 2 315, 2 167, 2 147, 2 150, 2 130, 2 155, 2 112, 2 071, 2 109, 2 082, 2 097, 2 096, 2 079, 2 082, 2 030, 2 026, 1 923, 1 896, 1 868, 1 822, 1 776, 1 767, 1 789, 1 785, 1 802, 1 766, 1 773,..
Oceania,..,..,..,..,..,..,..,..,..,..,..,..,..,..,..,..,..,..,.., 2 590, 2 600, 2 429, 2 315, 2 167, 2 147, 2 150, 2 130, 2 155, 2 112, 2 071, 2 109, 2 082, 2 097, 2 096, 2 079, 2 082, 2 030, 2 026, 1 923, 1 896, 1 868, 1 822, 1 776, 1 767, 1 789, 1 785, 1 802, 1 766, 1 773,..
,,,,,,,,,,,,,,,,,,,,,,,,,,,,,,,,,,,,,,,,,,,,,,,,,,
,"The original version of this file, as published by the International Energy Agency, is available free of charge on the IEA’s website at:",,,,,,,,,,,,,,,,,,,,,,https://www.iea.org/subscribe-to-data-services/co2-emissions-statistics,,,,,,,,,,,,,,,,,,,,,,,,,,,
,"
You are permitted to use the data in this file as set out in the IEA’s terms and conditions here:  ",,,,,,,,,,,,,,,,,,,,,,https://www.iea.org/terms,,,,,,,,,,,,,,,,,,,,,,,,,,,
,"This notice, and any copyright or sourcing statements in the file, must not be removed from this file.",,,,,,,,,,,,,,,,,,,,,,,,,,,,,,,,,,,,,,,,,,,,,,,,,