GHG emissions from energy,,,,,,,Source:,,"IEA (2021), GHG Emissions from Energy",,,,,,,,,,,,,,"IEA, All rights reserved ",,,,,,,,,,,,,,,,,,,,,,,,,,,
,,,,,,,Documentation:,,Accessible here,,,,,,,,,,,,,,https://www.iea.org/terms,,,,,,,,,,,,,,,,,,,,,,,,,,,
Back to the table of contents,,,,,,,,,,,,,,,,,,,,,,,,,,,,,,,,,,,,,,,,,,,,,,,,,,
million tonnes of CO2 eq,1971,1972,1973,1974,1975,1976,1977,1978,1979,1980,1981,1982,1983,1984,1985,1986,1987,1988,1989,1990,1991,1992,1993,1994,1995,1996,1997,1998,1999,2000,2001,2002,2003,2004,2005,2006,2007,2008,2009,2010,2011,2012,2013,2014,2015,2016,2017,2018,2019,2020
,,,,,,,,,,,,,,,,,,,,,,,,,,,,,,,,,,,,,,,,,,,,,,,,,,
World,16121,16840,17771,17722,17768,18762,19357,19860,20444,20156,19747,19591,19669,20331,20649,21030,21700,22433,22885,23242,23363,23262,23393,23499,24148,24653,25072,25254,25386,26207,26569,26890,28097,29382,30463,31391,32496,32755,32267,34187,35148,35557,36179,36273,36167,36182,36771,37597,37630,..
,,,,,,,,,,,,,,,,,,,,,,,,,,,,,,,,,,,,,,,,,,,,,,,,,,
Annex I Parties ,..,..,..,..,..,..,..,..,..,..,..,..,..,..,..,..,..,..,..,..,..,..,..,..,..,..,..,..,..,..,..,..,..,..,..,..,..,..,..,..,..,..,..,..,..,..,..,..,..,..
   Annex II Parties   ,..,..,..,..,..,..,..,..,..,..,..,..,..,..,..,..,..,..,..,..,..,..,..,..,..,..,..,..,..,..,..,..,..,..,..,..,..,..,..,..,..,..,..,..,..,..,..,..,..,..
      North America      ,..,..,..,..,..,..,..,..,..,..,..,..,..,..,..,..,..,..,..,..,..,..,..,..,..,..,..,..,..,..,..,..,..,..,..,..,..,..,..,..,..,..,..,..,..,..,..,..,..,..
      Europe      ,..,..,..,..,..,..,..,..,..,..,..,..,..,..,..,..,..,..,..,..,..,..,..,..,..,..,..,..,..,..,..,..,..,..,..,..,..,..,..,..,..,..,..,..,..,..,..,..,..,..
      Asia Oceania,..,..,..,..,..,..,..,..,..,..,..,..,..,..,..,..,..,..,..,..,..,..,..,..,..,..,..,..,..,..,..,..,..,..,..,..,..,..,..,..,..,..,..,..,..,..,..,..,..,..
   Annex I EIT   ,..,..,..,..,..,..,..,..,..,..,..,..,..,..,..,..,..,..,..,..,..,..,..,..,..,..,..,..,..,..,..,..,..,..,..,..,..,..,..,..,..,..,..,..,..,..,..,..,..,..
Non-Annex I Parties ,..,..,..,..,..,..,..,..,..,..,..,..,..,..,..,..,..,..,..,..,..,..,..,..,..,..,..,..,..,..,..,..,..,..,..,..,..,..,..,..,..,..,..,..,..,..,..,..,..,..
,,,,,,,,,,,,,,,,,,,,,,,,,,,,,,,,,,,,,,,,,,,,,,,,,,
Annex B Kyoto Parties,..,..,..,..,..,..,..,..,..,..,..,..,..,..,..,..,..,..,..,..,..,..,..,..,..,..,..,..,..,..,..,..,..,..,..,..,..,..,..,..,..,..,..,..,..,..,..,..,..,..
,,,,,,,,,,,,,,,,,,,,,,,,,,,,,,,,,,,,,,,,,,,,,,,,,,
OECD Total,9808,10236,10773,10552,10221,10791,11031,11170,11443,11108,10847,10506,10418,10763,10869,10860,11127,11450,11612,11616,11663,11688,11778,11967,12130,12516,12785,12799,12844,13170,13196,13088,13318,13447,13488,13423,13592,13278,12539,13055,12839,12678,12751,12534,12475,12383,12370,12446,12117,11154
Non-OECD Total,5783,6049,6414,6618,7026,7438,7778,8132,8427,8482,8360,8571,8754,9060,9243,9591,9983,10362,10639,10989,11055,10893,10940,10831,11294,11391,11515,11659,11704,12174,12542,12932,13903,14979,15973,16914,17799,18362,18668,20000,21163,21778,22320,22595,22495,22559,23103,23827,24195,..
,,,,,,,,,,,,,,,,,,,,,,,,,,,,,,,,,,,,,,,,,,,,,,,,,,
,,,,,,,,,,,,,,,,,,,,,,,,,,,,,,,,,,,,,,,,,,,,,,,,,,
Region/Country/Economy,1971,1972,1973,1974,1975,1976,1977,1978,1979,1980,1981,1982,1983,1984,1985,1986,1987,1988,1989,1990,1991,1992,1993,1994,1995,1996,1997,1998,1999,2000,2001,2002,2003,2004,2005,2006,2007,2008,2009,2010,2011,2012,2013,2014,2015,2016,2017,2018,2019,2020
Canada,366,385,404,413,404,415,428,429,446,452,431,414,407,426,427,419,431,463,478,446,441,456,453,469,481,496,512,521,531,552,545,563,584,576,589,582,614,592,563,580,594,591,603,612,609,610,624,639,638,587
Chile,22,22,21,21,18,19,20,20,21,22,22,19,20,21,22,22,22,27,32,31,30,31,33,36,40,46,52,53,56,52,50,50,51,56,57,58,65,69,67,71,78,80,85,78,83,88,89,88,93,82
Mexico,118,131,143,156,163,175,182,211,217,244,270,282,269,273,282,276,287,283,297,292,311,314,323,348,331,347,369,391,380,405,405,413,435,444,461,477,484,486,474,490,504,513,503,488,494,496,490,469,465,428
United States,4581,4825,4987,4823,4631,4898,5066,5057,5104,4897,4829,4605,4565,4777,4800,4760,4925,5145,5211,5112,5074,5147,5256,5335,5387,5546,5817,5864,5877,6045,6017,5856,5922,6002,6020,5923,6014,5847,5449,5701,5498,5289,5435,5471,5356,5240,5178,5373,5246,4737
OECD Americas,5118,5395,5589,5448,5249,5541,5732,5756,5827,5655,5592,5361,5303,5541,5576,5523,5714,5968,6070,5934,5911,6005,6125,6248,6303,6500,6820,6900,6906,7118,7082,6945,7054,7140,7191,7104,7243,7060,6622,6913,6754,6553,6715,6739,6634,6526,6466,6657,6535,5919
Australia,151,157,166,181,189,191,206,201,208,218,219,226,215,222,235,237,249,257,272,278,280,285,290,297,308,319,327,349,354,362,369,377,377,390,395,401,413,417,424,419,417,418,414,408,416,424,430,428,430,424
Israel,14,15,16,16,17,17,18,19,19,19,20,21,22,23,25,27,29,31,32,33,34,36,39,42,45,48,50,50,51,55,57,60,62,62,60,63,65,65,65,70,69,75,66,64,65,64,65,61,62,59
Japan,762,799,909,896,860,887,912,906,928,881,857,831,837,898,877,877,882,948,976,1064,1076,1086,1079,1131,1142,1156,1146,1108,1144,1162,1150,1189,1198,1193,1196,1173,1210,1145,1090,1147,1205,1244,1252,1207,1169,1158,1145,1105,1071,1038
Korea,56,58,72,75,82,90,103,112,126,130,136,136,144,157,162,169,175,199,209,238,261,281,307,332,362,386,407,348,383,437,451,441,443,465,463,471,484,495,509,558,581,583,582,570,590,597,608,614,594,579
New Zealand,14,16,17,18,17,19,20,19,17,17,17,19,19,19,20,19,20,22,22,23,24,25,25,25,25,26,29,28,30,31,33,33,34,34,35,35,34,35,32,32,31,33,33,33,33,32,34,33,35,35
OECD Asia Oceania,997,1044,1180,1187,1164,1204,1258,1257,1299,1265,1250,1232,1237,1320,1319,1330,1356,1456,1511,1636,1675,1713,1741,1827,1882,1935,1959,1883,1962,2046,2060,2100,2114,2145,2149,2143,2206,2157,2120,2226,2302,2353,2348,2281,2273,2275,2282,2242,2192,2135
Austria,..,..,..,..,..,..,..,..,..,..,..,..,..,..,..,..,..,..,..,..,..,..,..,..,..,..,..,..,..,..,..,..,..,..,..,..,..,..,..,..,..,..,..,..,..,..,..,..,..,..
Belgium,..,..,..,..,..,..,..,..,..,..,..,..,..,..,..,..,..,..,..,..,..,..,..,..,..,..,..,..,..,..,..,..,..,..,..,..,..,..,..,..,..,..,..,..,..,..,..,..,..,..
Czech Republic,..,..,..,..,..,..,..,..,..,..,..,..,..,..,..,..,..,..,..,..,..,..,..,..,..,..,..,..,..,..,..,..,..,..,..,..,..,..,..,..,..,..,..,..,..,..,..,..,..,..
Denmark,56,58,57,51,53,59,61,60,64,64,54,56,53,55,62,63,61,58,52,53,63,57,60,64,61,74,64,60,58,54,55,55,61,55,52,60,55,52,50,50,44,39,41,37,35,36,34,34,30,27
Estonia,..,..,..,..,..,..,..,..,..,..,..,..,..,..,..,..,..,..,..,36,32,24,18,18,16,17,17,16,15,15,15,15,17,17,17,16,20,18,15,19,18,17,19,18,16,16,17,15,10,9
Finland,..,..,..,..,..,..,..,..,..,..,..,..,..,..,..,..,..,..,..,..,..,..,..,..,..,..,..,..,..,..,..,..,..,..,..,..,..,..,..,..,..,..,..,..,..,..,..,..,..,..
France,433,449,485,466,433,473,459,478,485,465,417,399,384,371,362,351,345,343,359,355,380,369,351,345,353,369,360,382,376,374,377,371,377,378,381,371,362,358,345,349,336,340,341,308,314,317,320,309,303,266
Germany,994,1018,1069,1043,990,1046,1030,1069,1117,1066,1034,992,993,1013,1022,1024,1016,1008,983,957,935,893,888,875,874,905,873,865,833,830,850,836,839,822,805,817,785,792,738,777,748,762,780,737,744,749,734,709,658,599
Greece,..,..,..,..,..,..,..,..,..,..,..,..,..,..,..,..,..,..,..,..,..,..,..,..,..,..,..,..,..,..,..,..,..,..,..,..,..,..,..,..,..,..,..,..,..,..,..,..,..,..
Hungary,..,..,..,..,..,..,..,..,..,..,..,..,..,..,..,..,..,..,..,..,..,..,..,..,..,..,..,..,..,..,..,..,..,..,..,..,..,..,..,..,..,..,..,..,..,..,..,..,..,..
Iceland,..,..,..,..,..,..,..,..,..,..,..,..,..,..,..,..,..,..,..,..,..,..,..,..,..,..,..,..,..,..,..,..,..,..,..,..,..,..,..,..,..,..,..,..,..,..,..,..,..,..
Ireland,..,..,..,..,..,..,..,..,..,..,..,..,..,..,..,..,..,..,..,..,..,..,..,..,..,..,..,..,..,..,..,..,..,..,..,..,..,..,..,..,..,..,..,..,..,..,..,..,..,..
Italy,294,311,333,337,322,348,338,344,360,361,352,347,342,348,348,350,370,374,392,397,397,394,391,387,410,407,411,421,427,430,430,437,456,466,468,461,454,442,396,404,395,378,349,329,340,336,332,328,320,291
Latvia,..,..,..,..,..,..,..,..,..,..,..,..,..,..,..,..,..,..,..,..,..,..,..,..,..,..,..,..,..,..,..,..,..,..,..,..,..,..,..,..,..,..,..,..,..,..,..,..,..,..
Lithuania,..,..,..,..,..,..,..,..,..,..,..,..,..,..,..,..,..,..,..,..,..,..,..,..,..,..,..,..,..,..,..,..,..,..,..,..,..,..,..,..,..,..,..,..,..,..,..,..,..,..
Luxembourg,..,..,..,..,..,..,..,..,..,..,..,..,..,..,..,..,..,..,..,..,..,..,..,..,..,..,..,..,..,..,..,..,..,..,..,..,..,..,..,..,..,..,..,..,..,..,..,..,..,..
Netherlands,129,144,150,141,133,142,140,145,155,147,145,136,132,137,140,143,147,145,148,150,156,154,159,158,165,175,168,168,163,163,168,169,172,174,169,165,166,167,162,173,160,159,159,151,159,160,157,153,148,137
Norway,24,25,25,24,25,27,28,28,30,29,27,26,26,26,28,31,29,29,29,30,28,31,33,35,35,35,37,39,40,35,36,35,38,38,37,38,38,38,38,42,40,39,40,40,40,40,38,38,37,38
Poland,293,306,319,332,346,370,382,408,414,424,394,400,402,417,431,437,453,442,422,351,353,344,347,341,341,357,345,319,309,296,295,289,300,303,303,316,314,309,299,316,311,305,300,287,290,301,314,312,295,275
Portugal,..,..,..,..,..,..,..,..,..,..,..,..,..,..,..,..,..,..,..,..,..,..,..,..,..,..,..,..,..,..,..,..,..,..,..,..,..,..,..,..,..,..,..,..,..,..,..,..,..,..
Slovak Republic,..,..,..,..,..,..,..,..,..,..,..,..,..,..,..,..,..,..,..,..,..,..,..,..,..,..,..,..,..,..,..,..,..,..,..,..,..,..,..,..,..,..,..,..,..,..,..,..,..,..
Slovenia,..,..,..,..,..,..,..,..,..,..,..,..,..,..,..,..,..,..,..,14,13,13,14,14,14,15,16,15,15,14,15,15,15,16,16,16,16,17,16,16,16,15,15,13,13,14,14,14,14,12
Spain,..,..,..,..,..,..,..,..,..,..,..,..,..,..,..,..,..,..,..,..,..,..,..,..,..,..,..,..,..,..,..,..,..,..,..,..,..,..,..,..,..,..,..,..,..,..,..,..,..,..
Sweden,83,83,85,78,80,87,84,79,81,74,68,62,56,55,60,61,60,57,54,54,55,57,57,59,59,64,58,59,58,54,53,54,56,54,51,49,47,46,43,49,45,43,41,40,40,39,39,36,36,34
Switzerland,..,..,..,..,..,..,..,..,..,..,..,..,..,..,..,..,..,..,..,..,..,..,..,..,..,..,..,..,..,..,..,..,..,..,..,..,..,..,..,..,..,..,..,..,..,..,..,..,..,..
Turkey,..,..,..,..,..,..,..,..,..,..,..,..,..,..,..,..,..,..,..,..,..,..,..,..,..,..,..,..,..,..,..,..,..,..,..,..,..,..,..,..,..,..,..,..,..,..,..,..,..,..
United Kingdom,632,614,648,610,592,598,611,611,650,592,575,562,554,536,563,577,581,579,565,567,578,565,550,543,535,554,533,534,532,540,554,540,552,551,548,548,536,522,474,489,451,473,459,420,406,386,372,366,354,318
OECD Europe,3693,3796,4003,3917,3808,4046,4041,4157,4317,4188,4005,3913,3878,3903,3974,4008,4057,4025,4031,4046,4077,3971,3913,3892,3944,4081,4006,4016,3976,4005,4054,4043,4151,4162,4148,4176,4143,4060,3797,3916,3783,3772,3688,3513,3568,3582,3622,3547,3390,3100
Albania,..,..,..,..,..,..,..,..,..,..,..,..,..,..,..,..,..,..,..,..,..,..,..,..,..,..,..,..,..,..,..,..,..,..,..,..,..,..,..,..,..,..,..,..,..,..,..,..,..,..
Armenia,..,..,..,..,..,..,..,..,..,..,..,..,..,..,..,..,..,..,..,..,..,..,..,..,..,..,..,..,..,..,..,..,..,..,..,..,..,..,..,..,..,..,..,..,..,..,..,..,..,..
Azerbaijan,..,..,..,..,..,..,..,..,..,..,..,..,..,..,..,..,..,..,..,92,88,75,55,36,35,29,28,29,29,30,29,29,31,31,33,35,33,37,32,31,34,37,38,39,38,38,38,39,42,41
Belarus,..,..,..,..,..,..,..,..,..,..,..,..,..,..,..,..,..,..,..,..,..,..,..,..,..,..,..,..,..,..,..,..,..,..,..,..,..,..,..,..,..,..,..,..,..,..,..,..,..,..
Bosnia and Herzegovina,..,..,..,..,..,..,..,..,..,..,..,..,..,..,..,..,..,..,..,..,..,..,..,..,..,..,..,..,..,..,..,..,..,..,..,..,..,..,..,..,..,..,..,..,..,..,..,..,..,..
Bulgaria,..,..,..,..,..,..,..,..,..,..,..,..,..,..,..,..,..,..,..,..,..,..,..,..,..,..,..,..,..,..,..,..,..,..,..,..,..,..,..,..,..,..,..,..,..,..,..,..,..,..
Croatia,..,..,..,..,..,..,..,..,..,..,..,..,..,..,..,..,..,..,..,..,..,..,..,..,..,..,..,..,..,..,..,..,..,..,..,..,..,..,..,..,..,..,..,..,..,..,..,..,..,..
Cyprus,..,..,..,..,..,..,..,..,..,..,..,..,..,..,..,..,..,..,..,..,..,..,..,..,..,..,..,..,..,..,..,..,..,..,..,..,..,..,..,..,..,..,..,..,..,..,..,..,..,..
Georgia,..,..,..,..,..,..,..,..,..,..,..,..,..,..,..,..,..,..,..,..,..,..,..,..,..,..,..,..,..,..,..,..,..,..,..,..,..,..,..,..,..,..,..,..,..,..,..,..,..,..
Gibraltar,..,..,..,..,..,..,..,..,..,..,..,..,..,..,..,..,..,..,..,..,..,..,..,..,..,..,..,..,..,..,..,..,..,..,..,..,..,..,..,..,..,..,..,..,..,..,..,..,..,..
Kazakhstan,..,..,..,..,..,..,..,..,..,..,..,..,..,..,..,..,..,..,..,251,261,265,231,211,188,166,147,151,138,137,134,152,169,182,195,212,225,270,242,258,276,273,288,236,215,226,239,242,235,..
Kosovo,..,..,..,..,..,..,..,..,..,..,..,..,..,..,..,..,..,..,..,..,..,..,..,..,..,..,..,..,..,..,..,..,..,..,..,..,..,..,..,..,..,..,..,..,..,..,..,..,..,..
Kyrgyzstan,..,..,..,..,..,..,..,..,..,..,..,..,..,..,..,..,..,..,..,..,..,..,..,..,..,..,..,..,..,..,..,..,..,..,..,..,..,..,..,..,..,..,..,..,..,..,..,..,..,..
Malta,..,..,..,..,..,..,..,..,..,..,..,..,..,..,..,..,..,..,..,..,..,..,..,..,..,..,..,..,..,..,..,..,..,..,..,..,..,..,..,..,..,..,..,..,..,..,..,..,..,..
Republic of Moldova,..,..,..,..,..,..,..,..,..,..,..,..,..,..,..,..,..,..,..,..,..,..,..,..,..,..,..,..,..,..,..,..,..,..,..,..,..,..,..,..,..,..,..,..,..,..,..,..,..,..
Montenegro,..,..,..,..,..,..,..,..,..,..,..,..,..,..,..,..,..,..,..,..,..,..,..,..,..,..,..,..,..,..,..,..,..,..,..,..,..,..,..,..,..,..,..,..,..,..,..,..,..,..
Republic of North Macedonia,..,..,..,..,..,..,..,..,..,..,..,..,..,..,..,..,..,..,..,..,..,..,..,..,..,..,..,..,..,..,..,..,..,..,..,..,..,..,..,..,..,..,..,..,..,..,..,..,..,..
Romania,121,125,135,135,146,159,166,180,185,184,185,183,186,182,183,188,197,203,199,176,147,130,121,118,124,127,117,102,88,92,97,96,101,98,97,101,97,96,82,79,86,83,74,73,74,73,75,76,74,71
Russian Federation,..,..,..,..,..,..,..,..,..,..,..,..,..,..,..,..,..,..,..,2685,2631,2430,2263,2054,1995,1958,1833,1835,1882,1927,1938,1942,2016,2013,2039,2078,2083,2080,1957,2046,2132,2101,2058,2034,2023,2018,2057,2152,2209,2096
Serbia,..,..,..,..,..,..,..,..,..,..,..,..,..,..,..,..,..,..,..,..,..,..,..,..,..,..,..,..,..,..,..,..,..,..,..,..,..,..,..,..,..,..,..,..,..,..,..,..,..,..
Tajikistan,..,..,..,..,..,..,..,..,..,..,..,..,..,..,..,..,..,..,..,..,..,..,..,..,..,..,..,..,..,..,..,..,..,..,..,..,..,..,..,..,..,..,..,..,..,..,..,..,..,..
Turkmenistan,..,..,..,..,..,..,..,..,..,..,..,..,..,..,..,..,..,..,..,105,97,68,74,67,68,64,54,55,68,82,82,86,97,103,105,107,116,121,94,106,125,132,139,139,142,140,140,142,144,..
Ukraine,..,..,..,..,..,..,..,..,..,..,..,..,..,..,..,..,..,..,..,711,673,585,511,427,412,360,341,320,317,309,312,315,340,317,305,312,319,308,260,279,291,285,278,244,196,207,180,191,180,171
Uzbekistan,..,..,..,..,..,..,..,..,..,..,..,..,..,..,..,..,..,..,..,137,138,130,133,130,118,121,122,139,139,147,150,156,147,150,143,153,147,154,140,150,151,135,132,123,116,123,127,134,138,..
Former Soviet Union (if no detail),..,..,..,..,..,..,..,..,..,..,..,..,..,..,..,..,..,..,..,..,..,..,..,..,..,..,..,..,..,..,..,..,..,..,..,..,..,..,..,..,..,..,..,..,..,..,..,..,..,..
Former Yugoslavia (if no detail),..,..,..,..,..,..,..,..,..,..,..,..,..,..,..,..,..,..,..,..,..,..,..,..,..,..,..,..,..,..,..,..,..,..,..,..,..,..,..,..,..,..,..,..,..,..,..,..,..,..
Non-OECD Europe and Eurasia,2790,2924,3091,3240,3449,3583,3679,3839,3936,4043,4043,4167,4217,4276,4360,4484,4607,4666,4674,4839,4650,4237,3892,3492,3376,3265,3088,3071,3064,3137,3162,3193,3334,3331,3350,3445,3483,3534,3251,3399,3561,3500,3444,3310,3224,3251,3288,3409,3447,..
Algeria,38,46,51,54,58,72,79,86,87,84,80,80,85,89,98,111,106,103,106,104,108,109,117,120,126,128,127,128,132,137,133,138,150,151,157,163,165,170,170,172,176,195,199,210,219,219,221,229,233,..
Angola,6,8,8,9,9,7,10,9,9,9,9,8,8,8,9,10,11,13,12,12,13,13,16,19,23,27,28,29,30,28,28,28,29,30,30,31,34,38,39,41,41,41,43,45,48,47,43,39,39,..
Benin,1,1,1,1,1,1,1,1,1,1,1,1,1,1,1,1,1,1,1,1,1,1,1,1,1,1,2,2,2,2,2,2,3,3,3,4,4,4,5,5,5,5,5,6,6,7,7,8,8,8
Botswana,0,0,0,0,1,1,1,1,1,1,2,2,2,2,2,2,2,2,3,3,3,4,3,3,3,3,3,4,4,4,4,4,4,4,5,4,5,5,4,4,4,4,6,7,7,7,8,8,7,..
Cameroon,2,2,2,2,2,2,2,3,3,4,4,4,5,5,6,6,6,6,6,6,14,14,12,9,9,10,10,10,10,10,10,10,10,10,10,9,10,11,11,11,10,10,11,12,13,13,13,14,14,..
Congo,1,1,2,2,2,3,2,2,3,3,4,4,5,5,5,5,5,6,6,7,7,7,6,5,6,7,8,9,10,10,10,7,8,8,10,11,9,10,11,12,12,11,11,10,11,10,10,13,14,..
Côte d'Ivoire,3,3,3,3,3,4,4,4,4,4,4,4,4,4,4,5,5,4,4,3,4,4,4,4,4,5,6,6,8,8,8,9,7,7,8,8,8,9,8,9,9,11,11,12,12,12,13,12,13,..
Dem. Rep. of Congo,4,4,4,4,4,5,5,5,6,6,6,5,6,6,6,6,7,7,7,7,5,5,6,8,8,8,8,8,8,7,8,8,9,8,9,9,9,10,9,10,10,8,10,12,10,10,11,10,10,..
Egypt,28,29,28,30,34,38,40,41,45,51,57,60,66,73,78,78,83,83,87,95,96,97,100,96,101,107,113,117,123,119,132,134,140,150,170,178,190,199,203,205,211,221,219,224,230,235,249,258,261,..
Equatorial Guinea,..,..,..,..,..,..,..,..,..,..,0,0,0,0,0,0,0,0,0,0,0,2,2,2,2,3,4,5,7,7,9,10,11,13,16,17,16,17,16,16,16,15,14,16,14,13,12,12,11,..
Eritrea,..,..,..,..,..,..,..,..,..,..,..,..,..,..,..,..,..,..,..,..,..,1,1,1,1,1,1,1,1,1,1,1,1,1,1,1,1,1,1,1,1,1,1,1,1,1,1,1,1,..
Ethiopia,5,5,5,5,5,5,5,5,5,6,6,6,6,6,6,7,7,7,8,8,8,8,8,9,9,10,10,10,11,11,12,13,13,14,14,14,15,16,16,16,18,18,20,22,22,24,25,27,28,..
Gabon,3,3,6,7,8,9,8,9,9,8,8,8,8,9,10,8,7,7,9,10,11,11,11,12,13,14,13,14,13,13,13,12,13,13,13,11,10,11,11,12,11,11,11,11,12,12,10,10,10,..
Ghana,3,3,3,3,3,3,3,3,3,3,3,3,2,3,3,3,3,3,4,4,3,4,4,4,4,5,5,7,7,6,6,8,7,7,7,9,9,9,10,11,12,14,15,15,16,16,18,19,21,22
Kenya,4,4,5,5,5,5,5,5,5,6,6,5,5,6,6,7,7,7,7,7,7,7,7,7,8,8,8,9,9,10,10,9,9,9,10,11,11,12,14,15,15,14,16,17,19,20,21,19,24,..
Libya,143,120,109,80,69,90,96,100,102,95,67,67,70,71,67,69,64,69,69,83,88,80,87,101,109,112,105,104,101,106,102,101,109,114,123,125,121,125,122,128,68,125,107,87,80,80,101,110,115,..
Mauritius,..,..,..,..,..,..,..,..,..,..,..,..,..,..,..,..,..,..,..,..,..,..,..,..,..,..,..,..,..,..,..,..,..,..,..,..,..,..,..,..,..,..,..,..,..,..,..,..,..,..
Morocco,7,8,9,9,10,11,12,13,14,14,14,15,16,16,17,17,18,18,20,20,21,23,23,26,27,26,28,28,30,30,33,34,34,38,40,42,42,44,44,47,52,53,53,55,56,56,59,60,67,64
Mozambique,5,4,4,4,4,4,4,4,3,4,4,3,3,3,3,3,3,3,3,2,2,3,3,3,3,3,3,3,3,3,3,3,4,4,4,5,4,4,4,4,6,6,7,8,9,10,11,11,11,..
Namibia,..,..,..,..,..,..,..,..,..,..,..,..,..,..,..,..,..,..,..,..,1,1,1,2,2,2,2,2,2,2,3,2,2,2,3,3,3,3,3,3,3,3,4,4,4,4,4,4,4,..
Niger,0,0,0,0,1,1,1,1,1,1,1,1,1,1,1,1,1,1,1,1,1,1,1,1,1,1,1,1,1,1,1,1,1,1,1,1,1,1,2,2,2,3,3,3,3,3,3,3,3,..
Nigeria,62,73,83,92,95,110,112,112,142,129,100,98,99,99,106,103,99,109,124,131,144,157,151,143,154,176,173,159,155,172,178,162,179,178,178,165,156,159,146,166,170,168,177,184,176,176,176,179,186,..
Senegal,1,1,2,2,2,2,2,2,2,2,2,2,2,2,2,2,2,2,2,2,2,3,2,3,3,3,3,3,4,4,4,4,4,5,5,5,5,6,6,6,6,6,6,7,8,9,8,8,9,..
South Africa,169,175,191,198,217,232,233,212,218,229,242,240,233,248,252,249,264,264,267,274,269,265,275,282,295,305,321,330,312,318,354,364,388,416,413,415,433,465,441,463,447,465,475,487,462,462,474,471,477,..
South Sudan,..,..,..,..,..,..,..,..,..,..,..,..,..,..,..,..,..,..,..,..,..,..,..,..,..,..,..,..,..,..,..,..,..,..,..,..,..,..,..,..,..,2,4,5,6,5,5,5,6,..
Sudan,4,4,5,5,4,4,4,4,4,5,5,5,5,4,5,5,4,6,5,7,6,6,4,6,6,6,7,7,8,9,10,12,12,13,15,18,20,20,21,21,24,21,20,21,24,25,24,24,24,..
United Rep. of Tanzania,2,3,3,3,3,3,3,3,3,3,3,3,3,3,3,3,3,3,3,4,4,4,4,5,5,6,6,6,6,6,7,7,7,9,10,10,10,10,10,11,13,14,15,15,16,15,16,16,16,..
Togo,0,0,0,0,0,0,0,0,1,1,1,1,0,1,0,1,1,1,1,1,1,1,0,1,1,1,1,1,1,1,1,1,1,1,1,1,1,1,3,3,2,2,2,2,1,2,2,2,2,..
Tunisia,5,6,6,7,7,7,9,9,10,11,12,12,12,13,13,13,13,14,15,15,15,16,16,16,16,17,18,19,20,20,21,21,21,22,22,23,24,25,25,27,26,28,28,29,29,28,29,29,29,..
Zambia,..,..,..,..,..,..,..,..,..,..,..,..,..,..,..,..,..,..,..,..,..,..,..,..,..,..,..,..,..,..,..,..,..,..,..,..,..,..,..,..,..,..,..,..,..,..,..,..,..,..
Zimbabwe,..,..,..,..,..,..,..,..,..,..,..,..,..,..,..,..,..,..,..,..,..,..,..,..,..,..,..,..,..,..,..,..,..,..,..,..,..,..,..,..,..,..,..,..,..,..,..,..,..,..
Other Africa,..,..,..,..,..,..,..,..,..,..,..,..,..,..,..,..,..,..,..,..,..,..,..,..,..,..,..,..,..,..,..,..,..,..,..,..,..,..,..,..,..,..,..,..,..,..,..,..,..,..
Africa,525,533,561,558,579,650,674,667,714,714,673,671,680,712,739,754,767,787,817,857,889,897,922,939,993,1046,1066,1077,1075,1105,1163,1165,1236,1297,1345,1362,1391,1454,1427,1497,1441,1547,1565,1603,1592,1602,1658,1691,1735,..
Bangladesh,5,5,5,6,6,7,7,8,8,9,9,10,9,9,11,12,13,14,14,16,15,16,17,18,22,22,24,25,26,27,31,33,35,37,40,44,46,50,54,61,65,69,72,75,84,87,92,95,103,..
Brunei Darussalam,8,7,7,7,6,6,6,6,6,7,5,5,7,5,5,5,5,5,5,5,5,5,5,6,6,6,7,6,6,6,6,6,7,7,7,9,9,10,10,9,9,9,9,9,8,8,9,9,8,..
Cambodia,..,..,..,..,..,..,..,..,..,..,..,..,..,..,..,..,..,..,..,..,..,..,..,..,..,..,..,..,..,..,..,..,..,..,..,..,..,..,..,..,..,..,..,..,..,..,..,..,..,..
DPR of Korea,..,..,..,..,..,..,..,..,..,..,..,..,..,..,..,..,..,..,..,..,..,..,..,..,..,..,..,..,..,..,..,..,..,..,..,..,..,..,..,..,..,..,..,..,..,..,..,..,..,..
India,210,218,218,235,250,266,272,267,287,301,331,349,376,415,433,466,501,529,569,602,645,662,686,719,771,805,849,864,924,960,975,1007,1033,1104,1153,1229,1350,1436,1574,1668,1762,1908,1964,2133,2144,2177,2305,2422,2422,..
Indonesia,47,53,60,64,68,74,89,93,100,110,115,113,111,114,120,131,135,140,147,177,192,202,215,230,254,268,292,296,312,310,330,335,364,370,373,398,413,409,428,454,517,522,487,521,524,514,546,603,650,692
Lao People's Democratic Republic,..,..,..,..,..,..,..,..,..,..,..,..,..,..,..,..,..,..,..,..,..,..,..,..,..,..,..,..,..,..,..,..,..,..,..,..,..,..,..,..,..,..,..,..,..,..,..,..,..,..
Malaysia,15,15,17,20,22,25,23,25,29,31,32,33,37,40,41,39,39,41,48,57,68,70,76,83,90,102,110,109,118,127,133,139,147,162,171,177,194,207,185,204,206,209,227,241,242,236,230,246,255,..
Mongolia,..,..,..,..,..,..,..,..,..,..,..,..,..,..,..,..,..,..,..,..,..,..,..,..,..,..,..,..,..,..,..,..,..,..,..,..,..,..,..,..,..,..,..,..,..,..,..,..,..,..
Myanmar,..,..,..,..,..,..,..,..,..,..,..,..,..,..,..,..,..,..,..,..,..,..,..,..,..,..,..,..,..,..,..,..,..,..,..,..,..,..,..,..,..,..,..,..,..,..,..,..,..,..
Nepal,..,..,..,..,..,..,..,..,..,..,..,..,..,..,..,..,..,..,..,..,..,..,..,..,..,..,..,..,..,..,..,..,..,..,..,..,..,..,..,..,..,..,..,..,..,..,..,..,..,..
Pakistan,21,21,22,23,26,25,26,28,29,31,34,37,39,41,45,47,55,59,64,67,69,76,83,86,93,96,100,101,110,111,112,115,120,133,136,146,159,153,157,152,154,157,159,167,176,192,208,197,201,..
Philippines,26,27,30,29,32,32,35,36,38,36,34,34,36,33,32,30,36,38,40,42,41,44,47,50,60,65,72,72,69,70,70,69,71,73,74,68,71,73,74,80,80,83,92,98,106,117,128,133,140,..
Singapore,..,..,..,..,..,..,..,..,..,..,..,..,..,..,..,..,..,..,..,..,..,..,..,..,..,..,..,..,..,..,..,..,..,..,..,..,..,..,..,..,..,..,..,..,..,..,..,..,..,..
Sri Lanka,..,..,..,..,..,..,..,..,..,..,..,..,..,..,..,..,..,..,..,..,..,..,..,..,..,..,..,..,..,..,..,..,..,..,..,..,..,..,..,..,..,..,..,..,..,..,..,..,..,..
Chinese Taipei,..,..,..,..,..,..,..,..,..,..,..,..,..,..,..,..,..,..,..,..,..,..,..,..,..,..,..,..,..,..,..,..,..,..,..,..,..,..,..,..,..,..,..,..,..,..,..,..,..,..
Thailand,18,20,22,22,23,26,29,32,34,36,35,34,37,40,45,46,53,61,70,86,95,103,116,130,146,164,169,153,160,161,169,179,187,204,211,213,220,225,217,234,232,250,259,255,262,258,257,255,265,..
Viet Nam,19,19,21,18,21,16,17,17,18,19,20,21,22,22,22,24,26,26,22,24,24,25,29,31,36,40,46,50,51,55,60,69,73,89,96,99,108,119,131,146,147,146,153,167,204,202,202,251,300,..
Other Asia,..,..,..,..,..,..,..,..,..,..,..,..,..,..,..,..,..,..,..,..,..,..,..,..,..,..,..,..,..,..,..,..,..,..,..,..,..,..,..,..,..,..,..,..,..,..,..,..,..,..
Asia (excl. China),510,535,560,587,622,660,700,725,779,824,855,880,929,985,1030,1088,1151,1219,1293,1392,1478,1521,1597,1676,1805,1896,2005,2020,2139,2224,2290,2360,2458,2617,2715,2846,3026,3134,3256,3457,3625,3807,3865,4131,4220,4292,4529,4759,4898,..
People's Rep. of China,911,968,1005,1025,1188,1234,1389,1562,1591,1559,1551,1615,1696,1845,1858,1959,2088,2241,2321,2361,2475,2572,2788,2899,3228,3198,3253,3340,3237,3426,3595,3862,4465,5189,5904,6496,7042,7247,7737,8485,9275,9527,9959,9959,9861,9807,10026,10433,10619,..
"Hong Kong, China",..,..,..,..,..,..,..,..,..,..,..,..,..,..,..,..,..,..,..,..,..,..,..,..,..,..,..,..,..,..,..,..,..,..,..,..,..,..,..,..,..,..,..,..,..,..,..,..,..,..
"China (incl. Hong Kong, China)",921,978,1015,1036,1199,1246,1404,1578,1605,1574,1567,1634,1718,1869,1883,1987,2117,2273,2354,2395,2513,2614,2831,2936,3265,3233,3286,3382,3282,3467,3636,3902,4509,5229,5946,6538,7086,7290,7782,8527,9319,9572,10004,10006,9904,9851,10069,10476,10662,..
Argentina,95,98,101,102,100,105,110,110,117,115,111,112,115,116,110,113,117,124,121,114,119,121,124,125,128,139,142,150,152,151,145,138,149,163,166,174,181,186,174,184,193,195,200,197,203,201,197,195,188,177
Bolivia,10,11,13,12,12,14,13,14,14,13,14,14,15,14,13,12,12,13,15,15,15,16,14,13,11,10,12,11,10,10,10,11,12,13,14,15,16,18,18,19,21,23,25,27,27,28,28,28,27,..
Brazil,102,110,126,136,144,157,161,174,184,182,171,171,165,167,175,193,197,200,202,201,208,213,219,227,245,264,283,292,303,317,324,325,321,339,343,346,362,383,359,407,426,461,493,520,496,460,472,449,451,425
Colombia,32,32,34,36,33,35,36,38,38,40,40,41,43,44,45,47,50,50,52,53,55,57,60,60,64,64,70,71,63,65,66,63,62,62,63,63,65,66,70,73,79,80,89,91,91,93,85,89,92,85
Costa Rica,..,..,..,..,..,..,..,..,..,..,..,..,..,..,..,..,..,..,..,..,..,..,..,..,..,..,..,..,..,..,..,..,..,..,..,..,..,..,..,..,..,..,..,..,..,..,..,..,..,..
Cuba,21,21,22,24,25,26,28,30,30,31,31,31,34,35,33,34,35,37,39,35,27,22,20,22,23,25,27,27,28,29,28,27,26,26,26,27,28,27,27,28,28,29,29,27,30,28,27,27,26,..
Curaçao,..,..,..,..,..,..,..,..,..,..,..,..,..,..,..,..,..,..,..,..,..,..,..,..,..,..,..,..,..,..,..,..,..,..,..,..,..,..,..,..,..,..,..,..,..,..,..,..,..,..
Dominican Republic,..,..,..,..,..,..,..,..,..,..,..,..,..,..,..,..,..,..,..,..,..,..,..,..,..,..,..,..,..,..,..,..,..,..,..,..,..,..,..,..,..,..,..,..,..,..,..,..,..,..
Ecuador,4,5,8,8,9,10,11,13,14,14,16,16,16,16,17,18,15,19,18,18,19,20,21,23,25,29,29,29,26,27,29,29,30,33,34,36,36,37,39,42,42,42,45,47,47,45,44,45,45,..
El Salvador,..,..,..,..,..,..,..,..,..,..,..,..,..,..,..,..,..,..,..,..,..,..,..,..,..,..,..,..,..,..,..,..,..,..,..,..,..,..,..,..,..,..,..,..,..,..,..,..,..,..
Guatemala,..,..,..,..,..,..,..,..,..,..,..,..,..,..,..,..,..,..,..,..,..,..,..,..,..,..,..,..,..,..,..,..,..,..,..,..,..,..,..,..,..,..,..,..,..,..,..,..,..,..
Guyana,2,2,2,2,2,2,2,2,2,2,2,2,1,2,2,1,1,2,1,1,1,1,1,1,2,2,2,2,2,2,2,2,2,2,2,1,2,2,2,2,2,2,2,2,2,2,2,3,3,..
Haiti,..,..,..,..,..,..,..,..,..,..,..,..,..,..,..,..,..,..,..,..,..,..,..,..,..,..,..,..,..,..,..,..,..,..,..,..,..,..,..,..,..,..,..,..,..,..,..,..,..,..
Honduras,..,..,..,..,..,..,..,..,..,..,..,..,..,..,..,..,..,..,..,..,..,..,..,..,..,..,..,..,..,..,..,..,..,..,..,..,..,..,..,..,..,..,..,..,..,..,..,..,..,..
Jamaica,..,..,..,..,..,..,..,..,..,..,..,..,..,..,..,..,..,..,..,..,..,..,..,..,..,..,..,..,..,..,..,..,..,..,..,..,..,..,..,..,..,..,..,..,..,..,..,..,..,..
Nicaragua,..,..,..,..,..,..,..,..,..,..,..,..,..,..,..,..,..,..,..,..,..,..,..,..,..,..,..,..,..,..,..,..,..,..,..,..,..,..,..,..,..,..,..,..,..,..,..,..,..,..
Panama,..,..,..,..,..,..,..,..,..,..,..,..,..,..,..,..,..,..,..,..,..,..,..,..,..,..,..,..,..,..,..,..,..,..,..,..,..,..,..,..,..,..,..,..,..,..,..,..,..,..
Paraguay,1,1,1,1,1,1,1,2,2,2,2,2,2,2,2,2,2,2,2,2,2,3,3,4,4,4,4,5,5,4,4,4,4,4,4,4,4,5,5,5,6,5,6,6,7,8,8,9,9,..
Peru,20,20,20,21,22,23,22,22,25,26,26,26,23,24,23,23,24,24,22,22,21,22,23,23,26,28,28,27,30,29,27,28,28,31,31,31,34,38,41,46,50,49,50,54,55,58,55,55,57,..
Suriname,..,..,..,..,..,..,..,..,..,..,..,..,..,..,..,..,..,..,..,..,..,..,..,..,..,..,..,..,..,..,..,..,..,..,..,..,..,..,..,..,..,..,..,..,..,..,..,..,..,..
Trinidad and Tobago,11,11,12,12,12,13,14,14,21,18,18,18,12,13,20,19,20,21,21,19,19,19,15,11,11,12,12,12,13,13,15,17,20,21,23,27,27,27,26,28,29,28,29,29,28,24,24,23,23,..
Uruguay,5,6,5,5,5,5,5,5,6,5,5,5,4,3,3,3,4,5,5,4,4,5,4,4,5,5,5,6,7,5,5,4,4,5,5,6,6,8,8,6,8,8,7,7,7,7,6,7,7,7
Venezuela,233,218,234,205,161,160,160,161,179,182,178,173,168,169,165,179,179,187,188,204,213,216,225,228,248,270,287,292,274,286,290,286,272,289,301,298,292,302,293,305,302,333,334,331,309,288,259,231,192,..
Other Non-OECD Americas,..,..,..,..,..,..,..,..,..,..,..,..,..,..,..,..,..,..,..,..,..,..,..,..,..,..,..,..,..,..,..,..,..,..,..,..,..,..,..,..,..,..,..,..,..,..,..,..,..,..
Non-OECD Americas,549,550,596,579,540,563,580,597,642,638,619,613,598,605,603,638,652,678,681,684,699,712,725,741,791,854,903,931,930,958,967,962,961,1021,1048,1070,1096,1135,1093,1177,1209,1283,1327,1356,1325,1266,1228,1185,1145,..
Bahrain,8,8,8,9,8,10,11,12,12,12,12,11,10,10,11,12,12,12,13,13,13,15,16,16,16,17,17,18,18,19,19,20,21,21,24,26,27,28,28,29,30,31,33,34,35,34,35,35,38,..
Islamic Rep. of Iran,185,201,227,241,243,278,277,267,209,150,147,197,203,197,206,189,205,207,254,273,301,319,327,358,363,373,386,383,416,440,453,466,501,535,572,611,645,654,674,672,684,681,701,735,736,771,804,814,778,..
Iraq,61,61,73,76,86,101,92,100,130,107,53,58,61,69,82,94,99,115,124,104,51,77,102,118,117,116,149,139,128,144,151,136,116,136,130,130,125,142,152,167,178,204,216,217,230,252,266,276,291,..
Jordan,1,2,2,2,2,3,3,3,4,4,5,6,7,7,8,8,9,9,9,9,9,11,11,12,12,13,13,14,14,15,15,16,16,18,19,19,20,19,20,19,20,23,23,24,24,24,25,24,24,..
Kuwait,65,66,59,48,40,41,40,45,51,41,36,37,41,43,46,52,54,65,76,37,9,30,45,52,51,51,53,58,60,66,69,70,75,80,89,92,89,95,95,99,103,106,109,107,110,114,112,113,114,..
Lebanon,5,5,7,7,6,5,5,6,6,7,6,5,5,6,7,7,7,6,6,6,7,7,10,11,13,14,16,15,16,14,15,15,15,16,15,14,13,17,20,19,19,21,21,23,25,26,27,26,26,..
Oman,13,13,13,13,13,15,15,4,4,5,6,6,8,9,10,12,12,13,13,18,22,22,23,25,28,29,30,29,32,36,40,42,43,42,42,50,53,52,55,59,66,74,77,81,85,88,87,92,92,..
Qatar,13,14,15,15,17,16,14,16,16,13,16,13,12,13,13,13,14,14,15,15,18,17,20,23,23,26,32,34,36,37,37,40,44,47,49,55,61,65,67,76,85,93,95,99,102,104,105,104,110,..
Saudi Arabia,88,104,124,139,142,176,189,190,231,262,241,198,184,159,149,158,165,183,185,213,246,260,257,256,254,267,272,286,287,301,302,319,339,355,375,395,411,445,454,496,520,548,554,590,618,619,605,582,582,..
Syrian Arab Republic ,13,14,14,17,22,24,25,23,25,24,27,26,29,31,28,29,44,45,45,54,62,66,69,71,74,76,77,80,80,80,79,80,79,74,83,85,87,88,85,87,80,60,38,33,32,32,37,34,33,..
United Arab Emirates,36,40,46,51,56,66,67,57,58,60,50,46,48,62,63,61,62,61,68,68,76,73,78,86,90,94,98,99,101,101,114,115,121,128,135,140,149,172,172,179,184,196,206,204,216,222,216,195,209,..
Yemen,1,1,2,2,2,2,2,2,3,4,4,4,5,5,5,5,6,11,12,12,14,14,16,20,21,22,23,24,26,29,30,30,33,33,35,36,37,36,39,41,38,33,42,40,18,12,12,12,14,..
Middle East,489,529,590,618,637,736,741,726,750,689,603,607,612,612,628,640,689,739,819,822,827,911,973,1048,1064,1097,1166,1178,1215,1283,1325,1350,1404,1484,1568,1653,1717,1815,1860,1943,2007,2070,2115,2189,2230,2298,2331,2307,2308,..
IEA/Accession/Association,..,..,..,..,..,..,..,..,..,..,..,..,..,..,..,..,..,..,..,..,..,..,..,..,..,..,..,..,..,..,..,..,..,..,..,..,..,..,..,..,..,..,..,..,..,..,..,..,..,..
European Union - 27,..,..,..,..,..,..,..,..,..,..,..,..,..,..,..,..,..,..,..,3550,3518,3396,3341,3321,3375,3478,3406,3396,3336,3343,3403,3396,3489,3491,3473,3481,3436,3367,3132,3221,3123,3069,2995,2842,2903,2913,2935,2868,2730,2468
G7,8062,8401,8835,8589,8230,8664,8843,8895,9090,8714,8495,8150,8081,8369,8399,8358,8549,8860,8964,8898,8881,8911,8967,9086,9183,9435,9652,9696,9720,9932,9923,9792,9928,9989,10006,9876,9976,9698,9054,9448,9227,9078,9219,9085,8938,8794,8705,8829,8591,7835
G8,..,..,..,..,..,..,..,..,..,..,..,..,..,..,..,..,..,..,..,11583,11511,11341,11230,11140,11178,11393,11485,11531,11602,11859,11862,11734,11943,12002,12046,11954,12059,11778,11011,11493,11359,11179,11276,11118,10961,10813,10762,10981,10800,9940
G20,..,..,..,..,..,..,..,..,..,..,..,..,..,..,..,..,..,..,..,..,..,..,..,..,..,..,..,..,..,..,..,..,..,..,..,..,..,..,..,..,..,..,..,..,..,..,..,..,..,..
Africa,525,533,561,558,579,650,674,667,714,714,673,671,680,712,739,754,767,787,817,857,889,897,922,939,993,1046,1066,1077,1075,1105,1163,1165,1236,1297,1345,1362,1391,1454,1427,1497,1441,1547,1565,1603,1592,1602,1658,1691,1735,..
Americas,5668,5945,6186,6027,5789,6104,6313,6353,6469,6293,6211,5973,5901,6146,6179,6160,6366,6646,6751,6618,6610,6717,6850,6989,7094,7353,7723,7831,7836,8076,8050,7907,8015,8161,8239,8173,8339,8196,7715,8090,7963,7836,8042,8095,7958,7793,7694,7842,7680,..
Asia,..,..,..,..,..,..,..,..,..,..,..,..,..,..,..,..,..,..,..,..,..,..,..,..,..,..,..,..,..,..,..,..,..,..,..,..,..,..,..,..,..,..,..,..,..,..,..,..,..,..
Europe,..,..,..,..,..,..,..,..,..,..,..,..,..,..,..,..,..,..,..,..,..,..,..,..,..,..,..,..,..,..,..,..,..,..,..,..,..,..,..,..,..,..,..,..,..,..,..,..,..,..
Oceania,..,..,..,..,..,..,..,..,..,..,..,..,..,..,..,..,..,..,..,..,..,..,..,..,..,..,..,..,..,..,..,..,..,..,..,..,..,..,..,..,..,..,..,..,..,..,..,..,..,..
,"The original version of this file, as published by the International Energy Agency, is available free of charge on the IEA’s website at:",,,,,,,,,,,,,,,,,,,,,,https://www.iea.org/subscribe-to-data-services/co2-emissions-statistics,,,,,,,,,,,,,,,,,,,,,,,,,,,
,"
You are permitted to use the data in this file as set out in the IEA’s terms and conditions here:  ",,,,,,,,,,,,,,,,,,,,,,https://www.iea.org/terms,,,,,,,,,,,,,,,,,,,,,,,,,,,
,"This notice, and any copyright or sourcing statements in the file, must not be removed from this file.",,,,,,,,,,,,,,,,,,,,,,,,,,,,,,,,,,,,,,,,,,,,,,,,,