GHG emissions from fuel combustion,,,,,,,Source:,,"IEA (2021), GHG Emissions from Energy",,,,,,,,,,,,,,"IEA, All rights reserved ",,,,,,,,,,,,,,,,,,,,,,,,,,,
,,,,,,,Documentation:,,Accessible here,,,,,,,,,,,,,,https://www.iea.org/terms,,,,,,,,,,,,,,,,,,,,,,,,,,,
Back to the table of contents,,,,,,,,,,,,,,,,,,,,,,,,,,,,,,,,,,,,,,,,,,,,,,,,,,
million tonnes of CO2 eq,1971,1972,1973,1974,1975,1976,1977,1978,1979,1980,1981,1982,1983,1984,1985,1986,1987,1988,1989,1990,1991,1992,1993,1994,1995,1996,1997,1998,1999,2000,2001,2002,2003,2004,2005,2006,2007,2008,2009,2010,2011,2012,2013,2014,2015,2016,2017,2018,2019,2020
,,,,,,,,,,,,,,,,,,,,,,,,,,,,,,,,,,,,,,,,,,,,,,,,,,
World, 14 284, 14 968, 15 816, 15 787, 15 853, 16 687, 17 251, 17 761, 18 287, 18 108, 17 879, 17 693, 17 806, 18 402, 18 682, 19 016, 19 655, 20 318, 20 697, 20 988, 21 116, 21 055, 21 176, 21 272, 21 857, 22 304, 22 711, 22 886, 23 025, 23 743, 24 091, 24 434, 25 478, 26 666, 27 631, 28 509, 29 563, 29 785, 29 347, 31 152, 32 034, 32 385, 33 000, 33 061, 32 963, 32 987, 33 535, 34 249, 34 234,..
,,,,,,,,,,,,,,,,,,,,,,,,,,,,,,,,,,,,,,,,,,,,,,,,,,
Annex I Parties ,..,..,..,..,..,..,..,..,..,..,..,..,..,..,..,..,..,..,.., 13 889, 13 772, 13 473, 13 274, 13 090, 13 156, 13 416, 13 489, 13 491, 13 532, 13 797, 13 818, 13 706, 13 975, 14 036, 14 041, 14 013, 14 147, 13 815, 12 895, 13 421, 13 227, 13 020, 13 026, 12 762, 12 598, 12 498, 12 471, 12 594, 12 261,..
   Annex II Parties   , 8 686, 9 071, 9 559, 9 314, 8 953, 9 457, 9 635, 9 695, 9 908, 9 534, 9 279, 8 922, 8 843, 9 117, 9 189, 9 170, 9 372, 9 681, 9 825, 9 782, 9 804, 9 845, 9 904, 10 050, 10 169, 10 466, 10 682, 10 764, 10 815, 11 044, 11 068, 10 967, 11 141, 11 226, 11 242, 11 107, 11 208, 10 884, 10 181, 10 565, 10 269, 10 077, 10 170, 9 957, 9 841, 9 722, 9 630, 9 685, 9 367,..
      North America      , 4 684, 4 944, 5 128, 4 985, 4 793, 5 069, 5 248, 5 241, 5 284, 5 082, 5 000, 4 769, 4 736, 4 944, 4 972, 4 928, 5 096, 5 338, 5 416, 5 280, 5 237, 5 324, 5 439, 5 527, 5 588, 5 761, 6 044, 6 099, 6 127, 6 315, 6 279, 6 140, 6 228, 6 299, 6 328, 6 218, 6 334, 6 137, 5 713, 5 963, 5 749, 5 521, 5 670, 5 683, 5 562, 5 470, 5 403, 5 567, 5 401,..
      Europe      , 3 085, 3 165, 3 349, 3 244, 3 105, 3 302, 3 262, 3 340, 3 483, 3 349, 3 199, 3 092, 3 051, 3 049, 3 101, 3 125, 3 142, 3 134, 3 158, 3 156, 3 207, 3 147, 3 094, 3 092, 3 129, 3 228, 3 161, 3 205, 3 186, 3 203, 3 267, 3 258, 3 334, 3 339, 3 319, 3 312, 3 251, 3 185, 2 956, 3 042, 2 904, 2 899, 2 842, 2 671, 2 707, 2 684, 2 665, 2 599, 2 481,..
      Asia Oceania,  916,  961, 1 082, 1 085, 1 055, 1 086, 1 126, 1 115, 1 142, 1 104, 1 080, 1 062, 1 056, 1 124, 1 116, 1 116, 1 133, 1 209, 1 251, 1 346, 1 359, 1 375, 1 372, 1 430, 1 452, 1 477, 1 477, 1 459, 1 502, 1 526, 1 523, 1 569, 1 579, 1 588, 1 595, 1 578, 1 624, 1 563, 1 512, 1 561, 1 615, 1 656, 1 658, 1 603, 1 572, 1 568, 1 561, 1 519, 1 485,..
   Annex I EIT   ,..,..,..,..,..,..,..,..,..,..,..,..,..,..,..,..,..,..,.., 3 967, 3 825, 3 479, 3 214, 2 888, 2 821, 2 767, 2 615, 2 536, 2 526, 2 539, 2 554, 2 533, 2 617, 2 589, 2 569, 2 652, 2 658, 2 654, 2 439, 2 573, 2 657, 2 632, 2 559, 2 485, 2 426, 2 426, 2 450, 2 522, 2 516,..
Non-Annex I Parties ,..,..,..,..,..,..,..,..,..,..,..,..,..,..,..,..,..,..,.., 6 463, 6 700, 6 901, 7 229, 7 482, 7 977, 8 143, 8 451, 8 599, 8 656, 9 084, 9 443, 9 858, 10 627, 11 676, 12 590, 13 443, 14 312, 14 857, 15 393, 16 601, 17 661, 18 265, 18 869, 19 156, 19 169, 19 250, 19 768, 20 332, 20 658,..
,,,,,,,,,,,,,,,,,,,,,,,,,,,,,,,,,,,,,,,,,,,,,,,,,,
Annex B Kyoto Parties,..,..,..,..,..,..,..,..,..,..,..,..,..,..,..,..,..,..,.., 5 448, 5 396, 5 179, 4 990, 4 853, 4 858, 4 919, 4 793, 4 790, 4 716, 4 716, 4 799, 4 797, 4 945, 4 952, 4 934, 4 975, 4 950, 4 906, 4 554, 4 697, 4 580, 4 544, 4 461, 4 174, 4 156, 4 178, 4 174, 4 115, 3 946,..
,,,,,,,,,,,,,,,,,,,,,,,,,,,,,,,,,,,,,,,,,,,,,,,,,,
OECD Total, 9 496, 9 917, 10 452, 10 241, 9 916, 10 482, 10 718, 10 843, 11 096, 10 759, 10 493, 10 161, 10 092, 10 416, 10 525, 10 526, 10 779, 11 094, 11 254, 11 252, 11 295, 11 318, 11 413, 11 591, 11 742, 12 123, 12 383, 12 394, 12 446, 12 767, 12 791, 12 689, 12 916, 13 044, 13 082, 13 009, 13 169, 12 847, 12 115, 12 607, 12 367, 12 182, 12 245, 11 995, 11 933, 11 868, 11 838, 11 867, 11 495, 10 579
Non-OECD Total, 4 260, 4 496, 4 780, 4 994, 5 417, 5 674, 5 986, 6 362, 6 618, 6 784, 6 847, 7 018, 7 218, 7 478, 7 620, 7 912, 8 287, 8 604, 8 810, 9 100, 9 177, 9 055, 9 089, 8 981, 9 391, 9 436, 9 557, 9 696, 9 742, 10 113, 10 469, 10 876, 11 687, 12 667, 13 549, 14 448, 15 290, 15 825, 16 173, 17 414, 18 522, 19 103, 19 650, 19 923, 19 834, 19 881, 20 401, 21 059, 21 425,..
International marine bunkers,  358,  374,  395,  370,  345,  355,  355,  357,  368,  361,  335,  302,  283,  287,  309,  329,  325,  341,  341,  375,  390,  419,  406,  418,  432,  442,  453,  467,  494,  507,  481,  500,  507,  558,  577,  615,  652,  653,  621,  668,  669,  623,  621,  642,  666,  685,  709,  707,  692,..
International aviation bunkers,  171,  181,  188,  181,  175,  176,  192,  199,  206,  205,  204,  211,  213,  221,  227,  249,  264,  279,  293,  261,  254,  262,  267,  281,  292,  303,  318,  329,  343,  356,  349,  370,  368,  397,  422,  438,  452,  460,  438,  462,  476,  477,  485,  501,  529,  553,  587,  615,  623,..
,,,,,,,,,,,,,,,,,,,,,,,,,,,,,,,,,,,,,,,,,,,,,,,,,,
,,,,,,,,,,,,,,,,,,,,,,,,,,,,,,,,,,,,,,,,,,,,,,,,,,
Region/Country/Economy,1971,1972,1973,1974,1975,1976,1977,1978,1979,1980,1981,1982,1983,1984,1985,1986,1987,1988,1989,1990,1991,1992,1993,1994,1995,1996,1997,1998,1999,2000,2001,2002,2003,2004,2005,2006,2007,2008,2009,2010,2011,2012,2013,2014,2015,2016,2017,2018,2019,2020
Canada,  345.6,  363.5,  381.5,  391.3,  382.9,  395.1,  407.6,  409.2,  423.6,  428.7,  409.0,  391.5,  384.8,  400.2,  399.7,  391.6,  402.5,  432.9,  448.5,  416.1,  410.4,  423.3,  420.4,  436.0,  445.7,  459.9,  474.7,  481.7,  491.3,  511.1,  503.7,  522.3,  542.1,  534.1,  546.9,  537.4,  568.3,  548.0,  520.2,  534.3,  546.9,  545.5,  555.1,  560.2,  557.3,  556.4,  567.2,  579.2,  579.6,  531.2
Chile,  21.7,  21.3,  20.6,  20.3,  17.7,  18.5,  19.3,  20.1,  21.3,  22.1,  22.0,  19.1,  19.8,  21.0,  20.4,  21.1,  21.4,  25.8,  31.0,  30.6,  29.4,  30.5,  32.2,  35.4,  38.5,  44.5,  51.1,  51.7,  54.3,  50.3,  48.3,  49.1,  50.3,  55.1,  56.1,  57.4,  64.9,  68.4,  66.1,  70.5,  77.4,  79.7,  84.5,  77.3,  83.0,  87.2,  88.2,  87.8,  92.6,  81.7
Mexico,  96.7,  109.5,  120.9,  131.7,  138.0,  148.8,  158.1,  174.1,  188.0,  209.1,  224.3,  235.1,  228.4,  236.5,  245.9,  244.7,  254.5,  253.3,  267.3,  262.6,  281.0,  284.0,  291.5,  315.5,  297.2,  310.8,  329.2,  351.7,  342.2,  366.2,  367.0,  374.6,  393.3,  403.0,  419.6,  434.3,  440.9,  442.2,  432.7,  448.1,  464.2,  467.2,  457.4,  441.8,  450.1,  454.0,  453.8,  431.5,  426.9,  387.7
United States, 4 338.9, 4 580.9, 4 746.1, 4 594.2, 4 409.9, 4 674.1, 4 840.8, 4 831.9, 4 860.3, 4 652.9, 4 591.0, 4 377.3, 4 351.1, 4 543.9, 4 572.4, 4 536.8, 4 693.9, 4 905.0, 4 967.6, 4 864.1, 4 826.6, 4 900.3, 5 018.2, 5 091.1, 5 142.6, 5 300.7, 5 569.4, 5 617.2, 5 636.1, 5 803.8, 5 775.1, 5 618.0, 5 685.6, 5 765.1, 5 781.2, 5 680.3, 5 765.3, 5 588.5, 5 193.1, 5 428.2, 5 202.6, 4 975.2, 5 114.6, 5 123.1, 5 004.5, 4 914.1, 4 836.2, 4 987.5, 4 821.3, 4 354.2
OECD Americas, 4 831.3, 5 104.1, 5 299.3, 5 169.8, 4 978.6, 5 268.4, 5 458.6, 5 470.3, 5 528.6, 5 349.6, 5 283.2, 5 060.6, 5 023.5, 5 241.6, 5 280.1, 5 236.5, 5 417.2, 5 662.3, 5 761.6, 5 621.4, 5 597.2, 5 689.5, 5 816.6, 5 932.2, 5 980.7, 6 172.4, 6 484.9, 6 563.0, 6 577.0, 6 787.0, 6 750.0, 6 617.8, 6 724.5, 6 810.6, 6 858.1, 6 763.8, 6 895.0, 6 703.5, 6 271.1, 6 541.5, 6 356.1, 6 132.5, 6 284.6, 6 277.4, 6 170.6, 6 090.4, 6 016.4, 6 160.6, 5 997.6, 5 427.3
Australia,  145.8,  151.0,  160.4,  175.2,  182.2,  184.6,  198.8,  193.9,  200.3,  209.7,  210.4,  216.7,  204.8,  211.1,  223.3,  224.7,  235.0,  244.1,  257.7,  263.2,  264.5,  268.6,  272.7,  278.6,  289.1,  299.6,  307.0,  327.7,  332.9,  338.8,  345.1,  353.2,  352.2,  365.6,  369.8,  375.1,  385.4,  388.7,  395.1,  387.7,  386.1,  386.1,  379.8,  370.5,  376.8,  385.0,  389.4,  386.9,  385.2,  380.4
Israel,  13.9,  14.6,  15.8,  16.0,  16.6,  16.6,  17.5,  18.7,  19.2,  19.0,  19.8,  21.1,  22.0,  22.9,  24.5,  27.0,  29.3,  31.0,  32.2,  33.1,  33.7,  35.9,  39.4,  42.3,  45.3,  47.5,  49.7,  49.8,  51.2,  55.4,  56.7,  59.8,  61.6,  61.7,  59.3,  62.6,  64.9,  65.1,  64.4,  69.1,  68.1,  74.4,  65.4,  62.9,  64.5,  63.5,  64.2,  59.9,  61.5,  58.6
Japan,  756.8,  794.7,  904.3,  892.4,  856.0,  882.8,  907.7,  902.4,  924.8,  877.3,  853.3,  826.9,  832.9,  893.8,  873.2,  873.4,  878.6,  944.6,  972.6, 1 060.2, 1 072.2, 1 082.1, 1 075.2, 1 127.7, 1 138.3, 1 151.8, 1 142.4, 1 104.6, 1 140.1, 1 157.5, 1 146.0, 1 184.6, 1 193.5, 1 189.2, 1 191.3, 1 168.1, 1 205.0, 1 139.9, 1 085.6, 1 142.4, 1 198.9, 1 238.4, 1 246.4, 1 200.6, 1 163.5, 1 151.7, 1 138.8, 1 099.8, 1 065.8, 1 033.2
Korea,  54.7,  56.7,  70.5,  74.0,  80.1,  89.0,  101.5,  110.5,  124.5,  129.0,  134.8,  134.6,  142.7,  155.4,  160.0,  166.7,  172.9,  196.6,  207.5,  236.3,  259.9,  279.6,  306.3,  330.6,  360.5,  385.0,  405.7,  346.5,  381.3,  435.3,  449.4,  439.6,  441.5,  463.6,  461.5,  468.7,  481.5,  493.0,  506.4,  555.4,  578.4,  580.1,  579.3,  567.5,  587.2,  594.3,  605.4,  611.1,  590.7,  575.6
New Zealand,  13.7,  15.7,  17.0,  17.7,  16.8,  18.5,  19.1,  18.6,  16.7,  16.8,  16.6,  18.3,  18.4,  18.8,  19.3,  18.2,  19.5,  20.8,  20.9,  22.2,  22.5,  24.2,  23.9,  24.2,  24.3,  25.3,  27.6,  27.2,  28.6,  29.4,  31.6,  31.5,  33.4,  32.9,  34.2,  34.3,  33.1,  34.0,  31.0,  31.0,  30.2,  32.0,  31.7,  31.8,  32.0,  31.1,  32.9,  32.3,  34.0,  33.7
OECD Asia Oceania,  985.0, 1 032.7, 1 167.9, 1 175.3, 1 151.7, 1 191.6, 1 244.6, 1 244.1, 1 285.4, 1 251.8, 1 234.9, 1 217.6, 1 220.8, 1 302.0, 1 300.3, 1 309.9, 1 335.3, 1 437.0, 1 491.0, 1 615.1, 1 652.8, 1 690.4, 1 717.5, 1 803.3, 1 857.5, 1 909.2, 1 932.4, 1 855.8, 1 934.1, 2 016.4, 2 028.9, 2 068.7, 2 082.2, 2 113.1, 2 116.2, 2 108.8, 2 169.9, 2 120.7, 2 082.5, 2 185.6, 2 261.7, 2 311.0, 2 302.6, 2 233.4, 2 224.0, 2 225.6, 2 230.7, 2 190.0, 2 137.3, 2 081.4
Austria,  49.6,  51.4,  54.9,  52.1,  50.5,  54.9,  52.3,  54.7,  57.0,  55.5,  52.7,  51.0,  50.6,  52.3,  54.0,  53.0,  53.7,  52.0,  52.0,  57.6,  61.9,  57.0,  57.2,  57.5,  60.9,  64.7,  63.8,  64.4,  62.8,  63.2,  67.6,  69.0,  74.2,  75.5,  75.9,  73.7,  70.7,  70.2,  64.2,  70.1,  68.3,  65.2,  65.8,  62.1,  63.3,  63.7,  65.9,  62.9,  64.7,  58.9
Belgium,  119.4,  129.4,  134.6,  132.4,  116.8,  125.9,  124.6,  130.0,  133.6,  126.7,  116.2,  109.8,  101.0,  102.9,  102.1,  102.4,  102.4,  104.1,  105.5,  107.6,  112.2,  110.4,  108.1,  112.8,  112.4,  117.6,  114.5,  117.3,  113.4,  115.0,  116.4,  108.8,  113.6,  112.2,  108.7,  106.5,  102.6,  105.0,  98.0,  105.4,  94.9,  93.8,  95.3,  88.6,  94.0,  93.1,  91.7,  92.4,  91.4,  84.5
Czech Republic,  157.0,  155.7,  152.4,  151.3,  157.9,  162.8,  172.6,  168.3,  178.2,  170.8,  171.4,  174.0,  175.4,  178.2,  178.3,  178.4,  179.6,  176.1,  168.2,  152.5,  139.0,  133.6,  130.7,  124.3,  124.8,  126.4,  124.4,  118.4,  111.4,  122.8,  122.6,  118.7,  122.9,  123.4,  119.9,  120.5,  123.2,  118.0,  111.3,  112.6,  109.3,  106.4,  101.6,  97.8,  99.4,  101.9,  102.0,  100.9,  96.2,  86.2
Denmark,  56.0,  58.0,  56.8,  50.5,  53.2,  58.9,  60.5,  60.1,  63.7,  63.7,  53.5,  55.7,  52.4,  54.0,  61.8,  62.4,  60.6,  56.7,  50.9,  51.7,  62.0,  56.1,  58.5,  62.4,  59.2,  72.5,  62.7,  58.8,  55.6,  51.5,  53.2,  52.9,  58.4,  52.7,  49.4,  57.4,  52.7,  49.7,  47.9,  48.3,  43.0,  38.1,  39.9,  35.6,  33.5,  35.0,  32.8,  32.8,  29.3,  26.6
Estonia,..,..,..,..,..,..,..,..,..,..,..,..,..,..,..,..,..,..,..,  35.6,  31.8,  23.7,  18.3,  17.7,  16.2,  17.1,  16.7,  16.1,  15.2,  14.8,  15.3,  14.9,  16.9,  16.9,  17.1,  15.8,  19.7,  18.1,  15.1,  19.0,  18.1,  16.8,  19.2,  17.8,  15.6,  16.1,  16.7,  15.3,  10.2,  9.0
Finland,  40.8,  44.6,  48.9,  45.2,  45.1,  51.3,  50.9,  55.6,  55.1,  55.8,  46.5,  45.0,  43.6,  44.9,  49.3,  49.4,  53.2,  52.4,  52.6,  55.0,  55.7,  52.9,  54.2,  60.8,  56.9,  63.4,  61.5,  58.1,  57.3,  55.9,  61.9,  64.4,  72.7,  68.6,  56.3,  68.0,  66.0,  57.5,  55.2,  63.6,  56.1,  50.5,  51.3,  47.3,  43.9,  46.8,  44.1,  45.7,  41.8,  37.3
France,  431.7,  447.1,  483.0,  464.6,  430.9,  471.0,  456.6,  476.0,  482.7,  462.8,  414.4,  396.8,  381.4,  368.9,  359.5,  349.2,  342.8,  340.9,  356.8,  352.7,  378.3,  367.1,  348.5,  342.7,  350.8,  367.0,  358.1,  379.7,  373.6,  371.5,  375.1,  369.1,  375.1,  375.7,  378.4,  368.8,  360.0,  356.0,  343.0,  347.1,  333.8,  338.0,  338.6,  305.9,  311.7,  314.5,  318.5,  307.3,  300.7,  264.4
Germany,  990.7, 1 014.1, 1 064.5, 1 038.1,  985.0, 1 041.2, 1 025.4, 1 063.9, 1 111.9, 1 061.1, 1 028.6,  987.1,  988.3, 1 008.0, 1 017.0, 1 019.2, 1 009.4, 1 001.5,  977.2,  952.1,  928.6,  887.6,  881.7,  868.6,  865.8,  896.5,  864.6,  856.4,  824.2,  821.5,  840.7,  827.0,  830.1,  814.0,  796.3,  808.8,  777.1,  784.3,  730.1,  769.6,  741.5,  755.9,  774.6,  733.3,  739.9,  744.5,  728.8,  704.4,  653.9,  594.7
Greece,  25.5,  29.4,  34.2,  32.7,  34.5,  39.3,  40.7,  43.2,  45.4,  45.7,  45.2,  46.5,  49.7,  51.5,  55.1,  55.0,  60.5,  64.6,  69.5,  70.8,  71.0,  73.3,  73.2,  74.8,  77.5,  77.4,  78.4,  81.8,  82.1,  89.0,  91.1,  91.4,  95.0,  94.6,  96.3,  95.3,  99.1,  95.5,  91.3,  84.5,  83.2,  78.1,  69.8,  66.7,  65.5,  64.0,  64.0,  62.5,  57.5,  47.4
Hungary,  61.3,  63.1,  67.5,  69.9,  71.2,  74.5,  78.1,  86.1,  84.7,  83.9,  83.0,  83.4,  79.7,  81.8,  81.2,  79.6,  80.5,  75.9,  74.3,  66.9,  64.6,  58.0,  58.3,  57.4,  57.1,  58.1,  56.6,  56.8,  57.4,  54.0,  55.6,  54.9,  57.5,  55.8,  55.6,  55.1,  53.5,  52.7,  47.9,  48.3,  47.5,  44.0,  41.5,  41.2,  43.9,  44.7,  46.8,  46.6,  46.4,  44.6
Iceland,  1.4,  1.5,  1.7,  1.7,  1.6,  1.6,  1.7,  1.8,  1.8,  1.8,  1.8,  1.6,  1.6,  1.7,  1.6,  1.7,  1.8,  1.9,  1.8,  1.9,  1.9,  1.9,  2.0,  2.1,  2.0,  2.3,  2.1,  2.1,  2.1,  2.2,  2.1,  2.2,  2.2,  2.3,  2.3,  2.3,  2.4,  2.2,  2.1,  2.0,  1.9,  1.9,  2.1,  2.1,  2.1,  1.7,  1.7,  1.7,  1.7,  1.5
Ireland,  22.2,  21.9,  21.3,  23.1,  21.6,  22.4,  24.0,  23.7,  27.7,  26.5,  26.3,  25.9,  25.8,  25.5,  27.1,  28.1,  29.7,  28.7,  29.9,  30.8,  31.4,  31.4,  31.5,  32.5,  33.1,  34.4,  35.4,  38.0,  39.4,  41.4,  43.5,  42.6,  42.5,  43.0,  44.9,  45.5,  44.6,  44.3,  39.8,  39.7,  36.2,  36.5,  35.1,  34.6,  35.9,  37.6,  36.5,  36.3,  34.4,  32.1
Italy,  291.9,  309.1,  330.8,  334.3,  319.9,  344.9,  335.5,  341.2,  357.1,  358.6,  349.2,  344.4,  339.5,  345.2,  345.3,  346.6,  366.2,  370.3,  388.3,  393.0,  392.1,  389.7,  386.8,  382.5,  405.2,  402.3,  405.5,  416.1,  422.0,  424.7,  424.6,  431.9,  450.5,  459.9,  461.8,  454.8,  447.7,  435.5,  390.1,  398.4,  389.6,  372.7,  343.5,  324.7,  335.5,  331.3,  327.2,  322.8,  315.0,  285.7
Latvia,..,..,..,..,..,..,..,..,..,..,..,..,..,..,..,..,..,..,..,  19.2,  17.7,  14.3,  12.2,  10.6,  9.3,  9.3,  8.8,  8.4,  7.8,  7.2,  7.7,  7.7,  7.9,  7.9,  8.0,  8.5,  8.8,  8.4,  7.6,  8.5,  7.7,  7.4,  7.3,  7.1,  7.2,  7.2,  7.1,  7.6,  7.4,  6.8
Lithuania,..,..,..,..,..,..,..,..,..,..,..,..,..,..,..,..,..,..,..,  32.7,  34.8,  19.5,  15.7,  14.7,  13.7,  14.3,  13.9,  14.6,  12.2,  10.6,  11.2,  11.3,  11.3,  11.9,  12.8,  12.9,  13.1,  13.0,  11.8,  12.7,  11.9,  11.9,  11.3,  10.9,  11.0,  11.2,  11.2,  11.6,  11.6,  11.2
Luxembourg,  16.5,  16.2,  17.5,  16.1,  12.8,  13.7,  13.0,  14.2,  13.3,  12.5,  10.6,  10.0,  9.3,  10.2,  10.4,  10.1,  9.5,  10.0,  10.7,  10.8,  11.3,  11.0,  11.3,  10.4,  8.3,  8.4,  7.9,  7.2,  7.6,  8.2,  8.8,  9.5,  10.0,  11.4,  11.7,  11.5,  10.9,  10.8,  10.2,  10.8,  10.7,  10.5,  9.9,  9.5,  9.0,  8.7,  8.8,  9.1,  9.3,  7.6
Netherlands,  128.7,  143.5,  149.5,  141.0,  132.9,  141.7,  139.5,  144.1,  154.2,  146.5,  144.3,  135.9,  131.5,  136.3,  139.4,  142.5,  146.4,  144.3,  147.4,  148.9,  155.0,  153.8,  158.7,  157.9,  164.8,  174.5,  167.2,  167.6,  162.2,  162.9,  168.0,  168.3,  171.3,  173.1,  168.9,  164.7,  165.6,  166.4,  161.6,  172.3,  160.0,  158.7,  158.3,  151.0,  158.6,  159.8,  157.0,  152.7,  147.9,  136.3
Norway,  23.3,  23.8,  23.6,  23.0,  23.9,  25.7,  27.0,  27.5,  29.3,  27.7,  25.9,  24.8,  24.9,  25.5,  26.9,  30.2,  28.1,  28.3,  27.6,  28.0,  26.5,  29.4,  31.1,  32.7,  32.0,  33.0,  34.7,  36.4,  37.9,  32.5,  33.5,  33.2,  35.7,  36.3,  35.2,  36.1,  36.7,  36.0,  36.4,  40.7,  38.9,  37.8,  38.5,  38.3,  38.7,  38.0,  37.2,  37.1,  35.5,  36.8
Poland,  292.3,  304.6,  317.9,  330.6,  344.6,  368.6,  381.2,  406.6,  412.6,  422.8,  392.4,  398.9,  400.6,  416.3,  429.4,  435.6,  451.6,  440.7,  420.8,  349.6,  351.8,  343.5,  345.8,  339.6,  339.8,  355.8,  344.1,  317.5,  308.3,  294.3,  293.6,  287.6,  298.2,  302.0,  301.7,  314.0,  312.0,  307.6,  297.6,  314.3,  309.6,  303.5,  298.7,  285.2,  288.7,  299.4,  312.2,  310.6,  293.3,  273.3
Portugal,  14.7,  14.8,  16.5,  16.8,  18.3,  19.7,  19.1,  20.1,  22.3,  24.1,  25.3,  25.8,  26.5,  25.4,  24.3,  27.7,  28.2,  29.4,  38.0,  38.8,  40.4,  44.6,  43.6,  45.0,  48.2,  46.4,  48.4,  53.1,  59.5,  59.0,  58.9,  62.8,  58.0,  59.3,  62.5,  57.6,  55.8,  54.0,  54.2,  48.5,  48.0,  46.6,  44.7,  43.7,  47.9,  47.4,  51.7,  48.2,  43.3,  38.2
Slovak Republic,  39.2,  39.6,  41.3,  42.2,  43.5,  44.0,  45.8,  51.0,  51.9,  56.2,  54.9,  53.3,  53.1,  55.0,  54.8,  52.1,  53.9,  54.7,  54.1,  55.3,  48.3,  45.1,  43.6,  40.9,  41.5,  41.4,  41.4,  39.9,  39.1,  37.1,  37.6,  37.2,  37.7,  36.5,  37.5,  36.8,  36.0,  35.8,  33.0,  34.9,  33.2,  31.6,  32.1,  29.5,  29.8,  30.5,  32.6,  32.0,  30.2,  26.9
Slovenia,..,..,..,..,..,..,..,..,..,..,..,..,..,..,..,-,-,-,-,  13.8,  13.0,  12.7,  13.5,  13.5,  14.3,  15.1,  15.5,  15.3,  14.7,  14.4,  15.2,  15.4,  15.3,  15.6,  15.8,  16.1,  16.1,  17.2,  15.5,  15.8,  15.8,  15.2,  14.5,  13.0,  13.1,  13.9,  14.1,  14.0,  13.5,  12.1
Spain,  120.5,  126.4,  140.7,  152.3,  157.3,  174.0,  166.7,  165.8,  176.4,  187.9,  192.0,  186.2,  189.7,  180.5,  174.8,  179.1,  180.0,  183.3,  201.6,  205.7,  213.6,  225.2,  211.3,  220.2,  231.4,  221.3,  239.2,  245.9,  267.5,  282.3,  283.6,  301.1,  306.6,  323.4,  337.9,  329.2,  342.2,  314.0,  280.2,  266.1,  268.9,  264.6,  238.7,  235.6,  250.7,  241.3,  257.8,  251.3,  234.7,  198.2
Sweden,  83.1,  83.2,  84.8,  77.6,  80.2,  87.1,  84.1,  78.8,  81.4,  74.4,  67.5,  61.8,  56.3,  55.4,  59.9,  61.4,  59.5,  57.1,  54.2,  53.5,  54.5,  57.1,  56.9,  58.9,  58.5,  64.1,  57.9,  58.8,  57.7,  53.6,  52.7,  54.3,  55.6,  53.9,  50.5,  49.1,  47.4,  46.4,  43.2,  48.5,  45.0,  42.5,  41.0,  39.5,  39.5,  39.2,  38.8,  36.3,  35.6,  34.0
Switzerland,  39.5,  40.0,  43.6,  39.1,  37.3,  39.1,  39.5,  40.7,  39.2,  39.8,  37.5,  35.5,  39.6,  39.1,  42.4,  42.3,  40.6,  40.5,  40.1,  41.5,  44.2,  44.4,  42.4,  41.3,  42.3,  43.1,  42.0,  43.5,  43.8,  42.9,  44.3,  42.8,  44.1,  44.4,  44.9,  44.5,  42.6,  44.0,  42.8,  44.2,  40.2,  41.6,  42.6,  38.8,  38.3,  38.8,  37.8,  36.6,  36.5,  35.0
Turkey,  44.6,  52.2,  56.0,  58.7,  63.1,  70.4,  76.1,  76.9,  71.4,  75.5,  75.1,  81.9,  87.7,  92.1,  99.9,  108.0,  118.8,  113.7,  125.7,  133.4,  136.5,  141.3,  147.3,  144.9,  158.7,  175.4,  183.2,  183.0,  182.5,  205.7,  186.7,  196.7,  207.2,  211.5,  220.0,  244.4,  270.5,  266.7,  265.8,  272.3,  291.3,  302.6,  289.1,  311.0,  322.9,  343.0,  382.8,  378.6,  370.2,  370.0
United Kingdom,  630.1,  610.4,  642.5,  603.1,  583.4,  589.3,  600.2,  598.2,  630.5,  577.5,  561.1,  548.0,  539.6,  522.1,  550.2,  565.0,  569.4,  567.8,  554.0,  555.8,  566.7,  553.9,  537.0,  529.2,  519.4,  539.5,  517.4,  519.9,  517.4,  525.9,  540.6,  526.5,  538.7,  538.6,  536.8,  538.0,  526.8,  513.1,  465.1,  481.8,  444.1,  466.6,  452.3,  413.9,  399.2,  378.7,  365.0,  359.2,  347.6,  311.1
OECD Europe, 3 679.9, 3 780.1, 3 984.5, 3 896.2, 3 785.5, 4 022.0, 4 015.2, 4 128.4, 4 281.6, 4 157.9, 3 975.4, 3 883.1, 3 847.7, 3 872.8, 3 944.8, 3 979.1, 4 026.6, 3 994.9, 4 001.1, 4 015.2, 4 044.9, 3 938.5, 3 879.3, 3 855.9, 3 904.3, 4 041.2, 3 965.7, 3 975.2, 3 934.7, 3 964.0, 4 012.3, 4 002.1, 4 109.3, 4 120.4, 4 107.4, 4 136.1, 4 103.8, 4 022.3, 3 761.3, 3 880.0, 3 748.8, 3 738.8, 3 657.4, 3 484.7, 3 538.8, 3 551.7, 3 590.8, 3 516.6, 3 359.7, 3 070.5
Albania,  4.0,  4.6,  4.1,  4.3,  4.5,  4.9,  5.2,  5.8,  6.9,  7.0,  6.0,  6.3,  6.9,  7.4,  7.1,  7.2,  7.4,  7.4,  7.0,  5.9,  4.0,  2.3,  2.1,  2.2,  2.0,  2.0,  1.6,  1.9,  3.0,  3.2,  3.4,  3.9,  4.0,  4.2,  4.0,  3.9,  3.9,  3.9,  3.9,  4.1,  4.3,  3.6,  3.8,  4.3,  4.0,  3.8,  4.5,  4.5,  4.2,  3.5
Armenia,..,..,..,..,..,..,..,..,..,..,..,..,..,..,..,..,..,..,..,  20.1,  20.9,  10.8,  5.0,  2.7,  3.4,  2.4,  3.2,  3.3,  2.9,  3.4,  3.5,  2.9,  3.3,  3.5,  4.2,  4.2,  4.9,  5.3,  4.3,  4.1,  4.7,  5.5,  5.3,  5.3,  5.2,  5.0,  5.3,  5.5,  6.0,  6.5
Azerbaijan,..,..,..,..,..,..,..,..,..,..,..,..,..,..,..,..,..,..,..,  53.8,  52.3,  42.7,  37.6,  33.5,  32.6,  27.2,  26.4,  26.4,  25.9,  27.5,  26.0,  25.6,  28.0,  27.5,  29.2,  29.6,  26.8,  28.9,  24.6,  23.6,  26.6,  29.0,  29.6,  31.0,  30.8,  31.3,  31.0,  31.5,  34.3,  33.7
Belarus,..,..,..,..,..,..,..,..,..,..,..,..,..,..,..,..,..,..,..,  101.0,  97.4,  87.9,  76.3,  64.8,  57.7,  58.5,  58.9,  57.0,  54.8,  52.8,  51.6,  51.5,  52.0,  55.1,  55.8,  58.1,  56.5,  59.3,  56.1,  60.3,  57.2,  58.4,  58.3,  57.5,  53.3,  53.7,  54.7,  57.8,  56.1,  56.2
Bosnia and Herzegovina,..,..,..,..,..,..,..,..,..,..,..,..,..,..,..,..,..,..,..,  24.3,  21.7,  16.1,  13.5,  3.2,  3.4,  4.2,  8.5,  10.8,  10.5,  13.9,  13.7,  14.4,  14.7,  15.4,  16.1,  17.7,  18.6,  20.5,  20.4,  20.7,  23.7,  21.9,  21.7,  19.5,  19.6,  22.4,  22.7,  22.8,  21.3,  22.9
Bulgaria,  64.6,  66.7,  68.6,  69.7,  74.2,  74.0,  76.8,  79.9,  83.1,  86.0,  82.0,  83.7,  82.3,  80.3,  83.2,  84.2,  85.2,  84.1,  83.5,  72.2,  58.1,  54.9,  55.4,  52.8,  53.4,  53.9,  52.0,  50.0,  43.8,  42.7,  45.5,  43.0,  47.3,  46.5,  47.0,  48.1,  51.3,  48.8,  42.5,  44.6,  49.6,  44.8,  39.5,  41.8,  44.2,  41.1,  43.4,  40.4,  38.8,  35.1
Croatia,..,..,..,..,..,..,..,..,..,..,..,..,..,..,..,..,..,..,..,  20.9,  15.3,  14.7,  15.4,  14.5,  15.3,  15.1,  16.8,  18.2,  17.9,  17.3,  18.3,  19.4,  20.8,  20.2,  20.5,  20.6,  21.8,  20.7,  19.7,  18.9,  18.6,  17.0,  16.5,  15.6,  16.0,  16.4,  16.7,  15.8,  15.9,  14.9
Cyprus,  1.8,  2.2,  2.3,  1.8,  1.7,  2.0,  2.1,  2.3,  2.5,  2.6,  2.6,  2.6,  2.6,  2.8,  2.8,  3.1,  3.6,  3.7,  3.9,  4.0,  4.5,  4.8,  5.0,  5.2,  5.1,  5.5,  5.6,  5.9,  6.2,  6.4,  6.3,  6.5,  7.1,  7.0,  7.2,  7.3,  7.6,  7.8,  7.7,  7.4,  7.2,  6.7,  5.7,  5.9,  6.0,  6.4,  6.5,  6.4,  6.5,  6.0
Georgia,..,..,..,..,..,..,..,..,..,..,..,..,..,..,..,..,..,..,..,  33.8,  25.8,  20.2,  16.4,  10.6,  8.4,  6.8,  5.8,  5.2,  4.7,  4.9,  3.6,  3.1,  3.3,  3.5,  4.2,  4.7,  5.7,  4.9,  5.5,  5.2,  6.1,  6.8,  7.5,  8.1,  8.8,  9.2,  9.2,  9.0,  9.5,  9.0
Gibraltar,  0.1,  0.1,  0.1,  0.1,  0.1,  0.1,  0.1,  0.1,  0.1,  0.1,  0.1,  0.1,  0.1,  0.1,  0.1,  0.1,  0.1,  0.1,  0.1,  0.1,  0.2,  0.2,  0.2,  0.3,  0.3,  0.3,  0.3,  0.3,  0.3,  0.3,  0.4,  0.4,  0.4,  0.4,  0.4,  0.4,  0.4,  0.4,  0.5,  0.5,  0.5,  0.5,  0.5,  0.5,  0.6,  0.6,  0.7,  0.7,  0.7,..
Kazakhstan,..,..,..,..,..,..,..,..,..,..,..,..,..,..,..,..,..,..,..,  239.2,  248.4,  254.5,  218.0,  195.9,  171.9,  149.4,  126.6,  129.3,  116.8,  112.9,  110.1,  120.4,  135.7,  147.4,  158.0,  174.2,  188.6,  232.2,  204.5,  223.0,  237.0,  235.9,  251.2,  200.1,  181.7,  195.5,  208.4,  211.1,  207.7,..
Kosovo,..,..,..,..,..,..,..,..,..,..,..,..,..,..,..,..,..,..,..,..,..,..,..,..,..,..,..,..,..,  5.2,  6.6,  6.6,  6.9,  7.0,  6.8,  6.8,  7.1,  7.7,  8.6,  8.9,  8.7,  8.3,  8.4,  7.6,  8.8,  9.3,  8.3,  8.5,  8.8,  9.1
Kyrgyzstan,..,..,..,..,..,..,..,..,..,..,..,..,..,..,..,..,..,..,..,  23.0,  20.6,  13.4,  9.9,  6.4,  4.5,  5.6,  5.5,  5.8,  4.7,  4.5,  3.8,  4.8,  5.3,  5.2,  4.9,  4.9,  6.0,  7.1,  6.6,  6.1,  7.3,  9.7,  8.9,  9.3,  9.9,  9.4,  9.0,  10.7,  9.5,..
Malta,  0.7,  0.8,  0.8,  0.7,  0.7,  0.7,  0.8,  0.9,  0.9,  1.0,  1.1,  1.3,  1.0,  1.3,  1.2,  1.9,  2.0,  2.2,  2.3,  2.3,  2.2,  2.2,  2.8,  2.5,  2.4,  2.3,  2.5,  2.4,  2.4,  2.1,  2.5,  2.3,  2.6,  2.6,  2.6,  2.7,  2.7,  2.7,  2.5,  2.6,  2.6,  2.7,  2.4,  2.4,  1.7,  1.4,  1.5,  1.6,  1.7,  1.6
Republic of Moldova,..,..,..,..,..,..,..,..,..,..,..,..,..,..,..,..,..,..,..,  30.8,  24.8,  20.1,  17.2,  13.9,  12.0,  10.3,  9.4,  8.5,  7.2,  6.6,  6.9,  7.0,  7.6,  7.6,  7.9,  7.6,  7.5,  7.5,  7.4,  8.2,  8.2,  8.0,  7.0,  7.5,  7.9,  8.0,  7.9,  8.3,  8.6,  10.3
Montenegro,..,..,..,..,..,..,..,..,..,..,..,..,..,..,..,..,..,..,..,..,..,..,..,..,..,..,..,..,..,..,..,..,..,..,  2.1,  2.3,  2.2,  2.8,  1.8,  2.7,  2.6,  2.4,  2.3,  2.3,  2.4,  2.2,  2.3,  2.6,  2.7,..
Republic of North Macedonia,..,..,..,..,..,..,..,..,..,..,..,..,..,..,..,..,..,..,..,  8.7,  8.4,  8.5,  8.8,  8.5,  8.4,  10.0,  8.9,  9.8,  9.0,  8.7,  8.8,  8.2,  9.0,  8.7,  9.0,  9.0,  9.5,  9.3,  8.6,  8.5,  9.3,  8.9,  8.0,  7.6,  7.3,  7.1,  7.6,  7.1,  8.1,  7.3
Romania,  115.8,  119.6,  130.4,  131.1,  141.9,  154.8,  162.0,  175.7,  180.1,  178.6,  179.9,  177.7,  180.0,  176.1,  176.2,  181.2,  190.2,  195.1,  191.0,  169.3,  140.5,  124.3,  115.8,  113.3,  118.6,  122.4,  112.2,  98.1,  83.6,  87.7,  93.6,  92.2,  96.8,  93.8,  93.0,  97.0,  94.2,  93.2,  79.5,  76.7,  82.8,  80.5,  71.1,  70.3,  71.7,  70.1,  72.7,  73.5,  72.0,  68.5
Russian Federation,..,..,..,..,..,..,..,..,..,..,..,..,..,..,..,..,..,..,.., 2 184.0, 2 155.7, 1 977.0, 1 816.0, 1 609.6, 1 560.5, 1 533.0, 1 425.5, 1 416.8, 1 454.2, 1 485.7, 1 486.2, 1 476.4, 1 504.1, 1 498.4, 1 491.3, 1 547.7, 1 543.4, 1 563.9, 1 449.9, 1 538.7, 1 614.7, 1 618.2, 1 578.5, 1 561.7, 1 543.5, 1 519.9, 1 547.3, 1 612.7, 1 652.1, 1 566.8
Serbia,..,..,..,..,..,..,..,..,..,..,..,..,..,..,..,..,..,..,..,  62.9,  53.0,  48.7,  43.4,  39.6,  45.2,  52.4,  57.1,  57.0,  40.7,  43.6,  45.7,  49.3,  52.9,  57.2,  50.3,  52.4,  50.9,  49.1,  46.6,  46.8,  50.9,  45.6,  46.4,  39.0,  45.4,  46.6,  47.2,  46.0,  45.8,  46.2
Tajikistan,..,..,..,..,..,..,..,..,..,..,..,..,..,..,..,..,..,..,..,  11.1,  10.3,  7.6,  5.1,  3.0,  2.5,  2.2,  2.5,  2.8,  2.5,  2.2,  2.1,  2.1,  2.1,  2.5,  2.4,  2.6,  3.1,  3.0,  2.3,  2.3,  2.4,  2.9,  3.1,  4.1,  4.3,  5.6,  6.0,  6.9,  7.7,..
Turkmenistan,..,..,..,..,..,..,..,..,..,..,..,..,..,..,..,..,..,..,..,  44.9,  38.0,  27.8,  26.3,  32.7,  33.4,  29.7,  29.9,  30.6,  35.8,  36.9,  37.5,  39.4,  43.8,  46.8,  48.4,  49.5,  56.3,  56.7,  50.2,  57.2,  62.1,  64.4,  65.8,  67.4,  69.5,  69.3,  69.4,  69.5,  69.6,..
Ukraine,..,..,..,..,..,..,..,..,..,..,..,..,..,..,..,..,..,..,..,  694.3,  656.7,  569.9,  497.0,  414.0,  399.1,  346.5,  328.4,  308.9,  305.4,  297.3,  300.2,  303.4,  328.6,  304.8,  292.5,  300.5,  308.3,  297.2,  251.0,  268.0,  281.6,  276.0,  268.6,  235.9,  189.0,  199.5,  173.0,  183.6,  172.3,  164.3
Uzbekistan,..,..,..,..,..,..,..,..,..,..,..,..,..,..,..,..,..,..,..,  118.9,  119.7,  111.5,  112.3,  106.0,  95.0,  96.1,  97.4,  112.8,  113.7,  120.5,  121.1,  123.9,  116.5,  119.4,  112.7,  120.4,  116.8,  121.8,  111.1,  120.4,  123.3,  107.5,  106.8,  100.0,  94.3,  100.4,  105.0,  108.5,  112.7,..
Former Soviet Union (if no detail), 1 961.9, 2 076.0, 2 211.6, 2 334.7, 2 504.6, 2 596.2, 2 656.2, 2 781.9, 2 858.3, 2 961.2, 2 950.5, 2 984.5, 3 013.6, 3 059.4, 3 105.9, 3 184.0, 3 288.0, 3 327.8, 3 341.6,..,..,..,..,..,..,..,..,..,..,..,..,..,..,..,..,..,..,..,..,..,..,..,..,..,..,..,..,..,..,..
Former Yugoslavia (if no detail),  62.6,  61.7,  67.0,  72.3,  74.5,  75.9,  79.6,  85.7,  88.5,  84.9,  97.2,  103.3,  111.7,  114.9,  120.6,  126.9,  119.5,  125.3,  126.2,..,..,..,..,..,..,..,..,..,..,..,..,..,..,..,..,..,..,..,..,..,..,..,..,..,..,..,..,..,..,..
Non-OECD Europe and Eurasia, 2 211.5, 2 331.6, 2 484.8, 2 614.5, 2 802.2, 2 908.5, 2 982.8, 3 132.3, 3 220.4, 3 321.5, 3 319.5, 3 359.5, 3 398.1, 3 442.3, 3 497.0, 3 588.5, 3 696.1, 3 745.7, 3 755.7, 3 925.3, 3 778.6, 3 420.1, 3 099.8, 2 735.2, 2 635.1, 2 535.9, 2 385.0, 2 361.9, 2 346.2, 2 386.4, 2 397.2, 2 406.8, 2 492.8, 2 484.8, 2 470.4, 2 572.0, 2 594.2, 2 654.6, 2 416.0, 2 559.6, 2 692.0, 2 665.4, 2 617.1, 2 504.6, 2 425.8, 2 434.4, 2 460.3, 2 545.0, 2 572.5,..
Algeria,  8.7,  9.7,  11.1,  12.1,  13.7,  16.1,  17.9,  21.7,  27.2,  28.0,  32.4,  38.5,  42.1,  41.1,  42.4,  47.7,  47.5,  49.9,  49.9,  51.6,  55.2,  55.4,  57.2,  55.1,  55.8,  55.3,  56.4,  57.9,  61.4,  62.0,  63.5,  68.6,  72.5,  73.9,  78.0,  81.3,  85.5,  88.8,  95.2,  96.5,  103.8,  113.5,  116.9,  124.3,  131.7,  129.1,  131.7,  138.5,  143.6,..
Angola,  2.4,  3.2,  3.0,  3.1,  2.8,  2.8,  2.4,  3.5,  3.4,  3.6,  3.5,  3.1,  3.3,  3.2,  3.8,  3.8,  3.9,  4.3,  4.4,  5.0,  5.1,  5.0,  5.4,  5.4,  5.1,  5.4,  5.6,  5.0,  6.0,  5.9,  6.3,  6.8,  8.4,  9.1,  7.5,  9.7,  11.1,  13.3,  15.4,  15.9,  16.8,  18.1,  21.0,  22.7,  23.3,  21.1,  18.5,  18.4,  20.6,..
Benin,  0.5,  0.6,  0.6,  0.6,  0.7,  0.5,  0.6,  0.6,  0.6,  0.6,  0.6,  0.6,  0.6,  0.7,  0.8,  0.7,  0.7,  0.7,  0.6,  0.6,  0.5,  0.5,  0.6,  0.6,  0.6,  1.3,  1.6,  1.6,  1.8,  1.9,  2.2,  2.5,  2.8,  2.9,  3.2,  3.8,  4.4,  4.5,  4.8,  5.1,  5.0,  4.8,  5.1,  5.7,  6.0,  7.3,  7.5,  8.0,  7.9,  8.4
Botswana,  0.2,  0.2,  0.2,  0.4,  0.6,  0.8,  0.9,  1.0,  1.2,  1.3,  1.5,  1.6,  1.6,  1.6,  1.7,  1.9,  2.0,  2.4,  2.6,  3.0,  2.9,  3.5,  3.5,  3.3,  3.4,  3.1,  3.3,  3.9,  4.1,  4.3,  4.1,  4.3,  4.2,  4.2,  4.5,  4.3,  4.6,  4.6,  4.3,  3.5,  4.1,  3.6,  5.7,  7.2,  7.2,  6.9,  7.6,  7.6,  7.5,..
Cameroon,  1.6,  1.6,  1.7,  1.7,  1.9,  1.9,  2.3,  2.4,  2.6,  2.7,  2.8,  3.0,  3.2,  3.3,  3.6,  3.5,  3.5,  3.8,  4.1,  4.0,  3.8,  3.7,  3.9,  4.1,  4.0,  4.0,  4.2,  4.4,  4.1,  4.6,  4.5,  4.8,  5.0,  5.0,  5.0,  4.9,  5.6,  5.8,  6.4,  6.7,  6.6,  6.8,  7.4,  8.1,  8.0,  8.2,  8.4,  8.8,  8.7,..
Congo,  0.7,  0.7,  0.7,  0.7,  0.7,  0.8,  0.7,  0.8,  0.8,  0.8,  0.8,  0.9,  0.9,  0.8,  0.9,  0.8,  0.9,  0.8,  0.8,  0.8,  0.8,  0.8,  0.7,  0.5,  0.7,  0.6,  0.5,  0.5,  0.5,  0.6,  0.7,  0.6,  0.9,  0.9,  1.0,  1.3,  1.3,  1.6,  1.8,  2.1,  2.5,  2.7,  3.0,  3.1,  3.6,  3.5,  3.3,  3.5,  4.1,..
Côte d'Ivoire,  2.8,  3.0,  3.1,  3.2,  3.5,  3.9,  3.9,  4.5,  4.2,  3.9,  3.5,  3.5,  4.3,  3.9,  3.6,  3.7,  3.7,  3.7,  3.6,  3.4,  3.5,  3.5,  3.7,  3.9,  4.1,  4.7,  5.7,  5.7,  7.6,  7.3,  7.2,  7.4,  6.1,  6.7,  7.2,  7.0,  7.0,  7.8,  7.2,  7.7,  7.7,  9.6,  10.4,  10.9,  11.1,  10.9,  12.0,  11.6,  12.3,..
Dem. Rep. of Congo,  4.2,  4.3,  4.3,  4.5,  4.4,  4.6,  4.7,  4.8,  5.3,  5.3,  5.6,  4.9,  5.9,  5.9,  5.7,  5.6,  6.0,  6.2,  6.1,  5.9,  4.6,  4.5,  4.6,  4.5,  4.5,  4.7,  4.8,  5.0,  5.1,  4.8,  4.8,  5.0,  5.3,  5.5,  6.0,  6.2,  6.6,  6.9,  7.1,  7.3,  8.0,  6.7,  8.6,  10.6,  8.8,  8.2,  9.2,  8.2,  8.3,..
Egypt,  20.5,  23.0,  21.1,  23.9,  26.0,  30.3,  32.5,  33.5,  36.9,  41.3,  47.3,  51.0,  57.0,  62.5,  65.2,  66.5,  71.6,  72.9,  76.6,  78.8,  78.2,  81.0,  82.8,  77.6,  82.4,  87.0,  93.9,  98.9,  103.3,  101.2,  112.9,  114.7,  119.0,  129.8,  146.3,  153.5,  165.1,  172.4,  176.1,  178.7,  184.6,  191.1,  191.3,  195.3,  201.6,  205.4,  218.3,  224.9,  227.6,..
Equatorial Guinea,..,..,..,..,..,..,..,..,..,..,  0.1,  0.1,  0.0,  0.0,  0.0,  0.1,  0.1,  0.1,  0.1,  0.1,  0.1,  0.1,  0.1,  0.1,  0.1,  0.1,  0.2,  0.1,  0.2,  0.6,  0.9,  2.8,  3.0,  3.8,  5.9,  7.1,  6.2,  7.6,  7.8,  8.0,  8.4,  8.7,  8.0,  6.8,  5.5,  5.8,  5.3,  5.9,  4.8,..
Eritrea,..,..,..,..,..,..,..,..,..,..,..,..,..,..,..,..,..,..,..,..,..,  0.6,  0.8,  0.9,  1.0,  1.1,  1.0,  0.7,  0.8,  0.8,  0.8,  0.8,  0.8,  0.8,  0.7,  0.6,  0.6,  0.6,  0.6,  0.6,  0.6,  0.7,  0.7,  0.7,  0.7,  0.7,  0.8,  0.9,  0.9,..
Ethiopia,  4.8,  4.8,  5.0,  5.2,  5.1,  5.2,  5.2,  5.4,  5.5,  5.6,  5.8,  5.8,  6.1,  6.1,  6.3,  6.7,  7.1,  7.3,  7.6,  8.0,  8.2,  7.6,  8.2,  8.7,  9.2,  9.7,  10.1,  10.5,  10.7,  11.2,  12.3,  12.7,  13.3,  13.8,  13.7,  14.2,  15.1,  15.8,  16.2,  16.4,  17.6,  18.3,  19.8,  22.1,  22.1,  24.1,  25.0,  26.6,  28.0,..
Gabon,  0.6,  0.6,  0.8,  0.7,  0.9,  1.3,  1.5,  1.9,  1.5,  1.5,  1.8,  2.0,  2.0,  1.7,  1.9,  1.7,  1.5,  1.7,  1.4,  1.1,  1.3,  1.4,  1.5,  1.4,  1.6,  1.7,  1.8,  1.9,  1.8,  1.8,  1.8,  1.7,  1.8,  1.8,  2.2,  2.3,  2.4,  2.6,  2.7,  3.3,  3.5,  3.6,  3.9,  3.9,  3.9,  4.2,  3.2,  3.1,  3.1,..
Ghana,  2.5,  2.6,  2.8,  2.9,  3.0,  3.1,  3.2,  3.3,  3.0,  3.0,  3.5,  3.1,  2.3,  2.6,  3.0,  3.1,  3.2,  3.3,  3.6,  3.6,  3.3,  3.8,  3.8,  4.1,  4.4,  4.7,  4.9,  6.8,  7.2,  6.0,  6.4,  7.6,  7.2,  6.7,  7.1,  8.5,  9.1,  8.7,  10.1,  11.1,  11.6,  13.7,  14.6,  14.0,  15.0,  15.1,  15.9,  17.8,  19.2,  20.6
Kenya,  4.2,  4.4,  4.6,  4.6,  4.6,  5.1,  5.3,  5.4,  5.4,  5.7,  5.6,  5.5,  5.2,  6.0,  6.2,  6.8,  7.1,  7.1,  7.5,  7.4,  7.2,  7.3,  7.3,  7.4,  7.9,  8.5,  8.3,  8.9,  9.3,  10.3,  9.6,  9.5,  8.5,  9.5,  10.3,  11.4,  11.4,  11.9,  13.6,  14.5,  14.7,  13.8,  15.7,  16.6,  18.6,  20.4,  20.6,  19.4,  24.3,..
Libya,  5.2,  6.4,  6.9,  7.3,  8.9,  10.7,  12.2,  13.5,  15.0,  16.2,  17.8,  19.2,  19.2,  19.6,  18.4,  18.3,  20.0,  21.0,  21.0,  21.5,  22.0,  22.3,  23.4,  27.7,  31.6,  32.9,  32.8,  33.5,  35.5,  36.5,  37.3,  38.6,  40.4,  40.5,  44.4,  44.1,  41.5,  45.0,  48.7,  51.2,  37.5,  47.6,  51.6,  51.2,  45.7,  46.1,  46.8,  47.1,  46.5,..
Mauritius,  0.3,  0.3,  0.4,  0.4,  0.5,  0.5,  0.6,  0.6,  0.6,  0.6,  0.6,  0.6,  0.6,  0.7,  0.6,  0.8,  0.8,  0.9,  1.0,  1.2,  1.3,  1.4,  1.5,  1.6,  1.6,  1.7,  1.7,  1.8,  2.2,  2.5,  2.6,  2.7,  2.8,  2.8,  3.0,  3.4,  3.4,  3.5,  3.5,  3.7,  3.7,  3.8,  3.9,  4.0,  4.0,  4.1,  4.2,  4.2,  4.2,  3.8
Morocco,  6.9,  7.5,  8.7,  9.4,  10.0,  11.0,  12.0,  12.8,  13.7,  14.1,  14.3,  14.9,  15.7,  16.1,  16.7,  17.2,  17.6,  18.4,  19.9,  20.2,  21.1,  22.7,  23.4,  25.6,  26.7,  26.3,  27.5,  28.2,  29.7,  30.2,  32.9,  34.0,  33.8,  37.7,  40.3,  41.5,  42.3,  44.1,  44.0,  47.3,  51.7,  53.1,  52.4,  54.4,  56.0,  56.0,  58.9,  60.3,  66.9,  63.4
Mozambique,  4.5,  4.2,  4.3,  4.2,  3.9,  3.9,  3.8,  3.5,  3.4,  3.9,  3.5,  3.4,  3.2,  3.0,  3.0,  2.9,  2.9,  2.9,  2.9,  2.5,  2.3,  2.5,  2.7,  2.5,  2.6,  2.6,  2.8,  3.1,  3.1,  3.5,  3.1,  3.4,  3.9,  4.0,  3.9,  3.9,  3.3,  3.3,  3.5,  3.6,  4.6,  4.9,  5.4,  6.0,  6.6,  8.1,  8.1,  7.9,  8.4,..
Namibia,..,..,..,..,..,..,..,..,..,..,..,..,..,..,..,..,..,..,..,..,  1.2,  1.3,  1.5,  1.7,  1.9,  2.0,  2.1,  2.1,  2.1,  2.0,  2.6,  2.2,  2.4,  2.5,  2.6,  2.6,  2.7,  3.1,  3.1,  3.2,  3.3,  3.4,  3.6,  3.8,  4.0,  4.0,  4.0,  3.9,  3.9,..
Niger,  0.4,  0.4,  0.5,  0.5,  0.5,  0.6,  0.6,  0.6,  0.7,  0.8,  0.9,  0.9,  1.0,  0.9,  0.9,  1.2,  1.2,  1.2,  1.2,  1.0,  1.0,  1.0,  1.1,  1.1,  1.1,  1.2,  1.3,  1.4,  1.4,  1.1,  1.1,  1.2,  1.2,  1.3,  1.3,  1.3,  1.4,  1.4,  1.7,  2.0,  1.9,  2.4,  2.5,  2.7,  2.8,  2.8,  2.7,  2.8,  3.0,..
Nigeria,  16.6,  18.0,  19.9,  21.0,  22.9,  26.2,  29.7,  33.8,  34.7,  39.5,  42.8,  47.0,  48.4,  46.3,  48.0,  46.9,  48.3,  50.2,  51.2,  47.0,  52.4,  59.7,  56.6,  51.4,  54.2,  58.4,  64.0,  60.7,  63.1,  68.1,  74.4,  76.6,  80.5,  81.2,  84.4,  79.9,  77.2,  83.3,  75.3,  89.0,  99.7,  105.4,  117.9,  127.3,  121.8,  125.9,  124.7,  126.4,  131.8,..
Senegal,  1.4,  1.4,  1.6,  1.7,  1.8,  1.9,  2.0,  2.0,  2.1,  2.2,  2.2,  2.1,  2.1,  2.2,  2.3,  2.2,  2.3,  2.2,  2.3,  2.3,  2.3,  2.5,  2.5,  2.5,  2.7,  2.8,  3.1,  3.4,  3.8,  3.8,  4.1,  4.2,  4.1,  4.7,  4.9,  4.7,  5.3,  5.6,  5.8,  5.9,  6.2,  6.1,  6.4,  7.1,  7.9,  8.6,  8.2,  8.5,  8.9,..
South Africa,  160.5,  166.4,  182.1,  189.1,  207.1,  221.0,  221.2,  198.7,  202.5,  212.2,  223.2,  219.8,  211.7,  224.4,  227.0,  223.5,  239.0,  237.8,  241.4,  248.6,  243.5,  240.2,  248.0,  253.4,  265.1,  274.9,  289.5,  297.4,  279.6,  285.5,  321.6,  332.0,  353.6,  381.0,  377.8,  379.7,  397.5,  428.1,  405.0,  425.7,  410.2,  428.3,  438.3,  449.3,  425.4,  425.5,  436.6,  434.7,  440.0,..
South Sudan,..,..,..,..,..,..,..,..,..,..,..,..,..,..,..,..,..,..,..,..,..,..,..,..,..,..,..,..,..,..,..,..,..,..,..,..,..,..,..,..,..,  1.5,  1.5,  1.6,  2.0,  1.8,  1.6,  1.6,  1.8,..
Sudan,  4.0,  4.2,  5.4,  5.1,  4.1,  4.1,  4.3,  4.0,  4.1,  4.7,  4.6,  4.8,  4.9,  4.5,  5.1,  5.1,  4.2,  5.6,  5.2,  6.6,  6.0,  5.7,  4.4,  6.1,  5.8,  5.7,  6.7,  6.3,  6.8,  7.2,  7.7,  9.2,  9.5,  10.3,  12.0,  14.6,  15.4,  16.5,  16.9,  17.4,  16.4,  16.1,  15.4,  16.3,  18.7,  21.3,  21.1,  21.1,  20.9,..
United Rep. of Tanzania,  2.5,  2.8,  2.8,  2.7,  2.6,  2.6,  2.7,  2.8,  2.9,  2.9,  2.9,  2.9,  2.9,  3.0,  3.1,  3.2,  3.3,  3.4,  3.5,  3.6,  3.6,  3.7,  3.9,  4.7,  5.4,  5.8,  5.7,  5.6,  5.6,  6.2,  6.5,  7.1,  7.4,  8.7,  9.5,  10.0,  9.8,  10.0,  9.9,  10.8,  12.3,  13.8,  15.0,  14.7,  15.6,  14.9,  15.5,  15.6,  16.0,..
Togo,  0.5,  0.5,  0.4,  0.4,  0.5,  0.4,  0.5,  0.5,  0.6,  0.5,  0.5,  0.6,  0.5,  0.5,  0.5,  0.7,  0.7,  0.7,  0.7,  0.8,  0.8,  0.6,  0.5,  0.8,  0.8,  1.2,  0.9,  1.1,  1.4,  1.3,  1.1,  1.2,  1.4,  1.4,  1.3,  1.3,  1.3,  1.5,  2.7,  2.5,  2.3,  2.1,  1.7,  1.6,  1.5,  2.0,  1.7,  2.0,  2.0,..
Tunisia,  3.9,  4.3,  4.4,  4.9,  5.0,  5.3,  5.9,  6.5,  7.5,  8.1,  8.4,  8.2,  9.4,  9.6,  9.9,  10.2,  10.2,  11.1,  11.9,  12.5,  12.8,  13.6,  14.0,  14.1,  14.3,  15.1,  15.8,  16.4,  17.3,  18.0,  18.9,  18.9,  18.8,  19.5,  19.9,  20.6,  21.4,  21.5,  21.7,  23.8,  22.7,  23.9,  24.1,  25.5,  26.1,  25.7,  26.6,  26.7,  26.7,..
Zambia,  3.9,  4.3,  4.7,  4.7,  4.9,  4.9,  4.4,  4.3,  3.9,  4.0,  3.7,  3.6,  3.5,  3.5,  3.5,  3.6,  3.6,  3.9,  4.0,  3.5,  3.7,  3.7,  3.4,  3.1,  3.1,  2.7,  3.3,  3.2,  2.8,  2.9,  3.0,  3.1,  3.2,  3.3,  3.5,  3.3,  3.2,  3.4,  3.6,  3.7,  4.1,  5.0,  5.1,  5.6,  6.0,  6.3,  7.7,  8.5,  7.6,..
Zimbabwe,  8.4,  8.1,  9.3,  8.9,  8.5,  9.3,  8.3,  8.5,  8.4,  9.4,  9.4,  9.3,  9.6,  9.9,  11.4,  12.7,  16.2,  15.9,  16.3,  18.2,  19.9,  20.1,  18.7,  17.5,  17.1,  16.5,  15.5,  15.8,  17.6,  15.5,  15.8,  14.5,  12.3,  11.8,  12.6,  11.9,  12.0,  9.9,  10.0,  11.8,  13.5,  14.0,  14.4,  14.2,  14.5,  13.1,  12.4,  14.5,  13.9,..
Other Africa,  14.8,  14.8,  15.2,  15.9,  16.7,  16.8,  17.2,  17.3,  18.7,  19.6,  18.6,  18.0,  18.3,  18.6,  19.3,  19.6,  23.2,  23.5,  23.5,  24.8,  25.5,  25.8,  26.0,  26.7,  27.8,  28.4,  29.5,  30.7,  31.7,  32.6,  33.5,  33.5,  34.9,  36.4,  38.0,  39.5,  41.8,  42.9,  44.0,  46.5,  43.0,  44.8,  45.4,  46.8,  49.1,  50.9,  55.5,  57.7,  60.3,..
Africa,  287.4,  302.7,  325.6,  339.9,  365.8,  395.6,  406.7,  398.2,  416.5,  441.9,  468.4,  478.8,  485.8,  502.3,  515.1,  520.8,  552.2,  562.9,  575.0,  587.4,  594.2,  605.4,  615.5,  617.8,  646.7,  670.2,  704.1,  722.6,  727.7,  739.9,  804.2,  832.1,  869.0,  921.6,  957.9,  978.6, 1 015.6, 1 076.0, 1 068.6, 1 125.3, 1 128.6, 1 191.9, 1 236.7, 1 284.0, 1 274.9, 1 288.0, 1 323.5, 1 346.7, 1 384.0,..
Bangladesh,  4.5,  4.6,  5.2,  5.7,  6.3,  6.6,  6.8,  7.2,  7.8,  8.7,  8.5,  9.0,  8.7,  8.6,  10.0,  10.9,  11.6,  12.1,  12.9,  14.0,  13.3,  14.3,  15.1,  16.1,  19.2,  19.3,  21.5,  21.7,  22.5,  23.8,  27.8,  29.5,  30.8,  32.9,  35.1,  38.4,  40.6,  44.2,  47.4,  53.3,  57.2,  60.8,  63.3,  66.5,  74.4,  76.4,  81.4,  85.4,  92.7,..
Brunei Darussalam,  0.4,  0.4,  0.7,  1.1,  1.4,  1.9,  2.0,  1.9,  2.0,  2.7,  2.6,  2.7,  2.9,  2.9,  3.0,  3.0,  3.0,  3.2,  3.1,  3.3,  3.4,  3.6,  3.9,  4.2,  4.5,  4.7,  5.1,  4.3,  4.2,  4.5,  4.3,  4.4,  5.3,  5.0,  4.9,  7.3,  6.9,  7.3,  7.5,  6.9,  7.1,  7.0,  6.9,  6.7,  6.0,  6.5,  6.8,  7.2,  6.6,..
Cambodia,..,..,..,..,..,..,..,..,..,..,..,..,..,..,..,..,..,..,..,..,..,..,..,..,  2.1,  2.2,  2.3,  2.6,  2.6,  2.7,  2.9,  3.0,  3.1,  3.2,  3.4,  3.8,  4.4,  4.5,  5.2,  5.6,  5.8,  6.1,  6.1,  7.4,  8.7,  10.6,  11.4,  12.3,  13.9,..
DPR of Korea,  69.7,  72.0,  73.3,  76.3,  78.8,  84.8,  89.8,  94.9,  102.6,  108.5,  111.7,  117.1,  121.6,  126.0,  130.3,  128.8,  123.1,  124.9,  123.6,  118.0,  112.0,  98.8,  90.8,  82.8,  77.4,  67.9,  65.4,  60.4,  65.7,  70.8,  73.2,  69.9,  71.4,  72.9,  76.2,  77.4,  64.0,  71.2,  53.6,  49.9,  35.1,  36.6,  25.5,  29.1,  22.9,  27.7,  52.7,  48.8,  54.4,..
India,  204.8,  212.6,  213.1,  229.3,  243.7,  259.4,  264.4,  259.4,  279.8,  293.2,  319.9,  337.0,  358.4,  393.1,  409.8,  444.3,  477.2,  502.8,  538.6,  568.1,  610.0,  634.2,  660.2,  695.3,  744.8,  778.9,  820.8,  836.9,  897.0,  932.8,  947.9,  978.3, 1 003.1, 1 073.4, 1 121.0, 1 195.4, 1 314.8, 1 399.1, 1 533.0, 1 625.1, 1 716.6, 1 860.7, 1 917.2, 2 085.0, 2 094.1, 2 126.6, 2 257.0, 2 372.0, 2 371.9,..
Indonesia,  34.6,  37.9,  41.9,  45.2,  48.0,  49.1,  56.9,  63.3,  70.4,  78.9,  84.6,  87.4,  87.4,  88.7,  96.5,  106.3,  109.0,  115.6,  120.3,  145.5,  156.3,  164.2,  177.4,  190.4,  215.8,  226.7,  249.0,  255.4,  272.9,  272.7,  292.3,  298.1,  327.2,  334.6,  336.5,  358.1,  374.7,  370.1,  384.6,  409.9,  467.9,  468.7,  433.8,  468.9,  474.0,  463.8,  495.9,  551.4,  596.3,  641.5
Lao People's Democratic Republic,..,..,..,..,..,..,..,..,..,..,..,..,..,..,..,..,..,..,..,..,..,..,..,..,..,..,..,..,..,  1.3,  1.4,  1.5,  1.5,  1.6,  1.6,  2.0,  2.1,  2.5,  2.7,  3.0,  3.1,  3.2,  3.9,  4.0,  8.3,  15.0,  18.2,  18.4,  17.8,..
Malaysia,  13.2,  13.0,  13.4,  15.6,  16.6,  18.1,  17.9,  19.9,  22.2,  24.1,  25.8,  27.0,  30.0,  30.5,  33.4,  32.9,  34.3,  36.2,  42.5,  50.3,  60.6,  63.6,  68.5,  73.8,  80.5,  91.9,  98.3,  98.7,  107.5,  116.2,  121.7,  127.8,  134.1,  148.0,  157.3,  163.2,  179.6,  192.0,  171.4,  191.6,  193.2,  194.5,  210.9,  222.5,  222.5,  218.7,  213.1,  230.4,  239.1,..
Mongolia,..,..,..,..,..,..,..,..,..,..,..,..,..,..,  11.9,  13.0,  13.8,  14.6,  13.9,  13.1,  14.9,  13.0,  12.0,  10.4,  10.4,  8.8,  8.6,  8.6,  8.7,  9.1,  9.1,  9.7,  9.4,  9.7,  11.2,  12.5,  13.1,  13.1,  13.8,  14.4,  15.9,  17.3,  18.7,  18.3,  17.4,  18.3,  19.6,  21.5,  23.1,..
Myanmar,  6.6,  6.6,  5.7,  6.3,  6.2,  6.5,  6.9,  7.1,  7.2,  7.6,  7.6,  7.8,  7.6,  8.2,  8.6,  9.0,  7.5,  7.2,  7.2,  7.0,  6.8,  7.2,  7.7,  8.6,  9.9,  10.2,  10.2,  11.0,  11.8,  12.6,  11.5,  11.5,  13.8,  13.6,  14.2,  13.5,  13.9,  11.4,  11.0,  11.7,  12.3,  15.5,  17.1,  20.5,  22.7,  24.9,  34.6,  35.5,  39.3,..
Nepal,  1.5,  1.6,  1.8,  1.8,  1.7,  1.7,  1.8,  1.8,  2.0,  2.1,  2.1,  2.2,  2.4,  2.5,  2.3,  2.6,  2.6,  2.6,  2.5,  2.9,  3.1,  3.2,  3.4,  3.8,  4.0,  4.1,  4.4,  4.6,  5.4,  5.6,  6.0,  5.4,  5.7,  5.5,  6.0,  5.4,  5.6,  5.9,  6.5,  7.3,  7.6,  7.9,  8.3,  9.3,  9.1,  12.0,  13.8,  15.4,  13.7,..
Pakistan,  19.5,  19.7,  20.8,  21.9,  24.1,  23.3,  24.7,  25.8,  27.7,  29.1,  31.2,  34.3,  35.9,  38.6,  42.2,  44.3,  51.3,  55.3,  59.7,  62.6,  64.0,  70.8,  77.6,  80.4,  86.9,  90.1,  93.7,  94.8,  103.3,  103.0,  104.2,  107.0,  109.8,  122.3,  124.7,  134.5,  146.8,  141.0,  144.6,  140.3,  142.1,  143.9,  145.0,  153.5,  163.3,  179.3,  196.9,  184.9,  188.4,..
Philippines,  26.1,  27.0,  30.1,  29.0,  31.8,  31.7,  35.1,  36.5,  37.7,  35.4,  33.7,  34.0,  36.2,  32.6,  32.3,  30.1,  36.4,  38.1,  39.8,  41.5,  40.7,  44.2,  47.3,  50.3,  60.2,  64.9,  71.5,  71.6,  69.1,  69.8,  69.5,  68.5,  70.7,  72.1,  72.9,  67.0,  70.6,  72.6,  73.2,  78.6,  79.2,  81.7,  90.6,  96.5,  104.7,  115.4,  126.7,  131.9,  138.8,..
Singapore,  6.1,  7.3,  8.2,  8.5,  8.5,  9.2,  10.3,  11.8,  12.8,  12.8,  13.6,  14.1,  15.2,  15.8,  16.7,  17.0,  17.4,  19.8,  21.2,  29.1,  30.7,  31.6,  36.4,  38.2,  37.8,  38.8,  38.4,  37.3,  38.0,  42.4,  42.3,  41.5,  38.4,  39.8,  37.1,  37.4,  38.5,  38.7,  39.1,  42.7,  45.0,  44.0,  44.2,  44.7,  45.7,  46.4,  49.4,  47.7,  47.6,..
Sri Lanka,  3.7,  4.3,  4.5,  3.8,  3.7,  3.7,  3.9,  4.4,  4.7,  4.7,  4.8,  5.3,  5.6,  5.0,  4.7,  4.7,  5.2,  5.1,  4.9,  5.0,  5.1,  6.3,  6.2,  6.7,  6.8,  9.3,  9.3,  9.6,  10.5,  11.9,  11.8,  12.3,  13.3,  13.7,  14.8,  13.2,  14.4,  13.6,  13.1,  14.0,  16.2,  17.9,  15.2,  18.4,  21.0,  22.4,  23.7,  22.0,  24.2,..
Chinese Taipei,  30.2,  34.4,  38.7,  37.7,  41.3,  49.9,  53.8,  60.9,  64.4,  71.5,  65.3,  60.5,  64.6,  67.2,  67.7,  79.7,  84.4,  98.9,  107.9,  110.2,  119.3,  127.1,  136.3,  144.3,  152.0,  159.9,  172.1,  182.5,  191.4,  210.0,  213.4,  221.3,  231.3,  240.5,  248.1,  255.8,  258.8,  247.2,  235.3,  251.3,  256.4,  252.4,  253.3,  257.8,  258.0,  263.1,  269.5,  266.5,  257.9,  250.3
Thailand,  17.6,  19.8,  22.3,  22.3,  23.4,  26.4,  29.1,  32.3,  34.5,  36.0,  35.0,  33.6,  36.4,  40.0,  44.3,  45.7,  52.5,  59.8,  69.3,  84.4,  93.4,  101.8,  114.3,  127.3,  143.9,  161.4,  165.3,  150.1,  156.1,  156.7,  164.3,  174.0,  181.5,  198.7,  205.3,  206.9,  213.7,  218.4,  210.2,  226.7,  224.9,  241.6,  250.2,  246.3,  253.4,  249.4,  249.3,  246.7,  256.9,..
Viet Nam,  18.8,  18.5,  20.2,  17.1,  19.8,  14.5,  15.6,  16.3,  17.2,  17.9,  18.4,  19.6,  20.7,  20.6,  20.7,  22.5,  25.1,  24.5,  21.3,  21.1,  20.9,  21.6,  25.3,  27.4,  31.4,  34.9,  40.6,  44.5,  44.7,  48.7,  53.4,  61.9,  65.3,  78.7,  84.4,  86.8,  95.3,  106.7,  117.6,  132.5,  132.2,  131.4,  137.8,  152.1,  188.6,  187.8,  188.6,  237.6,  285.5,..
Other Asia,  11.6,  11.3,  12.7,  14.7,  13.8,  13.7,  15.2,  15.7,  16.8,  18.0,  17.6,  17.8,  18.8,  19.8,  11.1,  10.7,  11.2,  11.0,  11.2,  11.5,  11.4,  10.4,  10.3,  10.7,  10.2,  11.0,  11.5,  12.0,  12.0,  12.5,  13.4,  14.1,  15.4,  16.2,  16.5,  16.7,  16.8,  18.4,  22.2,  24.1,  28.1,  26.1,  24.9,  26.5,  27.7,  27.4,  28.1,  29.9,  30.1,..
Asia (excl. China),  469.0,  491.0,  512.6,  536.4,  569.2,  600.7,  634.1,  659.1,  709.5,  751.3,  782.5,  809.7,  852.4,  900.2,  945.5, 1 005.4, 1 065.3, 1 131.8, 1 199.8, 1 287.5, 1 366.0, 1 415.8, 1 492.7, 1 570.6, 1 697.8, 1 784.9, 1 888.1, 1 906.6, 2 023.4, 2 107.0, 2 170.4, 2 239.7, 2 331.2, 2 482.3, 2 571.4, 2 695.4, 2 874.6, 2 977.9, 3 092.2, 3 288.8, 3 445.9, 3 617.3, 3 672.9, 3 934.0, 4 022.7, 4 091.8, 4 336.7, 4 565.6, 4 698.3,..
People's Rep. of China,  855.1,  908.8,  943.4,  962.2, 1 114.5, 1 157.9, 1 303.6, 1 466.0, 1 491.9, 1 458.6, 1 453.1, 1 511.9, 1 585.8, 1 723.4, 1 732.4, 1 829.9, 1 953.7, 2 100.1, 2 170.4, 2 204.6, 2 317.8, 2 411.0, 2 617.5, 2 714.5, 3 018.0, 2 982.0, 3 041.0, 3 131.2, 3 029.5, 3 206.2, 3 360.2, 3 616.6, 4 175.9, 4 853.6, 5 524.1, 6 080.9, 6 589.9, 6 782.3, 7 243.5, 7 943.8, 8 683.8, 8 937.8, 9 347.0, 9 338.0, 9 249.9, 9 240.5, 9 447.8, 9 822.9, 9 985.3,..
"Hong Kong, China",  9.3,  9.6,  9.7,  11.1,  11.0,  12.7,  14.6,  15.5,  14.5,  14.8,  15.9,  18.3,  21.6,  23.8,  24.8,  28.4,  28.9,  32.0,  33.3,  34.4,  37.7,  42.1,  43.1,  36.5,  37.0,  34.5,  33.4,  41.8,  44.8,  41.1,  41.1,  40.2,  43.8,  40.0,  42.4,  41.9,  44.0,  42.6,  44.8,  41.7,  44.7,  44.1,  45.5,  46.8,  43.5,  44.4,  43.6,  43.5,  43.0,  35.4
"China (incl. Hong Kong, China)",  864.4,  918.4,  953.1,  973.2, 1 125.4, 1 170.5, 1 318.2, 1 481.6, 1 506.3, 1 473.4, 1 468.9, 1 530.2, 1 607.4, 1 747.2, 1 757.2, 1 858.3, 1 982.6, 2 132.0, 2 203.7, 2 239.0, 2 355.5, 2 453.2, 2 660.6, 2 751.0, 3 055.0, 3 016.5, 3 074.4, 3 173.0, 3 074.3, 3 247.3, 3 401.3, 3 656.9, 4 219.7, 4 893.6, 5 566.4, 6 122.8, 6 633.9, 6 824.9, 7 288.3, 7 985.5, 8 728.5, 8 982.0, 9 392.4, 9 384.8, 9 293.3, 9 284.8, 9 491.4, 9 866.4, 10 028.3,..
Argentina,  82.7,  84.8,  87.8,  88.2,  85.5,  89.2,  93.2,  91.9,  96.9,  94.7,  92.6,  92.0,  95.4,  94.8,  88.2,  94.4,  100.0,  104.1,  101.3,  94.5,  100.4,  102.3,  105.6,  108.1,  108.6,  119.4,  122.1,  129.2,  130.7,  129.4,  122.5,  115.4,  125.4,  139.0,  143.2,  151.8,  159.7,  164.3,  153.6,  164.2,  173.1,  174.5,  179.4,  175.8,  181.8,  180.1,  176.1,  173.3,  164.3,  154.9
Bolivia,  2.3,  2.5,  2.6,  2.9,  3.4,  3.7,  3.9,  4.2,  4.2,  4.6,  4.9,  5.2,  5.4,  4.9,  4.8,  4.5,  4.6,  4.7,  5.0,  5.5,  5.6,  5.8,  6.1,  6.6,  7.4,  7.1,  7.2,  7.5,  7.1,  7.3,  7.4,  7.6,  8.3,  8.8,  9.4,  10.6,  11.5,  12.4,  13.2,  14.4,  15.8,  16.6,  17.8,  19.4,  19.6,  20.9,  21.7,  22.1,  21.2,..
Brazil,  98.7,  106.5,  123.6,  133.4,  141.2,  154.6,  158.2,  171.2,  180.9,  178.9,  167.2,  166.8,  158.8,  159.2,  166.9,  185.5,  190.4,  193.3,  195.3,  194.2,  201.2,  205.6,  212.7,  220.5,  237.8,  256.4,  274.0,  281.9,  292.1,  304.9,  312.0,  312.4,  307.6,  325.9,  327.0,  330.9,  347.1,  366.7,  341.6,  389.6,  407.8,  441.6,  473.4,  498.2,  474.0,  437.9,  450.1,  428.2,  428.1,  402.9
Colombia,  28.4,  28.9,  30.2,  32.4,  30.1,  31.9,  32.9,  35.0,  35.4,  36.8,  36.9,  37.5,  39.4,  39.9,  41.6,  42.3,  44.8,  45.4,  47.2,  48.0,  49.7,  51.5,  54.2,  54.3,  56.6,  56.5,  60.5,  60.7,  53.1,  55.6,  56.0,  53.8,  53.2,  53.3,  54.3,  54.5,  55.5,  56.3,  58.9,  60.3,  65.0,  64.8,  73.0,  74.9,  75.7,  78.8,  71.0,  74.7,  77.2,  72.6
Costa Rica,  1.3,  1.5,  1.7,  1.7,  1.8,  1.9,  2.4,  2.5,  2.5,  2.3,  2.1,  1.8,  1.8,  1.9,  2.1,  2.2,  2.3,  2.4,  2.8,  2.7,  2.9,  4.0,  4.0,  4.6,  4.6,  4.3,  4.2,  4.7,  4.7,  4.6,  5.0,  5.2,  5.5,  5.5,  5.7,  6.3,  6.9,  6.9,  6.6,  6.9,  7.1,  7.1,  7.4,  7.5,  7.2,  7.7,  7.8,  7.9,  7.7,..
Cuba,  21.3,  20.6,  22.1,  24.0,  24.7,  25.6,  28.0,  30.3,  30.2,  31.0,  30.9,  31.1,  33.8,  35.2,  32.7,  33.3,  35.2,  37.1,  38.4,  34.8,  27.2,  21.8,  20.1,  21.6,  22.8,  24.8,  26.8,  26.5,  27.3,  27.8,  26.9,  25.6,  24.8,  24.6,  25.3,  25.7,  26.6,  25.7,  26.0,  27.3,  26.8,  27.9,  28.1,  26.0,  28.6,  26.6,  25.8,  26.2,  25.4,..
Curaçao,  14.6,  14.2,  15.7,  14.2,  10.2,  10.9,  11.0,  9.3,  9.2,  8.7,  8.1,  7.3,  6.9,  6.7,  4.5,  4.3,  4.0,  3.5,  3.0,  2.7,  2.8,  2.9,  2.3,  2.7,  2.7,  2.7,  5.3,  5.5,  5.4,  5.7,  5.7,  5.5,  5.5,  5.7,  6.0,  5.9,  6.4,  6.4,  6.0,  4.4,  5.7,  5.1,  4.7,  5.3,  5.3,  4.5,  3.6,  2.9,  2.2,..
Dominican Republic,  3.7,  4.8,  4.9,  5.3,  5.5,  5.6,  6.0,  6.1,  6.4,  6.6,  6.3,  6.1,  7.1,  7.4,  6.5,  7.4,  8.4,  8.4,  9.0,  7.7,  7.9,  9.3,  9.2,  10.9,  11.5,  12.3,  14.0,  16.2,  17.2,  18.0,  18.2,  20.0,  17.9,  16.6,  17.9,  19.2,  19.4,  19.3,  18.5,  19.5,  19.8,  20.5,  20.0,  19.9,  22.0,  23.0,  21.9,  23.7,  25.7,..
Ecuador,  3.9,  3.9,  4.4,  5.6,  6.4,  7.3,  8.5,  9.7,  10.1,  10.8,  12.2,  12.3,  11.6,  11.7,  12.1,  12.4,  12.1,  12.8,  12.5,  13.8,  14.4,  15.3,  14.5,  15.3,  17.1,  19.7,  20.9,  20.9,  18.3,  18.7,  20.7,  20.9,  21.2,  22.5,  24.3,  26.1,  26.4,  26.9,  29.6,  32.1,  32.6,  33.8,  36.2,  38.0,  37.8,  36.1,  35.0,  36.9,  36.0,..
El Salvador,  1.7,  2.0,  2.1,  2.2,  2.4,  2.4,  2.5,  2.6,  2.5,  2.1,  2.0,  2.0,  2.0,  2.0,  2.2,  2.0,  2.4,  2.5,  2.4,  2.5,  3.2,  3.6,  4.0,  4.5,  5.0,  4.4,  5.3,  5.7,  5.6,  5.4,  5.6,  5.6,  6.2,  6.4,  6.6,  7.0,  7.3,  6.6,  6.4,  6.3,  6.5,  6.5,  6.2,  6.4,  6.8,  7.0,  6.2,  6.6,  7.6,..
Guatemala,  2.9,  3.1,  3.3,  3.4,  3.8,  3.7,  4.2,  4.6,  5.1,  5.0,  4.5,  4.0,  3.6,  4.0,  4.1,  3.2,  3.7,  3.9,  4.0,  4.3,  4.5,  5.3,  5.7,  6.0,  6.9,  6.8,  7.1,  8.8,  8.9,  9.9,  10.3,  11.3,  11.5,  11.7,  12.4,  12.5,  13.4,  12.2,  13.3,  12.5,  12.8,  13.3,  14.2,  15.0,  17.5,  18.8,  17.9,  19.7,  20.8,..
Guyana,  1.5,  1.6,  1.8,  1.6,  1.9,  1.9,  1.9,  1.8,  1.8,  1.9,  1.9,  1.6,  1.4,  1.5,  1.6,  1.5,  1.5,  1.5,  1.3,  1.3,  1.2,  1.1,  1.1,  1.5,  1.6,  1.6,  1.8,  1.8,  1.8,  1.7,  1.7,  1.7,  1.7,  1.7,  1.5,  1.4,  1.7,  1.7,  1.7,  1.8,  1.9,  2.1,  2.0,  2.1,  2.1,  2.4,  2.4,  2.5,  2.7,..
Haiti,  0.8,  0.8,  0.8,  0.8,  0.9,  1.0,  1.1,  1.1,  1.2,  1.1,  1.0,  1.1,  1.2,  1.2,  1.3,  1.2,  1.2,  1.3,  1.4,  1.4,  1.4,  1.3,  1.1,  0.7,  1.4,  1.6,  1.8,  1.9,  1.9,  2.0,  2.1,  2.3,  2.3,  2.2,  2.2,  2.2,  2.6,  2.6,  2.6,  3.1,  3.4,  3.2,  3.4,  3.7,  4.0,  4.1,  4.1,  4.0,  4.1,..
Honduras,  1.5,  1.5,  1.6,  1.6,  1.7,  1.8,  2.0,  2.0,  2.1,  2.1,  2.0,  2.0,  2.2,  2.3,  2.1,  2.2,  2.4,  2.6,  2.8,  2.7,  2.7,  3.0,  3.1,  3.5,  4.1,  4.0,  4.2,  4.9,  4.8,  5.0,  5.8,  6.1,  6.8,  7.6,  7.0,  8.0,  8.5,  8.6,  8.1,  8.3,  8.9,  9.3,  9.5,  9.7,  10.1,  9.6,  9.2,  10.1,  10.2,..
Jamaica,  7.8,  7.7,  8.3,  8.2,  7.2,  6.4,  7.0,  7.2,  6.9,  6.7,  6.7,  5.7,  5.7,  5.3,  4.8,  4.5,  4.7,  4.9,  6.3,  7.3,  7.3,  8.0,  8.2,  8.3,  8.5,  8.9,  9.1,  9.6,  9.9,  9.9,  9.9,  10.1,  10.4,  10.4,  10.4,  11.9,  11.9,  9.4,  7.6,  7.3,  7.3,  6.7,  7.2,  6.9,  6.8,  7.3,  7.0,  8.4,  8.2,..
Nicaragua,  1.7,  1.8,  1.9,  2.1,  2.1,  2.4,  2.9,  2.6,  1.8,  2.1,  2.2,  2.2,  2.3,  2.1,  2.1,  2.4,  2.5,  2.2,  1.9,  2.2,  2.2,  2.5,  2.4,  2.8,  2.9,  3.0,  3.2,  3.7,  3.8,  3.9,  4.1,  4.2,  4.6,  4.7,  4.5,  4.7,  4.9,  4.7,  4.6,  4.7,  4.9,  4.9,  4.7,  4.9,  5.5,  5.6,  5.6,  5.2,  5.4,..
Panama,  2.6,  2.8,  3.1,  3.1,  3.3,  3.3,  3.2,  3.1,  3.2,  3.1,  2.7,  3.1,  3.6,  3.0,  2.8,  2.9,  3.2,  2.5,  2.6,  2.7,  3.2,  3.7,  3.7,  4.0,  4.3,  4.3,  4.5,  5.6,  4.9,  5.0,  6.0,  5.2,  5.3,  5.3,  6.8,  7.2,  7.2,  6.7,  8.2,  8.8,  9.5,  9.8,  9.5,  10.1,  10.1,  10.1,  9.6,  9.5,  12.8,..
Paraguay,  0.9,  1.0,  1.0,  1.0,  1.0,  1.1,  1.5,  1.8,  1.7,  1.7,  1.7,  1.7,  1.7,  1.8,  1.9,  1.9,  2.1,  2.4,  2.4,  2.5,  2.5,  2.8,  3.1,  3.6,  4.1,  4.0,  4.5,  4.6,  4.6,  3.8,  4.0,  4.1,  4.3,  4.3,  4.0,  4.2,  4.0,  4.6,  4.8,  5.3,  5.6,  5.4,  5.6,  5.9,  6.6,  7.5,  8.4,  8.8,  8.5,..
Peru,  16.6,  16.7,  17.5,  18.8,  19.5,  19.8,  19.5,  19.6,  20.5,  21.7,  22.5,  22.4,  19.1,  19.9,  19.4,  20.6,  22.1,  22.5,  20.5,  20.3,  19.6,  20.4,  21.1,  21.6,  24.4,  26.8,  26.5,  25.7,  28.2,  27.7,  25.7,  26.8,  26.2,  30.1,  29.9,  29.3,  32.2,  36.6,  39.2,  43.1,  46.4,  45.6,  46.7,  49.7,  51.1,  53.8,  51.3,  51.6,  53.8,..
Suriname,..,..,..,..,..,..,..,..,..,..,..,..,..,..,..,..,..,..,..,..,..,..,..,..,..,..,..,..,..,  1.5,  1.5,  1.1,  1.2,  1.4,  1.7,  1.5,  1.4,  1.5,  1.5,  1.8,  2.0,  2.4,  2.3,  2.6,  2.7,  3.0,  2.5,  2.2,  2.7,..
Trinidad and Tobago,  5.4,  5.5,  5.7,  5.2,  4.6,  5.2,  6.0,  5.9,  6.0,  6.4,  7.3,  7.1,  6.7,  6.8,  6.7,  6.9,  7.2,  7.8,  7.7,  8.0,  7.9,  8.2,  7.9,  8.1,  8.2,  8.6,  9.2,  9.5,  9.5,  9.8,  11.2,  12.3,  15.1,  15.7,  17.1,  19.5,  19.9,  19.4,  18.6,  21.1,  21.7,  20.8,  21.4,  21.3,  20.7,  17.8,  17.7,  17.3,  16.7,..
Uruguay,  5.2,  5.6,  5.2,  5.0,  5.3,  5.4,  5.4,  5.5,  6.0,  5.4,  5.1,  4.8,  3.8,  3.5,  3.3,  3.2,  3.6,  4.6,  5.0,  3.8,  4.3,  4.7,  4.5,  4.1,  4.6,  5.3,  5.4,  5.6,  6.6,  5.3,  4.7,  4.3,  4.2,  5.4,  5.3,  6.3,  5.8,  7.8,  7.5,  6.2,  7.5,  8.5,  7.3,  6.5,  6.7,  6.6,  6.2,  6.6,  6.6,  6.8
Venezuela,  46.4,  48.0,  55.7,  57.0,  56.9,  60.4,  62.5,  68.0,  77.4,  84.5,  85.7,  86.6,  86.1,  86.2,  86.3,  86.0,  85.1,  86.1,  92.7,  94.7,  93.5,  95.7,  101.5,  102.1,  107.4,  115.4,  120.1,  121.0,  117.3,  122.6,  128.0,  135.1,  129.8,  134.4,  142.1,  140.4,  136.4,  144.3,  145.7,  157.5,  151.8,  163.2,  160.1,  157.7,  142.6,  130.6,  124.8,  113.9,  91.2,..
Other Non-OECD Americas,  8.2,  9.7,  10.0,  8.9,  10.7,  9.7,  10.7,  10.9,  10.3,  10.5,  10.3,  9.3,  8.5,  9.4,  9.4,  9.5,  10.5,  11.5,  12.1,  12.5,  12.7,  12.6,  12.9,  13.1,  13.5,  13.6,  13.7,  14.2,  14.7,  14.5,  15.4,  15.7,  18.5,  18.7,  18.2,  18.6,  19.5,  19.4,  19.9,  20.9,  16.2,  18.9,  19.0,  19.2,  18.7,  19.4,  12.5,  13.6,  13.7,..
Non-OECD Americas,  330.2,  345.0,  379.1,  392.7,  398.0,  421.5,  439.6,  460.2,  485.3,  490.0,  478.1,  474.6,  467.1,  469.6,  464.2,  490.6,  507.9,  521.0,  529.1,  520.8,  527.0,  538.8,  553.7,  572.5,  607.8,  653.6,  689.3,  713.0,  723.5,  742.9,  752.8,  756.9,  762.3,  806.7,  827.4,  849.7,  879.1,  913.1,  883.2,  965.0,  993.1, 1 045.7, 1 084.1, 1 109.6, 1 086.0, 1 038.2, 1 025.0,  998.7,  972.8,..
Bahrain,  2.9,  3.3,  4.3,  5.1,  5.2,  5.7,  6.3,  6.7,  7.2,  7.3,  7.8,  8.2,  8.5,  8.7,  9.1,  9.8,  9.6,  10.1,  10.3,  10.7,  10.3,  12.2,  13.0,  13.3,  13.5,  14.1,  14.4,  15.5,  15.4,  15.9,  16.4,  17.3,  18.0,  17.9,  20.6,  22.4,  23.0,  24.7,  24.6,  25.6,  25.7,  26.8,  28.4,  29.9,  30.2,  29.7,  29.9,  30.3,  32.7,..
Islamic Rep. of Iran,  39.2,  43.4,  52.4,  59.2,  68.6,  78.5,  88.3,  87.4,  96.7,  89.3,  91.4,  103.2,  124.1,  134.4,  146.4,  135.9,  145.3,  148.8,  164.2,  172.8,  192.9,  208.2,  210.8,  240.5,  246.7,  253.5,  265.9,  268.4,  301.1,  314.9,  330.2,  346.0,  360.5,  389.2,  421.6,  453.4,  484.2,  491.6,  508.8,  503.0,  512.2,  519.1,  543.0,  564.2,  560.8,  561.8,  579.7,  591.4,  588.6,..
Iraq,  10.4,  11.6,  11.9,  12.9,  15.7,  19.5,  20.4,  22.9,  26.8,  26.5,  25.6,  27.5,  31.8,  34.2,  38.4,  43.0,  44.5,  49.9,  55.1,  53.1,  43.9,  67.1,  86.9,  97.0,  94.6,  93.8,  110.5,  81.9,  59.7,  73.2,  83.1,  77.9,  69.5,  74.0,  72.0,  69.3,  63.5,  73.6,  77.6,  90.1,  93.2,  103.4,  111.6,  106.1,  100.8,  107.1,  119.9,  128.1,  139.4,..
Jordan,  1.4,  1.5,  1.7,  1.9,  2.2,  2.7,  2.8,  3.4,  3.5,  4.4,  5.3,  6.1,  6.6,  7.2,  7.6,  8.3,  8.8,  8.5,  8.6,  9.3,  9.3,  10.7,  10.9,  11.5,  12.3,  12.6,  13.2,  13.7,  13.7,  15.4,  15.2,  15.7,  16.2,  17.3,  18.6,  18.9,  19.7,  18.6,  19.4,  19.0,  20.0,  22.9,  22.6,  24.3,  24.0,  23.4,  24.7,  23.3,  23.1,..
Kuwait,  14.1,  15.6,  16.4,  15.8,  15.2,  16.6,  18.2,  20.1,  25.8,  26.6,  26.9,  30.4,  32.5,  33.1,  36.8,  40.3,  43.3,  52.5,  61.1,  27.7,  7.6,  22.0,  28.3,  32.6,  32.3,  31.4,  32.6,  38.7,  42.5,  46.1,  50.0,  51.9,  53.3,  57.1,  65.1,  67.7,  66.4,  72.0,  74.4,  77.6,  80.5,  82.8,  84.4,  82.4,  86.7,  88.3,  88.2,  88.8,  90.0,..
Lebanon,  4.7,  5.1,  6.5,  6.6,  5.8,  5.4,  4.7,  5.9,  6.4,  6.8,  6.5,  4.8,  5.3,  5.6,  6.7,  7.2,  7.4,  5.6,  5.6,  5.6,  7.1,  7.1,  10.3,  11.3,  13.0,  13.6,  15.5,  15.2,  15.9,  14.3,  15.4,  15.4,  15.3,  15.5,  14.8,  14.4,  13.0,  16.6,  19.6,  18.6,  18.9,  21.4,  21.0,  22.9,  25.0,  25.8,  27.3,  25.7,  25.9,..
Oman,  0.3,  0.3,  0.3,  0.5,  0.7,  1.1,  1.3,  1.6,  1.9,  2.3,  2.5,  3.0,  3.9,  5.0,  5.7,  6.3,  6.4,  6.7,  6.9,  10.2,  14.2,  13.4,  12.7,  12.6,  14.8,  15.0,  15.1,  15.4,  17.6,  20.5,  23.2,  24.8,  25.4,  25.3,  25.3,  33.9,  37.3,  36.4,  38.9,  42.8,  49.2,  54.8,  57.0,  60.2,  64.2,  65.4,  65.5,  69.2,  69.5,..
Qatar,  2.2,  2.5,  3.5,  3.0,  4.9,  3.5,  4.1,  3.9,  6.2,  7.0,  8.5,  9.3,  9.6,  10.7,  10.7,  11.4,  11.7,  12.1,  12.9,  12.5,  13.8,  14.5,  15.3,  16.1,  16.9,  17.7,  19.3,  20.5,  22.6,  21.3,  22.6,  26.7,  28.0,  31.0,  33.4,  38.6,  44.2,  47.2,  48.3,  55.8,  63.2,  70.3,  71.6,  77.3,  80.4,  82.5,  83.3,  82.4,  87.3,..
Saudi Arabia,  12.8,  14.5,  17.7,  20.4,  22.7,  26.2,  34.8,  53.4,  74.3,  100.2,  113.9,  126.4,  136.1,  118.6,  119.1,  119.7,  131.5,  139.7,  139.3,  152.5,  158.8,  172.3,  182.5,  194.8,  193.4,  205.3,  207.5,  222.1,  228.1,  236.6,  240.3,  257.5,  268.6,  284.4,  299.6,  318.5,  335.8,  367.0,  382.7,  421.7,  438.1,  467.4,  475.3,  511.3,  536.1,  532.4,  521.2,  496.0,  499.4,..
Syrian Arab Republic ,  5.5,  5.2,  5.0,  7.1,  8.3,  9.4,  10.2,  10.3,  13.5,  12.5,  14.0,  16.7,  19.7,  22.2,  19.7,  21.2,  24.0,  24.7,  24.1,  27.5,  30.1,  28.6,  28.5,  29.7,  31.4,  34.5,  34.8,  37.8,  36.8,  37.3,  39.2,  40.1,  40.3,  42.8,  53.9,  57.1,  60.5,  62.4,  57.5,  57.7,  54.1,  44.1,  28.8,  25.5,  23.9,  25.1,  27.0,  25.9,  23.8,..
United Arab Emirates,  2.5,  2.6,  3.3,  3.4,  5.0,  6.4,  10.7,  12.3,  14.6,  19.4,  23.5,  25.8,  24.9,  32.1,  35.9,  40.3,  44.5,  45.7,  52.2,  52.2,  59.5,  56.9,  59.9,  65.9,  70.0,  73.1,  77.0,  78.7,  81.0,  80.3,  93.2,  95.2,  99.5,  105.7,  111.9,  115.9,  125.0,  147.4,  149.5,  155.6,  159.1,  169.6,  177.8,  177.0,  187.3,  193.0,  188.5,  167.6,  179.2,..
Yemen,  1.2,  1.5,  1.9,  1.9,  1.8,  2.2,  2.2,  2.5,  2.7,  3.5,  3.6,  4.1,  4.5,  4.6,  4.9,  5.2,  5.7,  6.2,  6.4,  6.4,  8.3,  9.0,  7.9,  8.3,  9.6,  9.8,  10.5,  11.4,  12.8,  13.5,  14.7,  14.7,  17.0,  18.1,  19.1,  19.1,  20.2,  21.5,  23.8,  22.6,  20.0,  18.3,  24.9,  24.5,  11.6,  9.5,  8.7,  8.3,  9.7,..
Middle East,  97.2,  107.0,  124.9,  137.7,  156.3,  177.1,  204.0,  230.4,  279.5,  305.7,  329.5,  365.4,  407.7,  416.5,  441.1,  448.5,  482.7,  510.5,  546.8,  540.5,  555.8,  622.0,  667.2,  733.6,  748.5,  774.5,  816.2,  819.3,  847.3,  889.4,  943.3,  983.1, 1 011.6, 1 078.3, 1 155.8, 1 229.3, 1 292.8, 1 378.9, 1 425.1, 1 490.1, 1 534.2, 1 601.0, 1 646.5, 1 705.5, 1 731.0, 1 744.0, 1 763.9, 1 736.9, 1 768.7,..
IEA/Accession/Association, 10 851, 11 353, 11 963, 11 807, 11 681, 12 337, 12 740, 13 022, 13 345, 13 005, 12 766, 12 508, 12 520, 13 036, 13 192, 13 351, 13 789, 14 295, 14 581, 14 663, 14 887, 15 049, 15 421, 15 776, 16 350, 16 785, 17 201, 17 326, 17 363, 17 919, 18 184, 18 397, 19 258, 20 210, 20 970, 21 558, 22 404, 22 410, 22 232, 23 631, 24 284, 24 569, 25 104, 25 083, 24 908, 24 812, 25 189, 25 733, 25 588,..
European Union - 27,..,..,..,..,..,..,..,..,..,..,..,..,..,..,..,..,..,..,.., 3 523, 3 490, 3 369, 3 314, 3 294, 3 345, 3 447, 3 375, 3 365, 3 305, 3 311, 3 371, 3 364, 3 456, 3 457, 3 439, 3 446, 3 402, 3 334, 3 101, 3 189, 3 093, 3 040, 2 968, 2 817, 2 877, 2 887, 2 907, 2 841, 2 703, 2 442
G7, 7 786, 8 120, 8 553, 8 318, 7 968, 8 398, 8 574, 8 623, 8 791, 8 419, 8 206, 7 872, 7 818, 8 082, 8 117, 8 082, 8 263, 8 563, 8 665, 8 594, 8 575, 8 604, 8 668, 8 778, 8 868, 9 118, 9 332, 9 376, 9 405, 9 616, 9 606, 9 479, 9 616, 9 677, 9 693, 9 556, 9 650, 9 365, 8 727, 9 102, 8 857, 8 692, 8 825, 8 662, 8 512, 8 391, 8 282, 8 360, 8 084, 7 374
G8,..,..,..,..,..,..,..,..,..,..,..,..,..,..,..,..,..,..,.., 10 778, 10 731, 10 581, 10 484, 10 387, 10 428, 10 651, 10 758, 10 792, 10 859, 11 102, 11 092, 10 956, 11 120, 11 175, 11 184, 11 104, 11 194, 10 929, 10 177, 10 641, 10 472, 10 311, 10 404, 10 223, 10 055, 9 911, 9 829, 9 973, 9 736, 8 951
G20,..,..,..,..,..,..,..,..,..,..,..,..,..,..,..,..,..,..,.., 17 142, 17 289, 17 250, 17 446, 17 571, 18 078, 18 481, 18 767, 18 910, 18 958, 19 550, 19 809, 20 007, 20 919, 21 859, 22 628, 23 297, 24 153, 24 198, 23 904, 25 400, 26 162, 26 443, 26 930, 26 940, 26 761, 26 635, 27 021, 27 609, 27 471,..
Africa,  287,  303,  326,  340,  366,  396,  407,  398,  416,  442,  468,  479,  486,  502,  515,  521,  552,  563,  575,  587,  594,  605,  616,  618,  647,  670,  704,  723,  728,  740,  804,  832,  869,  922,  958,  979, 1 016, 1 076, 1 069, 1 125, 1 129, 1 192, 1 237, 1 284, 1 275, 1 288, 1 324, 1 347, 1 384,..
Americas, 5 162, 5 449, 5 678, 5 562, 5 377, 5 690, 5 898, 5 930, 6 014, 5 840, 5 761, 5 535, 5 491, 5 711, 5 744, 5 727, 5 925, 6 183, 6 291, 6 142, 6 124, 6 228, 6 370, 6 505, 6 589, 6 826, 7 174, 7 276, 7 301, 7 530, 7 503, 7 375, 7 487, 7 617, 7 685, 7 614, 7 774, 7 617, 7 154, 7 507, 7 349, 7 178, 7 369, 7 387, 7 257, 7 129, 7 041, 7 159, 6 970,..
Asia,..,..,..,..,..,..,..,..,..,..,..,..,..,..,..,..,..,..,.., 6 067, 6 309, 6 513, 6 814, 7 086, 7 551, 7 649, 7 851, 7 893, 8 001, 8 404, 8 654, 9 075, 9 796, 10 727, 11 581, 12 372, 13 222, 13 596, 14 123, 15 229, 16 294, 16 838, 17 351, 17 571, 17 568, 17 678, 18 205, 18 748, 19 017,..
Europe,..,..,..,..,..,..,..,..,..,..,..,..,..,..,..,..,..,..,.., 7 258, 7 146, 6 724, 6 396, 6 050, 6 024, 6 077, 5 865, 5 832, 5 785, 5 826, 5 909, 5 883, 6 050, 6 031, 5 987, 6 066, 6 012, 5 943, 5 495, 5 718, 5 673, 5 633, 5 501, 5 247, 5 231, 5 211, 5 219, 5 224, 5 099,..
Oceania,  161,  168,  179,  197,  201,  205,  220,  214,  219,  228,  230,  237,  225,  232,  245,  245,  257,  267,  280,  287,  289,  294,  298,  305,  315,  327,  336,  357,  364,  372,  381,  389,  391,  405,  410,  415,  424,  429,  432,  426,  423,  425,  419,  411,  419,  427,  431,  430,..,..
,,,,,,,,,,,,,,,,,,,,,,,,,,,,,,,,,,,,,,,,,,,,,,,,,,
,"The original version of this file, as published by the International Energy Agency, is available free of charge on the IEA’s website at:",,,,,,,,,,,,,,,,,,,,,,https://www.iea.org/subscribe-to-data-services/co2-emissions-statistics,,,,,,,,,,,,,,,,,,,,,,,,,,,
,"
You are permitted to use the data in this file as set out in the IEA’s terms and conditions here:  ",,,,,,,,,,,,,,,,,,,,,,https://www.iea.org/terms,,,,,,,,,,,,,,,,,,,,,,,,,,,
,"This notice, and any copyright or sourcing statements in the file, must not be removed from this file.",,,,,,,,,,,,,,,,,,,,,,,,,,,,,,,,,,,,,,,,,,,,,,,,,