GHG emissions from fuel combustion - Gas,,,,,,,Source:,,"IEA (2021), GHG Emissions from Energy",,,,,,,,,,,,,,"IEA, All rights reserved ",,,,,,,,,,,,,,,,,,,,,,,,,,,
,,,,,,,Documentation:,,Accessible here,,,,,,,,,,,,,,https://www.iea.org/terms,,,,,,,,,,,,,,,,,,,,,,,,,,,
Back to the table of contents,,,,,,,,,,,,,,,,,,,,,,,,,,,,,,,,,,,,,,,,,,,,,,,,,,
million tonnes of CO2 eq,1971,1972,1973,1974,1975,1976,1977,1978,1979,1980,1981,1982,1983,1984,1985,1986,1987,1988,1989,1990,1991,1992,1993,1994,1995,1996,1997,1998,1999,2000,2001,2002,2003,2004,2005,2006,2007,2008,2009,2010,2011,2012,2013,2014,2015,2016,2017,2018,2019,2020
,,,,,,,,,,,,,,,,,,,,,,,,,,,,,,,,,,,,,,,,,,,,,,,,,,
World, 2 048, 2 158, 2 238, 2 290, 2 254, 2 376, 2 436, 2 515, 2 661, 2 713, 2 748, 2 753, 2 781, 2 987, 3 074, 3 115, 3 293, 3 433, 3 607, 3 676, 3 798, 3 781, 3 850, 3 874, 3 985, 4 153, 4 218, 4 276, 4 422, 4 567, 4 629, 4 790, 4 969, 5 104, 5 223, 5 371, 5 583, 5 740, 5 581, 6 057, 6 147, 6 263, 6 349, 6 342, 6 447, 6 626, 6 775, 7 098, 7 267,..
,,,,,,,,,,,,,,,,,,,,,,,,,,,,,,,,,,,,,,,,,,,,,,,,,,
Annex I Parties ,..,..,..,..,..,..,..,..,..,..,..,..,..,..,..,..,..,..,.., 3 000, 3 083, 3 051, 3 080, 3 056, 3 119, 3 250, 3 246, 3 233, 3 322, 3 404, 3 385, 3 457, 3 526, 3 549, 3 563, 3 572, 3 687, 3 712, 3 545, 3 781, 3 784, 3 816, 3 823, 3 755, 3 763, 3 846, 3 875, 4 077, 4 148,..
   Annex II Parties   , 1 446, 1 523, 1 566, 1 577, 1 503, 1 565, 1 571, 1 594, 1 667, 1 656, 1 627, 1 546, 1 501, 1 608, 1 604, 1 554, 1 636, 1 695, 1 766, 1 759, 1 829, 1 869, 1 946, 1 995, 2 090, 2 196, 2 241, 2 248, 2 311, 2 387, 2 355, 2 415, 2 426, 2 451, 2 452, 2 446, 2 550, 2 581, 2 501, 2 649, 2 622, 2 673, 2 693, 2 650, 2 715, 2 790, 2 776, 2 940, 3 011,..
      North America      , 1 266, 1 288, 1 283, 1 245, 1 151, 1 175, 1 158, 1 158, 1 197, 1 184, 1 157, 1 082, 1 019, 1 088, 1 060,  999, 1 050, 1 108, 1 157, 1 116, 1 135, 1 169, 1 211, 1 241, 1 290, 1 320, 1 358, 1 333, 1 346, 1 399, 1 340, 1 387, 1 365, 1 365, 1 350, 1 333, 1 421, 1 425, 1 393, 1 461, 1 495, 1 555, 1 591, 1 629, 1 674, 1 686, 1 656, 1 837, 1 898,..
      Europe      ,  167,  220,  261,  306,  323,  356,  371,  382,  409,  402,  396,  386,  400,  417,  433,  441,  469,  464,  478,  493,  537,  539,  570,  582,  622,  690,  690,  719,  757,  772,  796,  802,  836,  861,  878,  871,  863,  894,  845,  913,  817,  796,  780,  695,  726,  782,  801,  793,  810,..
      Asia Oceania,  13,  15,  21,  26,  29,  35,  43,  54,  62,  70,  74,  78,  82,  103,  111,  114,  118,  123,  131,  151,  158,  161,  165,  172,  179,  186,  192,  196,  208,  216,  218,  226,  226,  225,  224,  242,  266,  263,  263,  276,  310,  323,  323,  326,  314,  321,  319,  310,  304,..
   Annex I EIT   ,..,..,..,..,..,..,..,..,..,..,..,..,..,..,..,..,..,..,.., 1 235, 1 246, 1 174, 1 126, 1 052, 1 017, 1 039,  988,  965,  986,  988,  999, 1 009, 1 059, 1 055, 1 059, 1 065, 1 066, 1 061,  976, 1 058, 1 077, 1 056, 1 042, 1 012,  957,  969,  996, 1 043, 1 051,..
Non-Annex I Parties ,..,..,..,..,..,..,..,..,..,..,..,..,..,..,..,..,..,..,..,  676,  716,  731,  770,  818,  866,  903,  971, 1 043, 1 100, 1 163, 1 244, 1 332, 1 443, 1 555, 1 660, 1 799, 1 896, 2 027, 2 036, 2 276, 2 362, 2 447, 2 526, 2 587, 2 684, 2 779, 2 900, 3 021, 3 119,..
,,,,,,,,,,,,,,,,,,,,,,,,,,,,,,,,,,,,,,,,,,,,,,,,,,
Annex B Kyoto Parties,..,..,..,..,..,..,..,..,..,..,..,..,..,..,..,..,..,..,..,  946,  973,  959,  960,  943,  989, 1 075, 1 052, 1 061, 1 110, 1 123, 1 150, 1 164, 1 214, 1 234, 1 258, 1 244, 1 236, 1 271, 1 179, 1 282, 1 181, 1 149, 1 129,  994, 1 010, 1 075, 1 105, 1 103, 1 121,..
,,,,,,,,,,,,,,,,,,,,,,,,,,,,,,,,,,,,,,,,,,,,,,,,,,
OECD Total, 1 490, 1 571, 1 618, 1 632, 1 561, 1 626, 1 637, 1 670, 1 754, 1 746, 1 719, 1 647, 1 604, 1 713, 1 713, 1 661, 1 749, 1 811, 1 887, 1 906, 1 980, 2 015, 2 094, 2 151, 2 258, 2 385, 2 447, 2 467, 2 538, 2 636, 2 619, 2 697, 2 734, 2 779, 2 798, 2 813, 2 930, 2 969, 2 881, 3 073, 3 065, 3 125, 3 152, 3 095, 3 162, 3 249, 3 260, 3 421, 3 475, 3 441
Non-OECD Total,  558,  588,  620,  658,  693,  750,  799,  845,  907,  967, 1 029, 1 106, 1 177, 1 274, 1 361, 1 454, 1 544, 1 622, 1 720, 1 770, 1 819, 1 766, 1 756, 1 723, 1 727, 1 768, 1 771, 1 809, 1 884, 1 931, 2 010, 2 093, 2 235, 2 325, 2 425, 2 558, 2 653, 2 771, 2 700, 2 984, 3 082, 3 138, 3 197, 3 248, 3 285, 3 377, 3 515, 3 677, 3 792,..
International marine bunkers,x,x,x,x,x,x,x,x,x,x,x,x,x,x,x,x,x,x,x,x,x,x,x,x,x,x,x,x,x,x,x,x,x,x,x,x,x,x,x,x,x,x,  0,  0,  0,  0,  0,  0,  0,..
International aviation bunkers,x,x,x,x,x,x,x,x,x,x,x,x,x,x,x,x,x,x,x,x,x,x,x,x,x,x,x,x,x,x,x,x,x,x,x,x,x,x,x,x,x,x,x,x,x,x,x,x,x,..
,,,,,,,,,,,,,,,,,,,,,,,,,,,,,,,,,,,,,,,,,,,,,,,,,,
,,,,,,,,,,,,,,,,,,,,,,,,,,,,,,,,,,,,,,,,,,,,,,,,,,
Region/Country/Economy,1971,1972,1973,1974,1975,1976,1977,1978,1979,1980,1981,1982,1983,1984,1985,1986,1987,1988,1989,1990,1991,1992,1993,1994,1995,1996,1997,1998,1999,2000,2001,2002,2003,2004,2005,2006,2007,2008,2009,2010,2011,2012,2013,2014,2015,2016,2017,2018,2019,2020
Canada,  68.4,  78.2,  83.2,  86.2,  87.9,  89.9,  95.0,  91.4,  95.3,  96.7,  94.3,  95.8,  93.9,  101.0,  108.8,  107.8,  106.8,  117.9,  122.8,  119.3,  119.2,  125.5,  131.1,  138.1,  143.6,  150.8,  151.5,  146.5,  153.7,  162.8,  156.4,  164.4,  172.4,  166.8,  167.4,  165.2,  176.0,  174.4,  169.2,  171.7,  189.2,  192.1,  203.2,  214.4,  212.6,  213.6,  217.2,  234.2,  235.6,  225.8
Chile,  1.3,  1.2,  0.9,  1.0,  1.1,  1.2,  1.3,  1.2,  1.4,  1.4,  1.4,  1.5,  1.6,  1.6,  1.6,  1.5,  1.4,  2.0,  3.1,  0.9,  1.0,  1.0,  0.9,  1.0,  1.0,  1.0,  1.9,  3.3,  4.3,  6.7,  8.5,  8.3,  9.9,  11.2,  10.6,  8.5,  5.1,  3.4,  4.6,  8.7,  10.2,  9.0,  9.2,  7.7,  8.3,  8.7,  9.2,  9.2,  10.4,  10.9
Mexico,  19.6,  21.0,  23.5,  24.6,  24.5,  23.6,  24.8,  30.7,  38.2,  40.5,  42.6,  48.7,  48.7,  49.1,  50.6,  44.9,  44.5,  45.1,  43.0,  48.4,  52.2,  53.0,  55.2,  57.3,  56.4,  61.1,  65.4,  75.6,  72.2,  82.1,  83.1,  93.6,  104.7,  109.6,  109.3,  120.6,  124.3,  130.8,  130.8,  135.3,  140.3,  146.9,  140.8,  138.6,  144.4,  146.4,  150.3,  146.7,  139.5,  162.3
United States, 1 197.8, 1 210.1, 1 200.1, 1 158.6, 1 063.4, 1 084.7, 1 062.5, 1 066.3, 1 101.7, 1 087.2, 1 062.4,  986.6,  925.3,  986.6,  950.8,  890.8,  942.7,  989.7, 1 034.2,  996.5, 1 015.6, 1 043.6, 1 079.5, 1 102.4, 1 146.0, 1 169.5, 1 206.5, 1 186.8, 1 192.5, 1 236.2, 1 183.7, 1 222.8, 1 192.2, 1 197.9, 1 182.5, 1 168.0, 1 245.4, 1 250.1, 1 223.4, 1 289.1, 1 305.6, 1 363.1, 1 387.9, 1 414.8, 1 461.7, 1 472.2, 1 439.0, 1 603.2, 1 662.7, 1 618.2
OECD Americas, 1 289.7, 1 313.7, 1 311.0, 1 273.9, 1 180.3, 1 202.9, 1 187.5, 1 194.5, 1 241.8, 1 231.6, 1 207.0, 1 139.2, 1 076.9, 1 145.6, 1 119.2, 1 052.4, 1 103.1, 1 162.3, 1 210.5, 1 172.8, 1 195.8, 1 230.8, 1 274.6, 1 306.7, 1 355.4, 1 391.5, 1 436.8, 1 425.5, 1 434.2, 1 500.7, 1 445.4, 1 502.7, 1 492.3, 1 499.2, 1 484.1, 1 476.8, 1 565.1, 1 574.1, 1 545.5, 1 623.5, 1 662.9, 1 729.3, 1 760.0, 1 794.8, 1 846.9, 1 861.7, 1 834.8, 2 013.1, 2 066.1, 2 031.7
Australia,  4.0,  5.8,  7.1,  7.8,  8.7,  9.7,  11.5,  12.6,  14.1,  16.3,  18.9,  20.8,  20.8,  22.3,  23.8,  26.1,  26.9,  28.2,  29.1,  32.3,  30.6,  31.9,  33.3,  34.8,  37.4,  37.7,  38.0,  39.7,  41.5,  43.7,  46.1,  50.7,  46.4,  47.9,  47.8,  48.6,  55.6,  57.4,  59.7,  61.0,  61.9,  64.9,  65.5,  66.6,  67.3,  69.3,  71.9,  74.2,  76.6,  86.6
Israel,  0.0,  0.0,-,  0.0,  0.0,  0.0,  0.0,  0.0,  0.0,  0.0,  0.0,  0.0,  0.0,  0.0,  0.0,  0.0,  0.0,  0.0,  0.0,  0.0,  0.0,  0.0,  0.0,  0.0,  0.0,  0.0,  0.0,  0.0,  0.0,  0.0,  0.0,  0.0,  0.0,  2.3,  3.2,  4.5,  5.5,  6.9,  8.5,  10.2,  9.5,  4.9,  13.6,  15.5,  16.4,  18.6,  20.0,  18.2,  18.2,  19.0
Japan,  8.6,  8.7,  13.7,  17.5,  19.3,  23.0,  28.2,  38.5,  45.4,  51.6,  52.8,  53.5,  57.1,  76.7,  82.0,  83.5,  86.2,  90.4,  96.6,  111.7,  119.7,  121.1,  124.0,  130.2,  134.9,  140.7,  145.4,  149.2,  158.2,  163.1,  162.5,  166.5,  171.9,  170.9,  169.7,  186.5,  202.6,  198.5,  196.4,  207.1,  241.4,  250.6,  249.9,  252.0,  240.0,  245.3,  239.3,  229.4,  219.9,  229.6
Korea,-,-,-,-,-,-,-,-,-,-,-,-,-,-,-,  0.1,  4.4,  5.7,  5.6,  6.4,  7.4,  9.7,  12.1,  16.1,  19.5,  25.8,  31.3,  29.3,  35.9,  40.2,  44.0,  49.2,  51.3,  60.4,  64.3,  68.7,  73.9,  75.5,  72.7,  91.5,  98.6,  106.8,  111.0,  100.1,  93.6,  99.3,  103.0,  114.3,  110.3,  115.2
New Zealand,  0.2,  0.5,  0.6,  0.6,  0.6,  1.8,  3.1,  3.0,  2.1,  1.9,  2.2,  3.9,  4.0,  4.3,  5.3,  4.6,  4.8,  4.9,  5.0,  6.6,  7.3,  7.7,  7.5,  7.0,  6.4,  7.4,  8.6,  7.4,  8.4,  8.7,  9.7,  9.0,  7.6,  6.5,  6.9,  6.8,  7.7,  6.9,  6.7,  7.5,  6.8,  7.0,  7.4,  7.5,  7.1,  6.9,  7.4,  6.4,  7.1,  6.7
OECD Asia Oceania,  12.9,  15.1,  21.4,  26.0,  28.6,  34.6,  42.8,  54.1,  61.6,  69.7,  73.9,  78.2,  81.8,  103.3,  111.1,  114.4,  122.2,  129.2,  136.3,  157.0,  165.1,  170.5,  177.0,  188.1,  198.3,  211.6,  223.4,  225.6,  244.0,  255.7,  262.4,  275.4,  277.2,  288.0,  291.8,  315.2,  345.2,  345.3,  343.9,  377.2,  418.1,  434.3,  447.4,  441.7,  424.4,  439.5,  441.6,  442.5,  432.1,  457.2
Austria,  5.4,  6.0,  6.5,  7.2,  7.1,  8.2,  8.3,  8.7,  8.8,  8.3,  7.8,  7.6,  7.7,  8.7,  9.5,  9.4,  9.8,  9.3,  10.0,  11.5,  12.1,  12.2,  12.6,  13.3,  14.5,  15.5,  14.9,  15.4,  15.6,  14.7,  15.9,  15.8,  17.0,  17.4,  18.3,  17.0,  16.1,  17.0,  16.5,  18.2,  17.2,  16.5,  15.9,  14.4,  15.5,  16.2,  17.5,  16.7,  17.2,  16.4
Belgium,  11.3,  14.4,  15.2,  18.0,  17.4,  19.0,  18.7,  18.6,  20.7,  19.7,  17.9,  14.6,  15.6,  16.2,  16.2,  14.5,  16.3,  15.8,  17.8,  18.4,  19.6,  19.8,  20.8,  21.3,  23.4,  26.2,  24.9,  27.7,  29.3,  29.6,  29.6,  30.5,  32.2,  32.7,  32.0,  33.1,  33.1,  33.0,  33.7,  37.2,  31.6,  32.0,  32.0,  27.9,  30.4,  31.2,  31.6,  32.8,  33.3,  33.1
Czech Republic,  1.9,  2.0,  2.2,  2.7,  3.1,  3.4,  3.9,  4.4,  4.9,  5.7,  5.7,  6.0,  7.0,  7.5,  9.2,  9.7,  10.6,  10.8,  11.1,  11.5,  11.4,  12.7,  12.8,  12.8,  14.6,  17.0,  17.5,  17.4,  17.6,  17.1,  18.4,  17.8,  18.1,  18.1,  17.9,  17.6,  16.6,  16.3,  15.3,  17.4,  15.9,  15.6,  15.9,  14.0,  14.8,  16.0,  16.5,  15.6,  16.4,  16.7
Denmark,-,  0.0,  0.0,  0.0,  0.0,  0.0,  0.0,  0.0,  0.0,  0.0,  0.0,  0.1,  0.1,  0.3,  1.5,  2.6,  3.3,  3.7,  3.9,  4.2,  4.7,  5.0,  5.7,  6.4,  7.4,  8.7,  9.2,  10.0,  10.5,  10.5,  10.9,  10.9,  11.0,  11.0,  10.5,  10.7,  9.6,  9.7,  9.3,  10.4,  8.8,  8.2,  7.8,  6.7,  6.9,  7.0,  6.9,  6.8,  6.5,  5.2
Estonia,..,..,..,..,..,..,..,..,..,..,..,..,..,..,..,..,..,..,..,  2.4,  2.5,  1.5,  0.8,  0.9,  1.1,  1.2,  1.2,  1.1,  1.1,  1.3,  1.4,  1.3,  1.5,  1.6,  1.6,  1.6,  1.6,  1.5,  1.2,  1.3,  1.2,  1.3,  1.1,  1.0,  0.9,  1.0,  1.0,  1.0,  0.9,  0.8
Finland,-,-,-,  0.9,  1.5,  1.7,  1.8,  1.9,  1.9,  1.7,  1.4,  1.3,  1.3,  1.5,  1.9,  2.3,  3.1,  3.3,  4.3,  5.1,  5.4,  5.6,  5.8,  6.3,  6.6,  6.9,  6.8,  7.8,  7.8,  8.0,  8.6,  8.6,  9.5,  9.2,  8.4,  9.0,  8.3,  8.5,  7.6,  8.3,  7.3,  6.5,  6.0,  5.4,  4.6,  4.1,  3.7,  4.3,  4.1,  4.1
France,  17.8,  22.0,  25.7,  27.7,  30.8,  34.6,  36.1,  38.5,  43.8,  44.3,  45.7,  44.4,  46.7,  48.8,  51.2,  52.2,  53.0,  51.4,  53.0,  53.5,  61.0,  61.6,  62.0,  61.6,  62.9,  69.8,  69.0,  70.8,  74.8,  78.1,  82.8,  83.3,  87.0,  88.8,  91.7,  89.8,  86.5,  89.6,  88.8,  94.8,  86.0,  88.9,  89.6,  74.4,  79.5,  87.4,  87.3,  83.1,  84.8,  78.9
Germany,  38.5,  50.2,  65.1,  80.6,  84.4,  90.0,  96.4,  103.6,  112.3,  111.8,  107.8,  100.4,  102.6,  103.0,  101.3,  103.2,  111.9,  111.3,  114.4,  115.5,  124.0,  122.9,  129.4,  135.7,  145.3,  162.8,  155.4,  156.6,  158.1,  156.3,  163.4,  163.2,  166.5,  167.2,  169.0,  172.4,  166.4,  173.3,  161.4,  177.1,  160.2,  161.4,  164.0,  147.6,  152.5,  167.3,  170.5,  171.5,  170.1,  170.6
Greece,-,-,-,-,-,-,-,-,-,-,-,  0.1,  0.1,  0.1,  0.0,  0.1,  0.1,  0.1,  0.1,  0.1,  0.1,  0.1,  0.1,  0.1,  0.1,  0.1,  0.3,  1.2,  2.5,  3.7,  3.8,  4.1,  4.5,  4.9,  5.2,  6.1,  7.5,  7.9,  6.3,  6.7,  8.2,  7.5,  6.8,  5.0,  5.4,  7.8,  8.9,  8.4,  9.4,  10.2
Hungary,  6.0,  6.6,  8.0,  9.0,  9.7,  11.5,  12.6,  13.9,  14.9,  16.3,  16.8,  17.7,  17.7,  18.1,  18.0,  19.3,  19.3,  19.1,  19.9,  19.1,  19.5,  16.9,  18.3,  18.4,  19.9,  22.4,  21.5,  21.5,  21.9,  21.2,  23.6,  24.1,  26.4,  25.7,  26.7,  25.3,  23.8,  23.5,  20.4,  21.4,  20.3,  18.0,  17.0,  15.5,  16.6,  17.8,  18.8,  18.1,  18.3,  19.0
Iceland,-,-,-,-,-,-,-,-,-,-,-,-,-,-,-,-,-,-,-,-,-,-,-,-,-,-,-,-,-,-,-,-,-,-,-,-,-,-,-,-,-,-,-,-,-,-,-,-,-,-
Ireland,-,-,-,-,-,-,-,-,  1.1,  1.7,  2.6,  3.9,  4.0,  4.2,  4.5,  2.2,  2.2,  2.8,  3.3,  3.3,  3.4,  3.4,  4.1,  4.0,  4.4,  5.2,  5.3,  5.4,  6.0,  7.1,  7.3,  7.7,  8.5,  8.5,  8.0,  9.1,  9.8,  10.3,  9.9,  10.8,  9.4,  9.1,  8.8,  8.4,  8.5,  9.7,  10.0,  10.4,  10.5,  10.5
Italy,  24.1,  27.9,  31.6,  35.5,  41.1,  49.9,  51.0,  45.3,  47.0,  46.5,  45.8,  46.5,  48.1,  56.3,  57.2,  60.9,  68.8,  75.0,  81.5,  87.3,  92.4,  90.9,  95.1,  92.2,  102.1,  105.8,  109.1,  117.9,  127.9,  133.4,  134.0,  133.4,  146.8,  151.9,  162.8,  159.5,  160.5,  161.2,  148.2,  157.7,  148.4,  142.6,  133.1,  117.6,  128.3,  134.6,  142.6,  138.0,  141.3,  135.6
Latvia,..,..,..,..,..,..,..,..,..,..,..,..,..,..,..,..,..,..,..,  5.6,  5.6,  4.0,  2.6,  1.9,  2.3,  2.0,  2.4,  2.4,  2.3,  2.5,  2.9,  3.0,  3.1,  3.1,  3.2,  3.3,  3.2,  3.1,  2.9,  3.4,  3.0,  2.8,  2.8,  2.5,  2.6,  2.6,  2.3,  2.7,  2.6,  2.1
Lithuania,..,..,..,..,..,..,..,..,..,..,..,..,..,..,..,..,..,..,..,  9.4,  9.6,  5.6,  3.1,  3.2,  3.5,  3.7,  3.5,  2.9,  3.0,  3.5,  3.5,  3.6,  4.0,  4.2,  4.6,  4.4,  4.3,  4.0,  3.9,  4.7,  4.1,  3.9,  3.3,  2.8,  2.6,  2.4,  2.2,  2.2,  2.1,  2.3
Luxembourg,  0.0,  0.3,  0.5,  0.7,  0.8,  0.9,  1.0,  1.1,  1.1,  1.0,  0.8,  0.6,  0.6,  0.7,  0.7,  0.7,  0.8,  0.8,  1.0,  1.0,  1.0,  1.1,  1.1,  1.1,  1.3,  1.4,  1.5,  1.5,  1.5,  1.6,  1.8,  2.5,  2.5,  2.8,  2.8,  2.9,  2.7,  2.6,  2.6,  2.8,  2.4,  2.5,  2.1,  2.0,  1.8,  1.7,  1.6,  1.6,  1.6,  1.5
Netherlands,  47.4,  61.6,  68.1,  72.6,  69.4,  72.3,  73.5,  73.6,  73.9,  67.2,  64.1,  62.4,  66.3,  68.8,  72.6,  72.5,  74.6,  66.9,  68.8,  69.1,  77.4,  75.3,  77.8,  74.7,  76.9,  86.1,  79.9,  79.1,  77.2,  77.2,  79.5,  78.8,  79.4,  81.3,  78.6,  75.8,  73.3,  77.1,  78.0,  87.3,  75.8,  72.4,  73.3,  63.4,  62.7,  65.8,  67.2,  66.4,  69.0,  67.8
Norway,-,-,-,  0.0,  0.4,  0.7,  1.0,  1.6,  1.5,  2.0,  2.0,  2.2,  2.7,  2.4,  2.8,  5.0,  3.5,  4.1,  4.2,  4.6,  4.5,  7.6,  8.7,  9.2,  8.1,  7.0,  9.2,  10.1,  11.2,  7.4,  8.1,  8.3,  8.9,  9.4,  9.3,  9.6,  9.9,  10.0,  11.0,  13.5,  12.4,  11.7,  11.7,  12.3,  12.7,  12.5,  12.7,  12.1,  12.1,  10.4
Poland,  10.3,  10.8,  10.7,  10.7,  11.5,  12.9,  14.0,  14.8,  15.0,  15.3,  14.7,  14.5,  14.6,  15.2,  15.6,  16.3,  16.3,  16.5,  16.2,  15.6,  14.3,  14.0,  14.1,  15.0,  15.5,  16.2,  17.3,  17.1,  17.3,  17.9,  18.9,  19.6,  20.8,  22.4,  23.2,  23.5,  23.7,  23.8,  23.8,  25.5,  25.4,  26.5,  26.5,  25.3,  26.2,  28.1,  29.7,  30.4,  31.8,  32.1
Portugal,-,-,-,-,-,-,-,-,-,-,-,-,-,-,-,-,-,-,-,-,-,-,-,-,-,-,  0.2,  1.4,  4.3,  4.6,  5.2,  6.4,  6.2,  7.7,  8.7,  8.3,  8.9,  9.6,  9.7,  10.5,  10.6,  9.0,  8.1,  7.6,  9.0,  9.6,  12.2,  11.2,  11.9,  11.6
Slovak Republic,  2.7,  2.9,  3.2,  3.9,  4.4,  4.9,  5.6,  6.2,  7.4,  5.0,  5.2,  5.4,  5.5,  6.3,  6.5,  6.9,  7.3,  7.2,  8.1,  11.8,  10.1,  11.1,  10.9,  10.7,  11.8,  12.5,  12.8,  13.0,  13.4,  13.2,  13.4,  12.5,  12.1,  11.5,  12.6,  11.5,  10.8,  10.8,  9.4,  10.9,  9.6,  9.2,  9.4,  7.6,  7.6,  7.8,  8.2,  8.0,  8.2,  8.1
Slovenia,..,..,..,..,..,..,..,..,..,..,..,..,..,..,..,-,-,-,-,  1.8,  1.7,  1.4,  1.4,  1.5,  1.5,  1.6,  1.6,  1.7,  1.7,  1.6,  1.7,  1.7,  1.8,  1.9,  1.9,  1.8,  1.8,  1.8,  1.7,  1.8,  1.7,  1.7,  1.6,  1.5,  1.6,  1.6,  1.7,  1.7,  1.7,  1.7
Spain,  0.7,  1.3,  1.9,  1.9,  1.8,  2.4,  2.3,  2.4,  3.0,  3.1,  3.7,  4.0,  4.3,  4.0,  4.6,  4.9,  5.6,  7.0,  8.7,  10.0,  10.9,  11.9,  12.3,  13.1,  16.9,  18.6,  24.8,  25.5,  29.7,  34.2,  37.2,  42.8,  48.6,  56.6,  66.9,  72.2,  73.5,  80.9,  72.2,  71.7,  66.6,  65.1,  59.2,  54.2,  56.5,  57.6,  62.4,  62.0,  71.1,  64.0
Sweden,-,-,-,-,-,-,-,-,-,-,-,-,-,-,  0.2,  0.5,  0.6,  0.8,  1.1,  1.3,  1.3,  1.5,  1.7,  1.7,  1.6,  1.7,  1.8,  1.8,  1.8,  1.7,  1.9,  1.9,  2.0,  1.9,  1.7,  1.8,  1.9,  1.7,  2.4,  3.0,  2.5,  2.2,  2.0,  1.7,  1.8,  1.7,  1.5,  1.5,  1.4,  1.9
Switzerland,  0.0,  0.1,  0.3,  0.5,  1.0,  1.1,  1.3,  1.5,  1.7,  1.9,  2.1,  2.2,  2.4,  2.7,  2.9,  3.0,  3.2,  3.2,  3.5,  3.8,  4.3,  4.5,  4.7,  4.6,  5.1,  5.6,  5.4,  5.5,  5.7,  5.7,  5.9,  5.8,  6.2,  6.4,  6.5,  6.4,  6.2,  6.6,  6.3,  7.1,  6.3,  6.9,  7.3,  6.3,  6.7,  7.1,  7.1,  6.8,  7.0,  6.8
Turkey,-,-,-,-,-,-,-,-,-,-,-,  0.1,  0.1,  0.1,  0.1,  0.9,  1.4,  2.4,  6.2,  6.3,  7.3,  7.7,  8.4,  9.4,  12.2,  14.9,  18.1,  19.6,  24.3,  28.9,  31.2,  33.7,  40.7,  43.0,  52.4,  60.7,  71.0,  70.3,  67.6,  73.4,  85.9,  87.0,  88.0,  93.4,  91.6,  87.6,  102.7,  93.2,  84.8,  90.1
United Kingdom,  21.7,  35.7,  46.3,  60.6,  67.7,  75.0,  79.2,  85.3,  92.0,  93.1,  94.1,  95.4,  97.7,  99.2,  106.1,  107.2,  111.8,  108.2,  102.6,  104.5,  114.7,  115.6,  128.4,  136.6,  144.9,  168.6,  172.9,  180.9,  193.1,  198.7,  200.4,  197.7,  199.0,  203.1,  197.7,  187.1,  188.8,  195.2,  181.4,  195.6,  163.0,  153.1,  152.1,  139.5,  143.3,  161.3,  157.1,  159.2,  158.1,  150.1
OECD Europe,  187.9,  241.8,  285.3,  332.5,  352.2,  388.5,  406.7,  421.3,  450.9,  444.5,  438.3,  429.5,  445.2,  464.0,  482.5,  494.2,  523.7,  519.5,  539.8,  576.5,  618.9,  613.9,  642.5,  655.8,  704.0,  781.4,  786.4,  815.4,  859.5,  879.7,  911.5,  918.9,  964.4,  992.2, 1 022.2, 1 020.6, 1 019.9, 1 049.1,  991.4, 1 072.8,  984.0,  961.6,  945.2,  858.2,  890.5,  947.3,  983.9,  965.4,  976.4,  951.8
Albania,  0.3,  0.3,  0.4,  0.4,  0.6,  0.7,  0.7,  0.7,  0.7,  0.8,  0.8,  0.8,  0.8,  0.8,  0.8,  0.8,  0.8,  0.8,  0.7,  0.5,  0.3,  0.2,  0.2,  0.1,  0.1,  0.0,  0.0,  0.0,  0.0,  0.0,  0.0,  0.0,  0.0,  0.0,  0.0,  0.0,  0.0,  0.0,  0.0,  0.0,  0.0,  0.0,  0.0,  0.1,  0.1,  0.1,  0.1,  0.1,  0.1,  0.1
Armenia,..,..,..,..,..,..,..,..,..,..,..,..,..,..,..,..,..,..,..,  8.4,  8.3,  3.5,  1.5,  1.7,  2.7,  2.0,  2.8,  2.9,  2.3,  2.6,  2.7,  2.1,  2.3,  2.5,  3.2,  3.2,  3.9,  4.3,  3.3,  3.1,  3.8,  4.6,  4.4,  4.4,  4.3,  4.1,  4.3,  4.6,  4.9,  4.9
Azerbaijan,..,..,..,..,..,..,..,..,..,..,..,..,..,..,..,..,..,..,..,  32.3,  32.2,  19.8,  16.0,  15.4,  15.5,  10.9,  10.6,  9.8,  10.5,  10.5,  15.9,  16.1,  16.6,  17.2,  17.2,  18.9,  16.8,  19.7,  16.9,  16.1,  17.7,  19.4,  19.4,  20.7,  20.2,  20.4,  19.8,  20.6,  23.2,  23.5
Belarus,..,..,..,..,..,..,..,..,..,..,..,..,..,..,..,..,..,..,..,  24.7,  23.6,  31.8,  30.1,  26.7,  23.7,  25.7,  30.2,  29.3,  30.3,  30.9,  31.3,  31.9,  33.2,  36.2,  36.8,  37.2,  37.7,  38.6,  31.5,  39.5,  37.2,  36.5,  36.8,  36.4,  33.9,  33.8,  34.6,  36.8,  35.2,  32.6
Bosnia and Herzegovina,..,..,..,..,..,..,..,..,..,..,..,..,..,..,..,..,..,..,..,  0.9,  0.9,  0.8,  0.3,  0.3,  0.3,  0.5,  0.3,  0.3,  0.3,  0.5,  0.3,  0.3,  0.4,  0.6,  0.7,  0.7,  0.8,  0.8,  0.4,  0.5,  0.5,  0.5,  0.4,  0.4,  0.4,  0.4,  0.5,  0.5,  0.4,  0.3
Bulgaria,  0.6,  0.4,  0.4,  0.9,  2.3,  4.0,  5.2,  5.5,  5.9,  7.6,  8.2,  9.1,  9.6,  10.1,  10.9,  10.9,  12.1,  11.7,  12.1,  11.0,  9.9,  8.8,  7.3,  7.3,  9.2,  9.2,  7.9,  6.8,  5.7,  6.0,  5.4,  4.9,  5.1,  5.0,  5.7,  6.0,  6.1,  5.9,  4.6,  4.8,  5.4,  5.2,  5.0,  4.9,  5.1,  5.1,  5.2,  5.1,  4.7,  4.9
Croatia,..,..,..,..,..,..,..,..,..,..,..,..,..,..,..,..,..,..,..,  4.2,  3.7,  3.7,  4.3,  3.9,  3.4,  3.9,  4.0,  4.0,  3.9,  4.0,  4.4,  4.6,  4.5,  4.7,  4.5,  4.5,  5.2,  5.0,  4.7,  5.1,  4.8,  4.2,  4.2,  3.6,  3.7,  3.9,  4.6,  4.3,  4.5,  4.5
Cyprus,-,-,-,-,-,-,-,-,-,-,-,-,-,-,-,-,-,-,-,-,-,-,-,-,-,-,-,-,-,-,-,-,-,-,-,-,-,-,-,-,-,-,-,-,-,-,-,-,-,..
Georgia,..,..,..,..,..,..,..,..,..,..,..,..,..,..,..,..,..,..,..,  10.7,  9.2,  9.2,  7.4,  3.6,  2.2,  1.8,  1.6,  1.6,  1.6,  2.2,  1.6,  1.1,  1.3,  1.5,  1.9,  2.5,  2.8,  2.2,  2.2,  2.1,  2.9,  3.4,  3.2,  3.8,  4.1,  3.9,  4.2,  4.1,  4.7,  4.4
Gibraltar,-,-,-,-,-,-,-,-,-,-,-,-,-,-,-,-,-,-,-,-,-,-,-,-,-,-,-,-,-,-,-,-,-,-,-,-,-,-,-,-,-,-,-,-,-,-,-,-,  0.0,..
Kazakhstan,..,..,..,..,..,..,..,..,..,..,..,..,..,..,..,..,..,..,..,  25.2,  24.0,  35.2,  24.8,  19.1,  23.8,  18.5,  15.8,  15.8,  15.8,  15.4,  11.5,  15.9,  19.6,  22.2,  28.7,  34.9,  39.7,  48.1,  46.4,  53.8,  53.4,  53.7,  56.8,  28.2,  26.7,  29.2,  32.6,  32.1,  38.7,..
Kosovo,..,..,..,..,..,..,..,..,..,..,..,..,..,..,..,..,..,..,..,..,..,..,..,..,..,..,..,..,..,-,-,-,-,-,-,-,-,-,-,-,-,-,-,-,-,-,-,-,-,..
Kyrgyzstan,..,..,..,..,..,..,..,..,..,..,..,..,..,..,..,..,..,..,..,  3.6,  3.6,  3.6,  2.7,  1.7,  1.7,  2.1,  1.7,  2.0,  1.2,  1.4,  1.4,  1.8,  1.4,  1.6,  1.2,  1.3,  1.3,  1.3,  0.5,  0.5,  0.6,  0.7,  0.6,  0.5,  0.5,  0.5,  0.6,  0.6,  0.6,..
Malta,-,-,-,-,-,-,-,-,-,-,-,-,-,-,-,-,-,-,-,-,-,-,-,-,-,-,-,-,-,-,-,-,-,-,-,-,-,-,-,-,-,-,-,-,-,-,  0.5,  0.7,  0.7,  0.7
Republic of Moldova,..,..,..,..,..,..,..,..,..,..,..,..,..,..,..,..,..,..,..,  7.6,  7.7,  6.8,  6.8,  6.6,  6.5,  5.4,  5.7,  5.3,  5.2,  4.8,  5.1,  5.0,  5.2,  5.3,  5.5,  5.2,  5.2,  4.9,  4.9,  5.3,  5.2,  5.2,  4.0,  4.7,  4.9,  4.9,  4.5,  4.9,  5.1,  6.9
Montenegro,..,..,..,..,..,..,..,..,..,..,..,..,..,..,..,..,..,..,..,..,..,..,..,..,..,..,..,..,..,..,..,..,..,..,-,-,-,-,-,-,-,-,-,-,-,-,-,-,-,..
Republic of North Macedonia,..,..,..,..,..,..,..,..,..,..,..,..,..,..,..,..,..,..,..,-,-,-,-,-,-,-,-,  0.0,  0.1,  0.1,  0.2,  0.2,  0.2,  0.1,  0.1,  0.2,  0.2,  0.2,  0.2,  0.2,  0.3,  0.3,  0.3,  0.3,  0.3,  0.4,  0.5,  0.5,  0.6,  0.7
Romania,  52.4,  53.2,  56.2,  58.0,  63.0,  69.5,  73.6,  76.1,  73.3,  76.1,  80.0,  81.4,  81.0,  80.7,  75.1,  76.4,  75.0,  75.3,  75.5,  67.8,  56.0,  44.1,  41.8,  41.0,  42.4,  42.1,  35.9,  33.2,  29.6,  29.6,  28.3,  29.7,  32.1,  30.1,  28.8,  30.0,  26.8,  26.4,  22.2,  22.6,  22.9,  22.2,  21.1,  20.0,  19.9,  19.9,  21.0,  21.5,  19.9,  21.5
Russian Federation,..,..,..,..,..,..,..,..,..,..,..,..,..,..,..,..,..,..,..,  838.9,  864.5,  821.1,  794.3,  744.9,  710.5,  710.5,  679.7,  678.5,  690.3,  696.2,  702.8,  712.9,  746.7,  752.2,  754.7,  775.5,  788.1,  789.4,  748.5,  803.8,  827.6,  820.5,  814.7,  807.8,  766.4,  774.5,  796.8,  839.4,  855.4,  810.5
Serbia,..,..,..,..,..,..,..,..,..,..,..,..,..,..,..,..,..,..,..,  6.1,  5.9,  4.8,  3.0,  2.5,  2.9,  4.0,  4.5,  4.2,  3.0,  3.2,  3.5,  3.6,  3.7,  4.7,  4.0,  3.8,  4.6,  4.3,  3.1,  3.8,  3.9,  3.9,  4.1,  3.3,  3.5,  3.6,  4.1,  4.3,  4.1,  4.0
Tajikistan,..,..,..,..,..,..,..,..,..,..,..,..,..,..,..,..,..,..,..,  3.3,  3.3,  3.5,  2.7,  1.5,  1.2,  1.2,  1.5,  1.5,  1.5,  1.5,  1.2,  1.0,  1.1,  1.3,  1.3,  1.3,  1.3,  1.0,  0.5,  0.4,  0.4,  0.3,  0.0,  0.0,  0.0,  0.0,  0.0,  0.1,  0.5,..
Turkmenistan,..,..,..,..,..,..,..,..,..,..,..,..,..,..,..,..,..,..,..,  28.8,  25.9,  13.0,  18.4,  25.0,  26.4,  21.3,  21.8,  20.6,  25.2,  25.7,  26.3,  26.8,  29.6,  31.8,  33.6,  35.0,  41.1,  41.2,  35.5,  40.8,  44.9,  46.3,  47.6,  48.3,  50.2,  50.2,  50.2,  50.2,  50.2,..
Ukraine,..,..,..,..,..,..,..,..,..,..,..,..,..,..,..,..,..,..,..,  210.7,  213.9,  197.6,  184.6,  164.1,  157.1,  171.0,  152.2,  136.5,  148.1,  142.9,  142.9,  141.1,  149.4,  138.4,  136.4,  122.7,  115.9,  110.6,  86.3,  96.2,  97.7,  88.0,  82.4,  69.3,  54.8,  54.5,  53.4,  55.9,  49.2,  46.5
Uzbekistan,..,..,..,..,..,..,..,..,..,..,..,..,..,..,..,..,..,..,..,  76.5,  78.6,  79.1,  83.9,  80.4,  71.7,  72.7,  73.8,  89.3,  90.9,  97.2,  98.6,  101.3,  97.2,  99.6,  93.6,  100.7,  98.8,  103.7,  94.1,  104.1,  107.3,  92.1,  89.5,  82.9,  79.0,  83.3,  88.2,  89.0,  92.8,..
Former Soviet Union (if no detail),  422.6,  442.2,  458.0,  484.8,  504.6,  541.8,  570.5,  602.3,  637.2,  678.9,  726.4,  783.6,  841.0,  910.9,  990.5, 1 057.4, 1 120.8, 1 173.3, 1 232.6,..,..,..,..,..,..,..,..,..,..,..,..,..,..,..,..,..,..,..,..,..,..,..,..,..,..,..,..,..,..,..
Former Yugoslavia (if no detail),  1.3,  1.6,  1.8,  2.0,  2.1,  2.2,  2.4,  3.1,  3.8,  5.0,  6.2,  8.0,  8.7,  9.8,  11.0,  11.5,  10.6,  10.8,  11.6,..,..,..,..,..,..,..,..,..,..,..,..,..,..,..,..,..,..,..,..,..,..,..,..,..,..,..,..,..,..,..
Non-OECD Europe and Eurasia,  477.1,  497.7,  516.7,  546.2,  572.6,  618.2,  652.3,  687.7,  720.9,  768.3,  821.6,  882.8,  941.0, 1 012.2, 1 088.3, 1 157.0, 1 219.4, 1 271.9, 1 332.5, 1 361.4, 1 371.3, 1 286.7, 1 230.0, 1 146.1, 1 101.4, 1 102.9, 1 049.9, 1 041.7, 1 065.8, 1 074.6, 1 083.5, 1 100.2, 1 149.5, 1 155.2, 1 157.9, 1 183.8, 1 196.4, 1 207.6, 1 105.8, 1 202.7, 1 236.6, 1 207.0, 1 194.6, 1 139.4, 1 078.0, 1 092.9, 1 126.0, 1 175.3, 1 195.6,..
Algeria,  2.4,  3.1,  3.5,  4.1,  4.7,  5.5,  6.2,  9.5,  13.1,  13.5,  16.6,  20.9,  24.0,  21.8,  21.8,  26.7,  26.1,  28.6,  28.2,  26.2,  28.3,  28.6,  30.2,  29.9,  31.3,  31.4,  32.9,  34.0,  35.6,  35.9,  36.6,  38.4,  42.3,  41.5,  45.0,  47.3,  48.5,  49.0,  51.8,  51.4,  55.9,  62.0,  63.4,  68.8,  72.7,  72.3,  75.6,  80.8,  84.4,..
Angola,  0.1,  0.1,  0.1,  0.1,  0.1,  0.1,  0.1,  0.1,  0.1,  0.2,  0.2,  0.2,  0.2,  0.2,  0.2,  0.3,  0.3,  0.3,  0.3,  1.0,  1.1,  1.1,  1.1,  1.1,  1.1,  1.1,  1.1,  1.1,  1.1,  1.1,  1.0,  1.2,  1.2,  1.4,  1.2,  1.3,  1.6,  1.3,  1.3,  1.4,  1.4,  1.5,  0.8,  0.6,  1.5,  1.5,  1.6,  1.7,  2.5,..
Benin,-,-,-,-,-,-,-,-,-,-,-,-,-,-,-,-,-,-,-,-,-,-,-,-,-,-,-,-,-,-,-,-,-,-,-,-,-,-,-,-,-,-,  0.0,  0.1,  0.1,  0.0,  0.1,  0.0,  0.1,  0.3
Botswana,-,-,-,-,-,-,-,-,-,-,-,-,-,-,-,-,-,-,-,-,-,-,-,-,-,-,-,-,-,-,-,-,-,-,-,-,-,-,-,-,-,-,-,-,-,-,-,-,-,..
Cameroon,-,-,-,-,-,-,-,-,-,-,-,-,-,-,-,-,-,-,-,-,-,-,-,-,-,-,-,-,-,-,-,-,-,-,-,-,  0.6,  0.6,  0.5,  0.5,  0.3,  0.4,  0.6,  0.9,  1.0,  1.0,  1.1,  1.5,  1.4,..
Congo,  0.0,  0.0,  0.0,  0.0,  0.0,  0.0,  0.0,  0.0,  0.0,-,  0.0,  0.0,  0.0,  0.0,  0.0,-,-,-,-,-,-,-,-,-,-,-,-,-,-,-,-,-,  0.0,  0.0,  0.0,  0.0,  0.0,  0.0,  0.1,  0.2,  0.3,  0.4,  0.4,  0.5,  1.0,  1.2,  1.2,  1.4,  1.9,..
Côte d'Ivoire,-,-,-,-,-,-,-,-,-,-,-,-,-,-,-,-,-,-,-,-,-,-,-,-,  0.1,  0.9,  1.4,  1.8,  3.0,  3.0,  3.0,  3.1,  2.7,  2.6,  2.9,  2.9,  3.0,  3.1,  2.8,  3.1,  3.1,  3.4,  3.9,  3.9,  4.0,  3.6,  4.4,  3.8,  4.1,..
Dem. Rep. of Congo,-,-,-,-,-,-,-,-,-,-,-,-,-,-,-,-,-,-,-,-,-,-,-,-,-,-,-,-,-,-,-,-,-,-,-,  0.0,  0.0,  0.0,  0.0,  0.0,  0.0,-,-,  0.0,  0.0,  0.0,  0.0,  0.0,-,..
Egypt,  0.2,  0.1,  0.2,  0.1,  0.1,  0.1,  0.4,  1.0,  1.3,  2.8,  2.8,  2.9,  3.6,  4.9,  6.6,  8.1,  9.1,  9.9,  12.9,  13.4,  14.9,  16.0,  18.8,  19.9,  20.8,  21.6,  22.4,  22.8,  29.3,  29.8,  42.8,  42.7,  48.9,  47.2,  62.9,  66.6,  73.5,  74.9,  72.6,  73.9,  81.2,  82.2,  78.7,  75.1,  78.2,  87.0,  104.8,  107.5,  109.4,..
Equatorial Guinea,..,..,..,..,..,..,..,..,..,..,-,-,-,-,-,-,-,-,-,-,-,-,-,-,-,-,-,-,-,  0.0,  0.5,  1.8,  1.9,  2.5,  4.5,  5.4,  4.4,  5.8,  6.0,  6.0,  6.5,  6.8,  5.6,  4.5,  3.6,  4.2,  3.9,  4.7,  3.6,..
Eritrea,..,..,..,..,..,..,..,..,..,..,..,..,..,..,..,..,..,..,..,..,..,-,-,-,-,-,-,-,-,-,-,-,-,-,-,-,-,-,-,-,-,-,-,-,-,-,-,-,-,..
Ethiopia,-,-,-,-,-,-,-,-,-,-,-,-,-,-,-,-,-,-,-,-,-,-,-,-,-,-,-,-,-,-,-,-,-,-,-,-,-,-,-,-,-,-,-,-,-,-,-,-,-,..
Gabon,-,-,-,-,-,-,-,-,-,  0.0,  0.1,  0.1,  0.1,  0.1,  0.1,  0.1,  0.1,  0.2,  0.2,  0.2,  0.2,  0.2,  0.2,  0.2,  0.3,  0.2,  0.3,  0.2,  0.2,  0.2,  0.3,  0.3,  0.3,  0.3,  0.3,  0.3,  0.3,  0.4,  0.5,  0.6,  0.7,  0.7,  0.6,  0.7,  0.7,  0.8,  1.0,  1.0,  1.0,..
Ghana,-,-,-,-,-,-,-,-,-,-,-,-,-,-,-,-,-,-,-,-,-,-,-,-,-,-,-,-,-,-,-,-,-,-,-,-,-,-,  0.0,  0.8,  1.6,  0.8,  0.6,  1.3,  2.5,  1.1,  2.3,  3.0,  4.1,  6.1
Kenya,-,-,-,-,-,-,-,-,-,-,-,-,-,-,-,-,-,-,-,-,-,-,-,-,-,-,-,-,-,-,-,-,-,-,-,-,-,-,-,-,-,-,-,-,-,-,-,-,-,..
Libya,  3.6,  3.2,  3.0,  2.4,  2.6,  3.2,  3.6,  3.8,  4.2,  3.7,  3.0,  2.9,  2.9,  3.0,  3.1,  3.2,  3.2,  3.0,  3.2,  3.5,  3.8,  3.9,  3.5,  3.6,  5.3,  5.5,  5.9,  5.8,  6.0,  6.2,  6.4,  6.1,  6.6,  7.5,  9.2,  10.8,  11.5,  12.0,  11.4,  12.6,  11.6,  13.5,  15.3,  13.7,  14.2,  17.7,  18.0,  17.6,  17.7,..
Mauritius,-,-,-,-,-,-,-,-,-,-,-,-,-,-,-,-,-,-,-,-,-,-,-,-,-,-,-,-,-,-,-,-,-,-,-,-,-,-,-,-,-,-,-,-,-,-,-,-,-,-
Morocco,  0.1,  0.1,  0.1,  0.2,  0.1,  0.2,  0.2,  0.2,  0.1,  0.1,  0.2,  0.2,  0.2,  0.2,  0.2,  0.2,  0.1,  0.1,  0.1,  0.1,  0.1,  0.0,  0.0,  0.0,  0.0,  0.0,  0.1,  0.1,  0.1,  0.1,  0.1,  0.1,  0.1,  0.1,  0.9,  1.1,  1.3,  1.1,  1.2,  1.3,  1.7,  2.5,  2.3,  2.4,  2.4,  2.4,  2.4,  2.2,  2.0,  1.6
Mozambique,-,-,-,-,-,-,-,-,-,-,-,-,-,-,-,-,-,-,-,-,-,  0.0,  0.0,  0.0,  0.0,  0.0,  0.0,  0.0,  0.0,  0.0,  0.0,  0.0,  0.0,  0.0,  0.0,  0.1,  0.1,  0.1,  0.2,  0.2,  0.4,  0.4,  0.4,  0.5,  1.1,  1.9,  1.7,  1.7,  1.9,..
Namibia,..,..,..,..,..,..,..,..,..,..,..,..,..,..,..,..,..,..,..,..,-,-,-,-,-,-,-,-,-,-,-,-,-,-,-,-,-,-,-,-,-,-,-,-,-,-,-,-,-,..
Niger,-,-,-,-,-,-,-,-,-,-,-,-,-,-,-,-,-,-,-,-,-,-,-,-,-,-,-,-,-,-,-,-,-,-,-,-,-,-,-,-,-,-,-,-,-,-,-,  0.1,  0.1,..
Nigeria,  0.4,  0.5,  0.8,  0.8,  1.0,  1.3,  1.6,  1.8,  2.3,  2.9,  4.4,  5.0,  6.1,  5.9,  7.0,  6.3,  7.0,  7.0,  7.3,  6.9,  8.5,  8.9,  9.8,  9.5,  9.3,  9.4,  11.9,  12.0,  12.8,  14.7,  13.8,  14.7,  18.6,  18.6,  18.7,  19.8,  20.9,  20.0,  16.3,  19.3,  26.7,  27.1,  27.7,  31.1,  31.2,  31.9,  29.6,  30.8,  31.1,..
Senegal,-,-,-,-,-,-,-,-,-,-,-,-,-,-,-,-,  0.0,  0.0,  0.0,  0.0,  0.0,  0.0,  0.0,  0.0,  0.1,  0.1,  0.1,  0.0,  0.0,  0.0,-,  0.0,  0.0,  0.0,  0.0,  0.0,  0.0,  0.0,  0.0,  0.0,  0.0,  0.1,  0.1,  0.1,  0.0,  0.0,  0.0,  0.0,  0.0,..
South Africa,-,-,-,-,-,-,-,-,-,-,-,-,-,-,-,-,-,-,-,-,-,-,-,-,-,-,-,-,-,-,-,-,-,-,-,-,-,-,-,  1.9,  4.1,  4.1,  4.0,  4.0,  4.1,  4.0,  4.3,  4.5,  4.5,..
South Sudan,..,..,..,..,..,..,..,..,..,..,..,..,..,..,..,..,..,..,..,..,..,..,..,..,..,..,..,..,..,..,..,..,..,..,..,..,..,..,..,..,..,-,-,-,-,-,-,-,-,..
Sudan,-,-,-,-,-,-,-,-,-,-,-,-,-,-,-,-,-,-,-,-,-,-,-,-,-,-,-,-,-,-,-,-,-,-,-,-,-,-,-,-,-,-,-,-,-,-,-,-,-,..
United Rep. of Tanzania,-,-,-,-,-,-,-,-,-,-,-,-,-,-,-,-,-,-,-,-,-,-,-,-,-,-,-,-,-,-,-,-,-,  0.2,  0.8,  1.0,  1.1,  1.1,  1.3,  1.5,  1.7,  1.9,  1.9,  1.8,  1.7,  1.6,  1.6,  1.5,  2.0,..
Togo,-,-,-,-,-,-,-,-,-,-,-,-,-,-,-,-,-,-,-,-,-,-,-,-,-,-,-,-,-,-,-,-,-,-,-,-,-,-,-,-,-,-,-,  0.0,  0.0,  0.0,  0.1,  0.1,  0.2,..
Tunisia,  0.0,  0.0,  0.3,  0.5,  0.5,  0.5,  0.5,  0.7,  0.8,  0.8,  0.9,  1.0,  1.0,  1.7,  2.2,  1.6,  2.6,  2.1,  2.2,  2.8,  2.0,  2.8,  2.8,  4.0,  4.6,  5.0,  5.2,  5.8,  6.1,  6.4,  7.1,  7.2,  7.2,  7.5,  7.8,  7.9,  8.4,  9.2,  9.6,  11.9,  11.6,  12.5,  12.4,  12.4,  11.8,  12.2,  12.6,  13.0,  12.9,..
Zambia,-,-,-,-,-,-,-,-,-,-,-,-,-,-,-,-,-,-,-,-,-,-,-,-,-,-,-,-,-,-,-,-,-,-,-,-,-,-,-,-,-,-,-,-,-,-,-,-,-,..
Zimbabwe,-,-,-,-,-,-,-,-,-,-,-,-,-,-,-,-,-,-,-,-,-,-,-,-,-,-,-,-,-,-,-,-,-,-,-,-,-,-,-,-,-,-,-,-,-,-,-,-,-,..
Other Africa,-,-,-,-,-,-,-,-,-,-,-,-,-,-,-,-,-,-,-,  0.0,  0.0,  0.0,  0.0,  0.0,  0.0,  0.0,  0.0,  0.0,  0.0,  0.0,  0.0,  0.0,  0.0,  0.0,  0.0,  0.0,  0.0,  0.0,  0.0,  0.0,  0.0,  0.0,  0.0,  0.0,  0.0,  0.1,  0.0,  0.0,  0.0,..
Africa,  6.7,  7.2,  8.1,  8.2,  9.1,  11.0,  12.7,  17.0,  21.9,  24.0,  28.1,  33.1,  38.1,  37.7,  41.3,  46.3,  48.6,  51.3,  54.5,  54.3,  58.9,  61.6,  66.5,  68.2,  72.9,  75.2,  81.3,  83.8,  94.1,  97.5,  111.8,  115.5,  129.7,  129.6,  154.4,  164.7,  175.3,  178.8,  175.6,  186.8,  209.0,  220.2,  218.7,  222.2,  231.9,  244.6,  266.5,  276.8,  285.0,..
Bangladesh,  0.3,  0.3,  0.5,  0.6,  0.6,  0.7,  0.8,  1.0,  1.2,  1.5,  1.4,  1.7,  2.0,  2.2,  3.1,  3.4,  4.2,  4.7,  4.9,  5.4,  5.7,  6.2,  6.7,  7.5,  8.2,  8.6,  8.8,  9.8,  11.0,  11.8,  13.7,  15.0,  16.1,  17.6,  19.1,  22.3,  24.4,  28.0,  31.4,  36.0,  36.3,  38.6,  41.0,  43.2,  46.0,  51.1,  52.5,  52.5,  54.9,..
Brunei Darussalam,  0.2,  0.2,  0.5,  1.0,  1.2,  1.6,  1.8,  1.6,  1.7,  2.2,  2.2,  2.2,  2.3,  2.4,  2.3,  2.3,  2.4,  2.5,  2.4,  2.5,  2.6,  2.7,  2.9,  3.1,  3.4,  3.4,  3.7,  3.1,  3.0,  3.2,  3.1,  3.1,  3.9,  3.6,  3.5,  5.8,  5.3,  5.5,  5.7,  5.1,  5.1,  5.0,  4.9,  4.8,  4.1,  4.5,  4.8,  5.2,  4.1,..
Cambodia,..,..,..,..,..,..,..,..,..,..,..,..,..,..,..,..,..,..,..,..,..,..,..,..,-,-,-,-,-,-,-,-,-,-,-,-,-,-,-,-,-,-,-,-,-,-,-,-,-,..
DPR of Korea,-,-,-,-,-,-,-,-,-,-,-,-,-,-,-,-,-,-,-,-,-,-,-,-,-,-,-,-,-,-,-,-,-,-,-,-,-,-,-,-,-,-,-,-,-,-,-,-,-,..
India,  1.0,  1.1,  1.1,  1.2,  1.3,  1.4,  1.5,  1.9,  1.8,  1.8,  2.4,  3.5,  4.2,  5.1,  5.0,  7.5,  9.0,  8.1,  9.6,  14.2,  17.5,  18.9,  20.0,  21.2,  26.0,  27.2,  32.7,  36.3,  39.6,  41.0,  42.8,  46.9,  51.9,  52.9,  55.7,  56.1,  64.1,  52.7,  71.8,  75.0,  85.6,  71.2,  59.8,  60.2,  63.6,  72.3,  81.3,  81.7,  83.1,..
Indonesia,  0.1,  0.1,  0.2,  0.4,  0.5,  0.6,  1.1,  2.3,  4.1,  5.5,  6.1,  6.4,  7.0,  8.3,  8.7,  10.1,  10.7,  11.8,  10.5,  24.4,  27.6,  29.7,  31.5,  41.4,  47.4,  48.6,  53.3,  60.1,  56.4,  45.5,  51.6,  54.9,  57.9,  54.7,  51.0,  66.4,  51.4,  56.8,  69.3,  71.4,  71.7,  73.9,  76.3,  78.2,  77.9,  75.6,  73.2,  82.5,  88.7,  78.1
Lao People's Democratic Republic,..,..,..,..,..,..,..,..,..,..,..,..,..,..,..,..,..,..,..,..,..,..,..,..,..,..,..,..,..,-,-,-,-,-,-,-,-,-,-,-,-,-,-,-,-,-,-,-,-,..
Malaysia,  0.0,  0.0,  0.0,  0.0,  0.1,  0.1,  0.1,  0.1,  0.1,  0.2,  0.2,  0.2,  0.8,  1.9,  4.6,  4.8,  5.3,  5.8,  6.0,  6.8,  14.2,  15.3,  19.3,  21.7,  24.1,  29.0,  31.9,  35.6,  42.6,  48.5,  49.4,  49.6,  51.8,  56.1,  64.0,  69.2,  71.9,  80.8,  63.7,  63.2,  58.7,  57.9,  66.2,  72.9,  70.7,  63.0,  48.0,  62.0,  63.5,..
Mongolia,..,..,..,..,..,..,..,..,..,..,..,..,..,..,-,-,-,-,-,-,-,-,-,-,-,-,-,-,-,-,-,-,-,-,-,-,-,-,-,-,-,-,-,-,-,-,-,-,-,..
Myanmar,  0.1,  0.2,  0.2,  0.2,  0.3,  0.4,  0.4,  0.5,  0.5,  0.6,  0.7,  0.9,  0.9,  1.2,  1.6,  1.8,  1.9,  1.9,  1.9,  1.6,  1.6,  1.5,  1.9,  2.4,  2.7,  2.9,  3.2,  3.1,  2.9,  2.6,  2.2,  2.3,  2.9,  3.1,  3.0,  2.9,  2.8,  2.9,  2.4,  3.0,  3.4,  3.6,  3.9,  5.6,  6.6,  8.2,  8.4,  8.7,  10.8,..
Nepal,-,-,-,-,-,-,-,-,-,-,-,-,-,-,-,-,-,-,-,-,-,-,-,-,-,-,-,-,-,-,-,-,-,-,-,-,-,-,-,-,-,-,-,-,-,-,-,-,-,..
Pakistan,  4.9,  5.0,  5.8,  6.7,  7.2,  7.3,  7.8,  8.3,  8.7,  9.0,  9.8,  10.1,  10.1,  10.0,  10.8,  11.2,  15.4,  15.9,  18.5,  17.9,  19.4,  21.9,  22.9,  23.6,  25.6,  24.9,  25.5,  26.3,  30.1,  30.9,  33.3,  36.0,  45.0,  50.5,  52.8,  53.0,  55.5,  55.0,  54.9,  52.9,  55.2,  55.8,  51.8,  51.0,  54.4,  58.0,  62.2,  59.5,  61.7,..
Philippines,-,-,-,-,-,-,-,-,-,-,-,-,-,-,-,-,-,-,-,-,-,-,-,  0.0,  0.0,  0.0,  0.0,  0.0,  0.0,  0.0,  0.3,  3.6,  5.5,  5.1,  6.7,  6.0,  7.2,  7.3,  7.6,  7.2,  7.7,  7.4,  6.8,  7.2,  6.8,  7.7,  7.6,  8.5,  8.6,..
Singapore,  0.0,  0.1,  0.1,  0.1,  0.1,  0.1,  0.1,  0.1,  0.1,  0.1,  0.1,  0.1,  0.1,  0.1,  0.1,  0.1,  0.1,  0.1,  0.1,  0.1,  0.2,  1.1,  3.0,  3.1,  3.2,  3.1,  3.2,  3.6,  2.9,  2.9,  4.4,  7.0,  10.6,  12.6,  12.0,  13.0,  13.6,  13.9,  13.9,  15.0,  15.5,  16.7,  18.9,  20.0,  20.1,  20.6,  20.9,  21.0,  21.6,..
Sri Lanka,-,-,-,-,-,-,-,-,-,-,-,-,-,-,-,-,-,-,-,-,-,-,-,-,-,-,-,-,-,-,-,-,-,-,-,-,-,-,-,-,-,-,-,-,-,-,-,-,-,..
Chinese Taipei,  1.6,  1.8,  2.2,  2.2,  2.2,  2.7,  2.6,  2.2,  2.1,  3.3,  2.9,  1.5,  1.5,  1.6,  1.5,  1.4,  1.5,  1.6,  1.8,  3.2,  5.2,  5.4,  5.2,  7.1,  7.5,  7.9,  9.1,  11.5,  11.5,  13.0,  14.4,  16.5,  16.8,  20.0,  21.2,  21.6,  23.7,  25.7,  24.8,  31.0,  33.9,  35.3,  36.1,  37.9,  40.7,  42.7,  46.9,  47.5,  46.5,  50.4
Thailand,-,-,-,-,-,-,-,-,-,-,  0.6,  2.5,  3.0,  4.5,  6.9,  6.7,  9.3,  11.0,  10.9,  11.7,  14.5,  15.6,  17.5,  19.5,  20.5,  24.1,  29.4,  32.1,  35.0,  40.9,  47.7,  51.5,  54.1,  57.4,  61.0,  62.8,  66.6,  72.9,  65.6,  75.0,  68.6,  79.7,  84.1,  83.8,  85.1,  83.4,  78.3,  79.9,  84.4,..
Viet Nam,-,-,-,-,-,-,-,-,-,-,  0.0,  0.0,  0.1,  0.1,  0.1,  0.1,  0.1,  0.1,  0.0,  0.0,  0.1,  0.0,  0.0,  0.1,  0.4,  0.6,  1.2,  1.9,  2.2,  2.6,  2.6,  5.4,  6.4,  8.6,  11.0,  12.0,  12.8,  14.9,  16.7,  19.1,  17.8,  19.4,  20.0,  21.5,  20.6,  19.0,  17.2,  17.2,  18.5,..
Other Asia,  0.5,  0.3,  0.3,  0.4,  0.5,  0.3,  0.5,  0.3,  0.4,  0.2,  0.3,  0.4,  0.7,  1.0,  1.3,  1.3,  0.4,  0.5,  0.5,  0.6,  0.6,  0.5,  0.5,  0.5,  0.5,  0.6,  0.5,  0.5,  0.5,  0.5,  0.5,  0.9,  0.8,  0.5,  0.6,  0.6,  0.6,  0.8,  0.8,  0.9,  0.8,  0.6,  0.6,  1.0,  1.2,  1.3,  1.7,  1.5,  1.5,..
Asia (excl. China),  8.8,  9.2,  10.9,  12.9,  14.0,  15.2,  16.7,  18.4,  20.7,  24.3,  26.7,  29.6,  32.7,  38.3,  46.0,  50.7,  60.2,  63.9,  67.1,  88.4,  109.0,  118.9,  131.4,  151.1,  169.6,  181.0,  202.5,  224.0,  237.8,  243.4,  266.1,  292.7,  323.7,  342.7,  361.7,  391.8,  400.1,  417.2,  428.6,  454.8,  460.3,  465.0,  470.5,  487.3,  497.7,  507.5,  502.9,  527.7,  547.8,..
People's Rep. of China,  7.4,  9.5,  11.8,  14.8,  17.4,  19.9,  23.9,  27.0,  28.5,  28.1,  25.1,  23.5,  24.1,  24.9,  16.2,  17.3,  18.1,  17.9,  19.1,  19.8,  20.0,  20.9,  25.1,  24.0,  26.9,  25.9,  30.0,  29.0,  31.7,  35.9,  42.2,  43.5,  52.7,  64.0,  71.8,  94.5,  117.8,  136.1,  152.3,  225.9,  234.1,  259.9,  301.5,  332.0,  351.6,  382.2,  444.4,  526.5,  573.8,..
"Hong Kong, China",  0.1,  0.1,  0.1,  0.1,  0.1,  0.1,  0.1,  0.1,  0.2,  0.2,  0.2,  0.2,  0.3,  0.3,  0.4,  0.5,  0.5,  0.6,  0.7,  0.8,  0.8,  0.9,  1.0,  1.0,  1.2,  5.1,  7.4,  7.0,  7.6,  7.1,  7.2,  6.9,  4.9,  6.5,  6.5,  6.8,  6.1,  6.9,  6.5,  8.0,  6.5,  6.0,  5.7,  5.5,  6.9,  7.0,  7.0,  6.8,  7.0,  11.7
"China (incl. Hong Kong, China)",  7.4,  9.6,  11.8,  14.9,  17.5,  20.0,  24.0,  27.1,  28.7,  28.3,  25.3,  23.8,  24.4,  25.3,  16.6,  17.7,  18.6,  18.5,  19.8,  20.6,  20.8,  21.8,  26.1,  25.0,  28.0,  31.0,  37.4,  36.0,  39.3,  43.0,  49.4,  50.3,  57.6,  70.5,  78.3,  101.2,  123.8,  143.0,  158.8,  233.9,  240.7,  266.0,  307.2,  337.6,  358.4,  389.2,  451.4,  533.3,  580.7,..
Argentina,  11.2,  13.9,  14.2,  15.6,  16.8,  17.6,  18.2,  17.2,  19.2,  21.3,  22.1,  24.3,  28.1,  30.1,  30.6,  33.6,  33.9,  39.7,  43.4,  39.6,  41.1,  42.1,  45.3,  47.2,  49.8,  55.3,  56.9,  62.2,  68.1,  70.6,  68.8,  66.5,  73.6,  79.7,  83.5,  85.5,  85.6,  86.2,  84.3,  84.2,  89.1,  91.5,  94.0,  93.6,  95.8,  96.5,  97.4,  97.3,  93.5,  88.5
Bolivia,  0.1,  0.2,  0.2,  0.2,  0.3,  0.4,  0.4,  0.5,  0.5,  0.6,  0.7,  0.7,  0.7,  0.7,  0.8,  0.9,  1.0,  1.1,  1.3,  1.5,  1.6,  1.8,  1.9,  2.3,  2.5,  2.3,  2.6,  2.7,  2.2,  2.3,  2.5,  2.7,  3.1,  3.2,  3.6,  4.1,  4.6,  5.1,  5.7,  6.4,  7.1,  7.4,  7.8,  8.7,  8.7,  9.6,  9.6,  9.7,  8.9,..
Brazil,  0.5,  0.6,  0.6,  1.0,  1.0,  1.1,  1.4,  1.4,  1.5,  1.6,  1.7,  2.2,  2.5,  3.0,  3.9,  4.6,  5.2,  5.3,  5.4,  6.0,  5.9,  6.5,  7.2,  7.2,  8.0,  9.7,  10.7,  11.2,  13.1,  17.3,  22.8,  28.5,  29.9,  36.8,  39.5,  41.0,  42.3,  51.2,  40.7,  53.0,  52.3,  62.3,  74.6,  82.4,  81.3,  68.3,  72.9,  70.6,  70.3,  66.9
Colombia,  2.6,  3.2,  3.3,  3.5,  3.3,  3.5,  3.9,  4.8,  5.2,  5.7,  6.2,  6.7,  7.4,  7.3,  7.4,  7.5,  7.6,  7.6,  7.3,  7.6,  7.8,  7.7,  8.0,  7.9,  8.4,  9.1,  11.5,  13.3,  11.5,  12.8,  13.6,  13.6,  13.1,  13.7,  14.4,  14.5,  14.3,  15.4,  17.6,  18.6,  17.6,  18.2,  18.8,  19.3,  19.9,  20.8,  19.0,  19.8,  18.0,  14.5
Costa Rica,-,-,-,-,-,-,-,-,-,-,-,-,-,-,-,-,-,-,-,-,-,-,-,-,-,-,-,-,-,-,-,-,-,-,-,-,-,-,-,-,-,-,-,-,-,-,-,-,-,..
Cuba,  0.1,  0.1,  0.1,  0.1,  0.2,  0.3,  0.2,  0.2,  0.1,  0.1,  0.1,  0.1,  0.1,  0.2,  0.1,  0.1,  0.1,  0.1,  0.1,  0.1,  0.1,  0.1,  0.1,  0.2,  0.2,  0.2,  0.2,  0.3,  1.0,  1.1,  1.2,  1.1,  1.3,  1.4,  1.4,  2.1,  2.3,  2.2,  2.2,  2.0,  2.0,  2.0,  2.0,  2.3,  2.4,  2.3,  2.0,  1.8,  1.8,..
Curaçao,-,-,-,-,-,-,-,-,-,-,-,-,-,-,-,-,-,-,-,-,-,-,-,-,-,-,-,-,-,-,-,-,-,-,-,-,-,-,-,-,-,-,-,-,-,-,-,-,-,..
Dominican Republic,-,-,-,-,-,-,-,-,-,-,-,-,-,-,-,-,-,-,-,-,-,-,-,-,-,-,-,-,-,-,-,-,  0.5,  0.3,  0.4,  0.7,  1.0,  1.0,  1.0,  1.6,  1.8,  2.2,  2.2,  2.2,  2.2,  2.1,  2.4,  2.4,  2.5,..
Ecuador,-,-,-,-,-,-,-,-,-,-,-,-,-,-,-,-,-,-,-,-,-,-,-,-,-,-,-,-,-,-,-,  0.3,  0.4,  0.6,  0.7,  0.8,  0.9,  0.8,  1.0,  1.0,  0.9,  1.2,  1.4,  1.4,  1.3,  1.4,  1.3,  1.1,  1.0,..
El Salvador,-,-,-,-,-,-,-,-,-,-,-,-,-,-,-,-,-,-,-,-,-,-,-,-,-,-,-,-,-,-,-,-,-,-,-,-,-,-,-,-,-,-,-,-,-,-,-,-,-,..
Guatemala,-,-,-,-,-,-,-,-,-,-,-,-,-,-,-,-,-,-,-,-,-,-,-,-,-,-,-,-,-,-,-,-,-,-,-,-,-,-,-,-,-,-,-,-,-,-,-,-,-,..
Guyana,-,-,-,-,-,-,-,-,-,-,-,-,-,-,-,-,-,-,-,-,-,-,-,-,-,-,-,-,-,-,-,-,-,-,-,-,-,-,-,-,-,-,-,-,-,-,-,  0.0,  0.0,..
Haiti,-,-,-,-,-,-,-,-,-,-,-,-,-,-,-,-,-,-,-,-,-,-,-,-,-,-,-,-,-,-,-,-,-,-,-,-,-,-,-,-,-,-,-,-,-,-,-,-,-,..
Honduras,-,-,-,-,-,-,-,-,-,-,-,-,-,-,-,-,-,-,-,-,-,-,-,-,-,-,-,-,-,-,-,-,-,-,-,-,-,-,-,-,-,-,-,-,-,-,-,-,-,..
Jamaica,-,-,-,-,-,-,-,-,-,-,-,-,-,-,-,-,-,-,-,-,-,-,-,-,-,-,-,-,-,-,-,-,-,-,-,-,-,-,-,-,-,-,-,-,-,  0.1,  0.4,  0.5,  0.5,..
Nicaragua,-,-,-,-,-,-,-,-,-,-,-,-,-,-,-,-,-,-,-,-,-,-,-,-,-,-,-,-,-,-,-,-,-,-,-,-,-,-,-,-,-,-,-,-,-,-,-,-,-,..
Panama,-,-,-,-,-,-,-,-,-,-,-,-,-,-,-,-,-,-,-,-,-,-,-,-,-,-,-,-,-,-,-,-,-,-,-,-,-,-,-,-,-,-,-,-,-,-,-,  0.5,  1.6,..
Paraguay,-,-,-,-,-,-,-,-,-,-,-,-,-,-,-,-,-,-,-,-,-,-,-,-,-,-,-,-,-,-,-,-,-,-,-,-,-,-,-,-,-,-,-,-,-,-,-,-,-,..
Peru,  0.6,  0.7,  0.7,  0.7,  0.8,  1.0,  0.9,  1.0,  1.0,  1.1,  1.3,  1.4,  0.7,  1.1,  1.3,  1.3,  1.2,  1.2,  1.0,  1.0,  0.9,  0.8,  0.6,  0.4,  0.6,  1.0,  0.7,  0.9,  1.2,  1.1,  1.2,  1.3,  1.5,  2.3,  3.9,  4.4,  6.1,  7.6,  9.7,  13.0,  15.2,  15.6,  14.7,  18.4,  18.1,  19.0,  16.7,  17.0,  17.9,..
Suriname,..,..,..,..,..,..,..,..,..,..,..,..,..,..,..,..,..,..,..,..,..,..,..,..,..,..,..,..,..,-,  0.0,  0.0,  0.0,  0.0,  0.0,  0.0,  0.0,  0.0,  0.0,  0.0,  0.0,  0.0,  0.0,  0.0,  0.0,  0.0,  0.0,  0.0,  0.0,..
Trinidad and Tobago,  2.8,  2.9,  2.7,  2.5,  2.3,  2.6,  2.9,  3.1,  3.2,  3.9,  4.9,  4.6,  4.5,  4.5,  4.5,  4.6,  4.9,  5.6,  5.6,  5.9,  5.6,  5.8,  5.8,  5.9,  6.0,  6.2,  6.8,  7.0,  7.0,  7.4,  8.8,  9.9,  12.3,  13.0,  13.5,  15.8,  15.9,  15.3,  14.4,  16.8,  17.5,  16.7,  17.4,  17.0,  16.2,  13.7,  13.6,  13.8,  13.3,..
Uruguay,-,-,-,-,-,-,-,-,-,-,-,-,-,-,-,-,-,-,-,-,-,-,-,-,-,-,-,  0.0,  0.0,  0.1,  0.1,  0.0,  0.1,  0.2,  0.2,  0.2,  0.2,  0.2,  0.1,  0.2,  0.2,  0.1,  0.1,  0.1,  0.1,  0.1,  0.1,  0.1,  0.2,  0.1
Venezuela,  16.9,  17.2,  20.4,  21.0,  19.7,  20.7,  22.6,  22.5,  25.7,  26.5,  26.1,  27.9,  27.8,  31.5,  31.3,  31.6,  32.1,  31.4,  34.7,  37.6,  39.5,  39.9,  41.8,  43.7,  47.4,  54.8,  54.9,  56.6,  49.7,  51.8,  48.2,  49.1,  52.5,  51.8,  53.7,  48.0,  44.6,  48.9,  47.8,  48.0,  43.6,  46.8,  46.1,  45.6,  47.0,  46.5,  46.7,  43.1,  32.7,..
Other Non-OECD Americas,  0.0,  0.0,-,-,-,  0.0,  0.0,  0.0,  0.0,  0.0,  0.0,  0.0,  0.0,  0.0,  0.1,  0.0,  0.0,  0.0,  0.1,  0.0,  0.0,  0.0,  0.0,  0.0,  0.0,  0.1,  0.0,  0.1,  0.1,  0.7,  1.3,  1.3,  1.5,  1.4,  1.4,  1.4,  1.5,  1.6,  1.5,  1.6,  1.5,  2.7,  3.1,  3.1,  3.0,  3.4,  0.0,  0.1,  0.1,..
Non-OECD Americas,  32.3,  35.4,  38.8,  41.2,  41.2,  43.7,  46.6,  45.8,  51.3,  55.1,  57.0,  61.2,  64.4,  71.1,  72.6,  76.8,  78.5,  84.4,  91.6,  91.7,  94.7,  97.0,  102.8,  106.8,  114.4,  129.6,  132.8,  140.9,  142.4,  152.6,  155.0,  160.8,  176.8,  190.5,  201.8,  204.1,  205.0,  220.2,  208.3,  227.7,  231.1,  248.6,  263.5,  274.8,  276.0,  262.9,  263.2,  258.0,  244.4,..
Bahrain,  1.8,  2.2,  3.2,  3.9,  4.1,  4.4,  4.8,  5.1,  5.6,  5.7,  6.1,  6.6,  6.9,  7.0,  7.5,  8.0,  7.8,  8.3,  8.4,  8.7,  8.3,  10.0,  10.8,  11.1,  11.2,  11.8,  11.9,  12.8,  13.1,  13.4,  13.9,  14.5,  15.1,  14.7,  17.1,  18.2,  18.8,  20.6,  20.9,  21.7,  22.0,  22.9,  24.4,  25.8,  25.7,  25.2,  25.3,  25.5,  28.2,..
Islamic Rep. of Iran,  5.5,  6.3,  7.5,  8.0,  8.1,  9.1,  9.3,  7.2,  9.6,  8.6,  9.3,  12.8,  14.6,  17.0,  16.9,  16.2,  20.5,  21.3,  29.1,  33.8,  46.0,  49.4,  55.2,  68.4,  76.4,  75.5,  84.9,  92.3,  110.6,  118.2,  124.4,  141.3,  156.1,  176.8,  190.0,  208.7,  234.5,  247.1,  259.3,  275.4,  280.5,  280.4,  283.6,  320.6,  343.9,  367.0,  386.7,  391.3,  391.7,..
Iraq,  1.8,  1.8,  2.3,  2.3,  3.2,  4.1,  3.1,  3.3,  4.3,  2.5,  1.2,  1.3,  0.9,  1.1,  1.6,  1.7,  1.9,  4.8,  5.5,  3.8,  3.3,  4.4,  4.9,  6.1,  6.1,  6.2,  5.9,  5.7,  6.1,  6.0,  5.3,  4.5,  3.0,  1.9,  3.5,  5.0,  4.5,  6.4,  9.1,  9.8,  12.6,  12.3,  12.2,  12.5,  12.8,  14.1,  20.5,  25.9,  32.9,..
Jordan,-,-,-,-,-,-,-,-,-,-,-,-,-,-,-,-,-,-,  0.1,  0.2,  0.2,  0.3,  0.3,  0.5,  0.5,  0.5,  0.5,  0.5,  0.5,  0.5,  0.5,  0.4,  1.1,  2.8,  3.2,  4.7,  5.6,  6.3,  7.2,  5.4,  2.0,  1.6,  2.1,  0.7,  4.5,  7.9,  7.9,  8.0,  7.8,..
Kuwait,  10.0,  10.9,  11.7,  11.1,  10.0,  10.8,  11.5,  12.1,  16.6,  13.3,  10.3,  8.0,  9.2,  10.0,  9.8,  12.3,  14.5,  19.2,  22.7,  11.6,  1.6,  9.4,  16.7,  17.8,  17.8,  17.9,  17.8,  18.2,  16.7,  18.4,  18.2,  16.7,  19.2,  20.9,  23.6,  23.8,  21.6,  24.4,  23.8,  27.9,  32.6,  34.9,  35.5,  35.2,  40.1,  42.4,  43.1,  43.9,  47.5,..
Lebanon,-,-,-,-,-,-,-,-,-,-,-,-,-,-,-,-,-,-,-,-,-,-,-,-,-,-,-,-,-,-,-,-,-,-,-,-,-,-,  0.1,  0.5,-,-,-,-,-,-,-,-,-,..
Oman,-,-,-,-,-,-,-,  0.3,  0.6,  0.7,  0.9,  1.1,  1.3,  1.9,  2.1,  2.6,  2.9,  3.0,  3.1,  4.9,  5.0,  4.8,  5.2,  5.5,  6.8,  7.4,  8.6,  8.9,  9.4,  11.7,  13.3,  13.5,  14.1,  14.1,  14.8,  22.0,  23.7,  24.3,  27.8,  31.1,  35.1,  39.3,  40.5,  42.3,  45.6,  46.2,  46.5,  50.2,  50.5,..
Qatar,  1.9,  2.1,  3.0,  2.5,  4.2,  2.6,  2.9,  2.6,  5.0,  5.6,  7.1,  7.6,  8.0,  9.1,  9.1,  9.8,  10.0,  10.3,  10.8,  10.5,  12.0,  12.6,  13.2,  13.8,  14.4,  15.1,  16.4,  17.5,  19.9,  18.5,  19.4,  20.7,  22.7,  25.3,  26.7,  30.8,  33.4,  34.6,  37.1,  43.1,  51.8,  56.3,  58.2,  61.0,  65.1,  66.0,  67.1,  67.4,  68.9,..
Saudi Arabia,  2.7,  3.1,  3.6,  4.6,  5.4,  6.9,  8.3,  10.6,  12.8,  21.0,  23.1,  25.6,  24.0,  26.6,  28.9,  30.1,  32.3,  34.8,  38.1,  43.3,  44.3,  49.2,  51.0,  55.1,  54.7,  56.6,  58.3,  61.2,  60.8,  66.8,  69.9,  82.3,  84.7,  92.3,  100.7,  105.8,  108.0,  119.0,  112.6,  130.1,  132.6,  144.7,  146.2,  152.1,  156.4,  162.5,  171.3,  173.5,  176.6,..
Syrian Arab Republic ,-,-,-,-,-,  0.1,  0.1,  0.1,  0.1,  0.1,  0.1,  0.1,  0.2,  0.3,  0.3,  0.8,  0.8,  1.8,  2.9,  3.2,  3.2,  3.3,  2.9,  3.2,  4.0,  4.4,  5.9,  6.9,  6.9,  7.4,  8.7,  9.1,  10.0,  9.2,  8.9,  9.4,  8.6,  8.8,  12.2,  15.7,  13.6,  11.0,  9.0,  8.3,  7.3,  6.4,  6.3,  6.3,  6.0,..
United Arab Emirates,  2.1,  2.0,  2.5,  2.4,  3.3,  3.8,  6.7,  7.9,  8.6,  9.7,  12.2,  12.9,  11.7,  16.1,  19.9,  24.2,  27.6,  27.9,  34.0,  33.3,  40.1,  37.0,  38.7,  44.8,  48.8,  53.5,  57.1,  58.9,  60.9,  58.9,  70.3,  70.1,  72.2,  78.0,  82.3,  84.4,  93.3,  112.9,  112.3,  115.5,  119.5,  125.5,  127.8,  125.1,  140.2,  141.1,  129.3,  113.5,  128.2,..
Yemen,-,-,-,-,-,-,-,-,-,-,-,-,-,-,-,-,-,-,-,-,-,-,-,-,-,-,-,-,-,-,-,-,-,-,-,-,-,-,  0.7,  1.9,  1.9,  2.2,  2.8,  2.9,  1.7,  1.0,  0.6,  0.2,  0.2,..
Middle East,  25.8,  28.5,  33.8,  34.7,  38.3,  41.7,  46.6,  49.1,  63.2,  67.1,  70.4,  75.8,  76.9,  89.1,  96.2,  105.8,  118.3,  131.5,  154.9,  153.5,  164.0,  180.4,  198.9,  226.3,  240.8,  248.7,  267.3,  283.1,  305.0,  320.0,  344.0,  373.4,  398.1,  436.2,  470.9,  512.7,  551.9,  604.4,  623.0,  678.1,  704.1,  731.0,  742.2,  786.5,  843.4,  879.8,  904.6,  905.7,  938.5,..
IEA/Accession/Association, 1 497, 1 579, 1 628, 1 647, 1 578, 1 646, 1 661, 1 698, 1 785, 1 777, 1 749, 1 679, 1 638, 1 752, 1 747, 1 700, 1 794, 1 858, 1 935, 1 968, 2 050, 2 095, 2 186, 2 256, 2 377, 2 510, 2 590, 2 622, 2 701, 2 803, 2 813, 2 911, 2 973, 3 039, 3 070, 3 128, 3 268, 3 333, 3 274, 3 568, 3 576, 3 673, 3 751, 3 734, 3 824, 3 932, 4 015, 4 266, 4 381,..
European Union - 27,..,..,..,..,..,..,..,..,..,..,..,..,..,..,..,..,..,..,..,  540,  558,  535,  546,  548,  589,  640,  629,  643,  664,  678,  704,  713,  751,  770,  795,  797,  782,  804,  757,  816,  750,  734,  716,  635,  665,  708,  736,  726,  744,  726
G7, 1 377, 1 433, 1 466, 1 467, 1 395, 1 447, 1 449, 1 469, 1 538, 1 531, 1 503, 1 423, 1 371, 1 472, 1 457, 1 406, 1 481, 1 544, 1 605, 1 588, 1 647, 1 681, 1 749, 1 797, 1 880, 1 968, 2 010, 2 009, 2 058, 2 129, 2 083, 2 131, 2 136, 2 147, 2 141, 2 128, 2 226, 2 242, 2 169, 2 293, 2 294, 2 352, 2 380, 2 360, 2 418, 2 482, 2 453, 2 618, 2 672, 2 609
G8,..,..,..,..,..,..,..,..,..,..,..,..,..,..,..,..,..,..,.., 2 427, 2 511, 2 502, 2 544, 2 542, 2 590, 2 678, 2 690, 2 687, 2 748, 2 825, 2 786, 2 844, 2 883, 2 899, 2 895, 2 904, 3 014, 3 032, 2 917, 3 097, 3 121, 3 172, 3 194, 3 168, 3 184, 3 256, 3 250, 3 458, 3 528, 3 415
G20,..,..,..,..,..,..,..,..,..,..,..,..,..,..,..,..,..,..,.., 2 953, 3 046, 3 033, 3 093, 3 115, 3 208, 3 348, 3 387, 3 416, 3 503, 3 615, 3 620, 3 733, 3 832, 3 909, 3 950, 4 034, 4 183, 4 255, 4 144, 4 494, 4 539, 4 633, 4 692, 4 670, 4 723, 4 846, 4 965, 5 263, 5 384,..
Africa,  7,  7,  8,  8,  9,  11,  13,  17,  22,  24,  28,  33,  38,  38,  41,  46,  49,  51,  54,  54,  59,  62,  66,  68,  73,  75,  81,  84,  94,  98,  112,  115,  130,  130,  154,  165,  175,  179,  176,  187,  209,  220,  219,  222,  232,  245,  267,  277,  285,..
Americas, 1 322, 1 349, 1 350, 1 315, 1 221, 1 247, 1 234, 1 240, 1 293, 1 287, 1 264, 1 200, 1 141, 1 217, 1 192, 1 129, 1 182, 1 247, 1 302, 1 265, 1 291, 1 328, 1 377, 1 413, 1 470, 1 521, 1 570, 1 566, 1 577, 1 653, 1 600, 1 664, 1 669, 1 690, 1 686, 1 681, 1 770, 1 794, 1 754, 1 851, 1 894, 1 978, 2 024, 2 070, 2 123, 2 125, 2 098, 2 271, 2 311,..
Asia,..,..,..,..,..,..,..,..,..,..,..,..,..,..,..,..,..,..,..,  575,  613,  626,  658,  706,  750,  772,  831,  884,  949,  995, 1 056, 1 131, 1 212, 1 303, 1 381, 1 524, 1 634, 1 736, 1 754, 1 969, 2 071, 2 131, 2 203, 2 260, 2 325, 2 418, 2 522, 2 622, 2 714,..
Europe,..,..,..,..,..,..,..,..,..,..,..,..,..,..,..,..,..,..,.., 1 743, 1 798, 1 726, 1 707, 1 644, 1 648, 1 739, 1 689, 1 694, 1 752, 1 769, 1 805, 1 819, 1 904, 1 927, 1 947, 1 946, 1 939, 1 965, 1 830, 1 981, 1 904, 1 861, 1 830, 1 715, 1 692, 1 761, 1 807, 1 846, 1 872,..
Oceania,..,..,..,..,..,..,..,..,..,..,..,..,..,..,..,..,..,..,.., 1 743, 1 798, 1 726, 1 707, 1 644, 1 648, 1 739, 1 689, 1 694, 1 752, 1 769, 1 805, 1 819, 1 904, 1 927, 1 947, 1 946, 1 939, 1 965, 1 830, 1 981, 1 904, 1 861, 1 830, 1 715, 1 692, 1 761, 1 807, 1 846, 1 872,..
,,,,,,,,,,,,,,,,,,,,,,,,,,,,,,,,,,,,,,,,,,,,,,,,,,
,"The original version of this file, as published by the International Energy Agency, is available free of charge on the IEA’s website at:",,,,,,,,,,,,,,,,,,,,,,https://www.iea.org/subscribe-to-data-services/co2-emissions-statistics,,,,,,,,,,,,,,,,,,,,,,,,,,,
,"
You are permitted to use the data in this file as set out in the IEA’s terms and conditions here:  ",,,,,,,,,,,,,,,,,,,,,,https://www.iea.org/terms,,,,,,,,,,,,,,,,,,,,,,,,,,,
,"This notice, and any copyright or sourcing statements in the file, must not be removed from this file.",,,,,,,,,,,,,,,,,,,,,,,,,,,,,,,,,,,,,,,,,,,,,,,,,