GHG emissions from fuel combustion - Coal,,,,,,,Source:,,"IEA (2021), GHG Emissions from Energy",,,,,,,,,,,,,,"IEA, All rights reserved ",,,,,,,,,,,,,,,,,,,,,,,,,,,
,,,,,,,Documentation:,,Accessible here,,,,,,,,,,,,,,https://www.iea.org/terms,,,,,,,,,,,,,,,,,,,,,,,,,,,
Back to the table of contents,,,,,,,,,,,,,,,,,,,,,,,,,,,,,,,,,,,,,,,,,,,,,,,,,,
million tonnes of CO2 eq,1971,1972,1973,1974,1975,1976,1977,1978,1979,1980,1981,1982,1983,1984,1985,1986,1987,1988,1989,1990,1991,1992,1993,1994,1995,1996,1997,1998,1999,2000,2001,2002,2003,2004,2005,2006,2007,2008,2009,2010,2011,2012,2013,2014,2015,2016,2017,2018,2019,2020
,,,,,,,,,,,,,,,,,,,,,,,,,,,,,,,,,,,,,,,,,,,,,,,,,,
World, 5 297, 5 373, 5 574, 5 603, 5 717, 5 947, 6 134, 6 295, 6 571, 6 677, 6 737, 6 770, 6 945, 7 258, 7 485, 7 563, 7 880, 8 143, 8 238, 8 386, 8 338, 8 215, 8 235, 8 244, 8 588, 8 654, 8 701, 8 709, 8 533, 9 003, 9 242, 9 434, 10 160, 10 827, 11 535, 12 182, 12 867, 13 022, 13 019, 13 927, 14 686, 14 817, 15 167, 15 193, 14 719, 14 475, 14 718, 15 083, 14 892,..
,,,,,,,,,,,,,,,,,,,,,,,,,,,,,,,,,,,,,,,,,,,,,,,,,,
Annex I Parties ,..,..,..,..,..,..,..,..,..,..,..,..,..,..,..,..,..,..,.., 5 261, 5 094, 4 915, 4 768, 4 664, 4 717, 4 783, 4 750, 4 658, 4 601, 4 807, 4 810, 4 732, 4 860, 4 849, 4 833, 4 883, 4 958, 4 783, 4 283, 4 514, 4 427, 4 273, 4 268, 4 136, 3 874, 3 680, 3 602, 3 510, 3 138,..
   Annex II Parties   , 2 733, 2 719, 2 829, 2 794, 2 691, 2 839, 2 873, 2 830, 3 014, 3 057, 3 155, 3 100, 3 175, 3 276, 3 418, 3 342, 3 429, 3 529, 3 563, 3 580, 3 528, 3 452, 3 423, 3 437, 3 486, 3 572, 3 631, 3 593, 3 547, 3 723, 3 744, 3 681, 3 768, 3 788, 3 793, 3 770, 3 830, 3 672, 3 274, 3 444, 3 316, 3 157, 3 206, 3 124, 2 864, 2 665, 2 610, 2 479, 2 145,..
      North America      , 1 177, 1 238, 1 309, 1 301, 1 293, 1 381, 1 434, 1 419, 1 505, 1 524, 1 605, 1 544, 1 629, 1 725, 1 773, 1 728, 1 809, 1 900, 1 916, 1 944, 1 934, 1 941, 1 984, 1 992, 2 050, 2 129, 2 228, 2 211, 2 194, 2 310, 2 309, 2 222, 2 261, 2 281, 2 302, 2 267, 2 303, 2 250, 1 971, 2 085, 1 967, 1 736, 1 790, 1 782, 1 542, 1 432, 1 401, 1 328, 1 132,..
      Europe      , 1 273, 1 189, 1 220, 1 189, 1 095, 1 155, 1 140, 1 137, 1 218, 1 223, 1 225, 1 216, 1 216, 1 194, 1 265, 1 245, 1 244, 1 227, 1 234, 1 195, 1 145, 1 062,  985,  979,  957,  947,  897,  884,  839,  870,  876,  879,  912,  896,  872,  885,  891,  802,  693,  727,  739,  794,  774,  714,  692,  606,  580,  544,  414,..
      Asia Oceania,  282,  292,  299,  304,  304,  303,  300,  274,  291,  310,  325,  340,  331,  357,  380,  369,  376,  402,  412,  442,  448,  449,  455,  466,  480,  496,  506,  498,  515,  543,  559,  579,  595,  611,  619,  618,  637,  620,  610,  632,  609,  626,  642,  628,  630,  627,  630,  608,  598,..
   Annex I EIT   ,..,..,..,..,..,..,..,..,..,..,..,..,..,..,..,..,..,..,.., 1 618, 1 499, 1 395, 1 281, 1 164, 1 165, 1 134, 1 035,  980,  974,  992,  989,  971, 1 006,  971,  950, 1 007, 1 007,  993,  887,  942,  978,  977,  940,  877,  874,  862,  834,  868,  829,..
Non-Annex I Parties ,..,..,..,..,..,..,..,..,..,..,..,..,..,..,..,..,..,..,.., 3 124, 3 244, 3 300, 3 467, 3 580, 3 871, 3 871, 3 951, 4 051, 3 933, 4 196, 4 432, 4 702, 5 300, 5 978, 6 702, 7 299, 7 909, 8 239, 8 736, 9 413, 10 259, 10 544, 10 900, 11 058, 10 844, 10 795, 11 116, 11 573, 11 753,..
,,,,,,,,,,,,,,,,,,,,,,,,,,,,,,,,,,,,,,,,,,,,,,,,,,
Annex B Kyoto Parties,..,..,..,..,..,..,..,..,..,..,..,..,..,..,..,..,..,..,.., 2 399, 2 286, 2 176, 2 042, 1 960, 1 905, 1 862, 1 771, 1 734, 1 652, 1 681, 1 695, 1 696, 1 773, 1 756, 1 718, 1 773, 1 807, 1 725, 1 550, 1 605, 1 632, 1 671, 1 622, 1 512, 1 436, 1 367, 1 331, 1 289, 1 107,..
,,,,,,,,,,,,,,,,,,,,,,,,,,,,,,,,,,,,,,,,,,,,,,,,,,
OECD Total, 3 245, 3 239, 3 361, 3 337, 3 247, 3 426, 3 479, 3 465, 3 668, 3 728, 3 806, 3 771, 3 862, 4 004, 4 172, 4 108, 4 218, 4 305, 4 314, 4 291, 4 226, 4 117, 4 089, 4 090, 4 150, 4 278, 4 341, 4 274, 4 206, 4 433, 4 452, 4 377, 4 494, 4 525, 4 528, 4 550, 4 628, 4 476, 4 079, 4 308, 4 211, 4 039, 4 064, 3 976, 3 734, 3 536, 3 497, 3 356, 2 979, 2 584
Non-OECD Total, 2 052, 2 134, 2 213, 2 266, 2 470, 2 522, 2 655, 2 830, 2 903, 2 949, 2 930, 2 999, 3 084, 3 255, 3 314, 3 455, 3 662, 3 839, 3 924, 4 095, 4 112, 4 098, 4 146, 4 155, 4 438, 4 376, 4 360, 4 435, 4 327, 4 570, 4 790, 5 057, 5 666, 6 302, 7 007, 7 632, 8 239, 8 546, 8 940, 9 619, 10 475, 10 778, 11 104, 11 217, 10 984, 10 939, 11 221, 11 726, 11 913,..
International marine bunkers,  0,  0,x,x,x,x,x,x,x,x,x,x,x,x,x,x,x,x,x,x,x,x,x,x,x,x,x,x,x,x,x,x,x,x,x,x,x,x,x,x,x,x,x,x,x,  0,x,x,x,..
International aviation bunkers,x,x,x,x,x,x,x,x,x,x,x,x,x,x,x,x,x,x,x,x,x,x,x,x,x,x,x,x,x,x,x,x,x,x,x,x,x,x,x,x,x,x,x,x,x,x,x,x,x,..
,,,,,,,,,,,,,,,,,,,,,,,,,,,,,,,,,,,,,,,,,,,,,,,,,,
,,,,,,,,,,,,,,,,,,,,,,,,,,,,,,,,,,,,,,,,,,,,,,,,,,
Region/Country/Economy,1971,1972,1973,1974,1975,1976,1977,1978,1979,1980,1981,1982,1983,1984,1985,1986,1987,1988,1989,1990,1991,1992,1993,1994,1995,1996,1997,1998,1999,2000,2001,2002,2003,2004,2005,2006,2007,2008,2009,2010,2011,2012,2013,2014,2015,2016,2017,2018,2019,2020
Canada,  64.4,  59.7,  60.4,  59.1,  59.4,  65.2,  69.8,  70.7,  76.0,  82.5,  82.1,  87.7,  95.5,  105.0,  101.3,  93.3,  100.3,  108.4,  108.8,  96.6,  101.6,  104.8,  96.1,  99.4,  101.1,  103.0,  109.6,  116.4,  117.0,  126.5,  123.9,  120.7,  119.8,  113.5,  111.8,  110.0,  118.3,  108.5,  90.3,  93.1,  87.8,  80.3,  76.6,  74.8,  69.5,  69.6,  69.9,  58.3,  53.9,  42.0
Chile,  5.2,  4.4,  4.7,  4.6,  3.6,  3.7,  3.9,  3.9,  4.3,  4.9,  4.9,  3.2,  3.8,  5.2,  5.0,  5.2,  5.0,  7.1,  9.3,  9.9,  8.0,  7.2,  7.0,  8.5,  8.9,  12.4,  16.1,  15.2,  15.7,  11.7,  9.2,  9.4,  9.1,  10.5,  10.3,  13.5,  13.1,  16.2,  15.2,  17.6,  21.5,  24.8,  28.2,  24.3,  27.9,  29.4,  29.6,  28.3,  31.7,  23.9
Mexico,  5.2,  5.8,  6.5,  6.8,  6.7,  7.3,  8.0,  8.3,  8.0,  7.4,  7.9,  8.2,  11.3,  11.2,  11.7,  12.1,  13.2,  11.9,  13.4,  15.2,  14.9,  14.9,  18.1,  20.0,  21.9,  24.8,  25.4,  26.0,  25.6,  26.5,  30.2,  34.5,  43.9,  39.5,  48.3,  52.5,  47.0,  42.9,  42.5,  53.8,  58.0,  50.9,  51.6,  50.4,  55.3,  48.6,  51.3,  44.0,  42.8,  25.3
United States, 1 112.8, 1 178.3, 1 249.1, 1 241.7, 1 233.4, 1 315.3, 1 363.8, 1 348.6, 1 429.1, 1 441.3, 1 523.0, 1 455.8, 1 533.4, 1 619.9, 1 671.2, 1 635.1, 1 708.4, 1 791.7, 1 807.6, 1 847.1, 1 832.8, 1 836.6, 1 887.7, 1 893.0, 1 948.6, 2 026.1, 2 118.7, 2 094.3, 2 076.7, 2 183.1, 2 185.0, 2 101.7, 2 141.7, 2 167.8, 2 190.0, 2 156.8, 2 184.7, 2 141.3, 1 880.2, 1 992.0, 1 879.1, 1 656.1, 1 713.6, 1 707.2, 1 472.4, 1 362.8, 1 330.8, 1 269.4, 1 077.8,  885.1
OECD Americas, 1 193.7, 1 254.3, 1 327.1, 1 320.0, 1 309.8, 1 399.0, 1 453.0, 1 440.5, 1 526.4, 1 545.0, 1 626.7, 1 563.6, 1 652.8, 1 750.3, 1 799.5, 1 756.7, 1 838.9, 1 930.3, 1 951.4, 1 981.1, 1 970.1, 1 976.7, 2 023.9, 2 035.0, 2 094.7, 2 178.3, 2 282.3, 2 263.8, 2 244.9, 2 360.0, 2 360.5, 2 277.7, 2 326.0, 2 340.8, 2 371.1, 2 342.6, 2 373.4, 2 318.9, 2 040.7, 2 167.4, 2 059.2, 1 822.2, 1 886.0, 1 873.2, 1 640.8, 1 526.2, 1 494.5, 1 414.3, 1 223.8,  995.4
Australia,  75.7,  79.7,  82.0,  87.4,  93.3,  93.4,  101.3,  93.3,  97.6,  107.1,  108.3,  113.1,  106.1,  108.8,  119.9,  118.3,  126.4,  131.7,  141.0,  141.5,  146.3,  149.4,  150.4,  152.7,  157.2,  164.2,  170.4,  188.6,  190.3,  191.0,  196.1,  197.8,  196.2,  204.9,  209.1,  212.4,  214.0,  211.6,  217.6,  202.9,  194.3,  189.4,  176.9,  168.1,  173.7,  179.8,  178.6,  171.0,  166.2,  157.0
Israel,  0.0,  0.0,  0.0,  0.0,  0.0,  0.0,  0.0,  0.0,  0.0,  0.0,  0.0,  2.3,  4.2,  6.7,  7.4,  8.1,  8.7,  8.6,  9.2,  9.5,  10.2,  12.5,  14.2,  15.1,  16.5,  19.7,  21.7,  23.3,  22.9,  25.7,  28.9,  30.2,  31.1,  31.2,  29.7,  30.7,  32.1,  30.4,  29.4,  29.5,  30.6,  33.8,  28.2,  26.3,  25.7,  22.0,  19.9,  18.7,  19.8,  18.5
Japan,  202.8,  207.9,  212.7,  212.4,  206.3,  205.1,  194.3,  176.1,  189.4,  199.1,  213.0,  223.3,  220.1,  244.3,  256.0,  247.1,  245.2,  265.4,  266.9,  297.2,  298.9,  295.9,  300.7,  309.6,  319.4,  328.2,  331.6,  304.7,  320.0,  347.4,  357.4,  376.1,  391.2,  397.8,  401.4,  396.8,  415.7,  399.6,  386.4,  423.5,  409.7,  429.9,  458.8,  454.5,  450.6,  442.0,  446.0,  431.7,  426.1,  412.9
Korea,  23.8,  24.6,  30.6,  32.6,  34.2,  37.1,  40.2,  41.0,  46.8,  53.4,  59.9,  60.5,  65.9,  79.9,  87.7,  91.9,  91.7,  97.3,  93.0,  93.8,  94.3,  88.7,  96.7,  101.9,  107.3,  122.8,  132.7,  136.7,  143.0,  181.4,  194.6,  183.8,  186.3,  201.2,  201.2,  211.6,  217.7,  243.8,  260.4,  285.8,  307.7,  300.2,  293.5,  300.0,  312.9,  304.8,  314.5,  316.9,  300.9,  291.7
New Zealand,  4.0,  4.2,  4.6,  4.6,  4.3,  4.5,  4.2,  4.4,  3.8,  4.0,  4.0,  4.0,  4.4,  4.4,  4.0,  3.5,  4.2,  4.9,  4.3,  3.4,  3.2,  3.5,  3.5,  3.3,  3.3,  3.2,  3.9,  4.5,  4.7,  4.5,  5.6,  5.5,  8.1,  8.2,  9.0,  9.0,  6.8,  8.4,  6.4,  5.6,  5.5,  7.0,  6.2,  5.7,  5.8,  4.8,  5.1,  5.3,  6.1,  6.8
OECD Asia Oceania,  306.3,  316.4,  329.9,  336.9,  338.1,  340.0,  339.9,  314.7,  337.5,  363.6,  385.1,  403.1,  400.6,  444.1,  475.0,  468.9,  476.1,  507.8,  514.5,  545.5,  552.9,  550.0,  565.4,  582.6,  603.7,  638.1,  660.3,  657.9,  680.9,  750.0,  782.6,  793.5,  812.8,  843.3,  850.3,  860.5,  886.4,  893.8,  900.2,  947.2,  947.8,  960.4,  963.5,  954.6,  968.6,  953.3,  964.1,  943.6,  919.2,  886.9
Austria,  16.7,  15.6,  15.7,  16.3,  14.2,  15.1,  12.7,  13.2,  14.3,  14.5,  15.5,  14.8,  15.6,  17.7,  17.8,  15.7,  15.6,  14.7,  14.7,  16.8,  17.8,  13.8,  12.4,  12.7,  14.5,  14.1,  14.9,  13.2,  13.3,  15.1,  15.8,  15.8,  16.9,  16.9,  16.4,  16.3,  15.9,  15.2,  11.4,  14.2,  14.8,  13.7,  14.3,  13.1,  12.6,  11.7,  11.9,  10.3,  10.8,  9.0
Belgium,  45.1,  47.0,  48.2,  52.3,  39.3,  40.9,  40.5,  41.7,  42.6,  42.3,  41.7,  41.3,  37.6,  41.9,  39.7,  35.8,  35.8,  37.4,  38.9,  40.7,  39.7,  36.0,  34.0,  36.7,  35.0,  33.3,  31.8,  31.3,  27.8,  30.4,  29.4,  24.6,  23.9,  22.1,  20.7,  19.4,  17.5,  18.0,  10.8,  14.1,  13.1,  12.1,  13.2,  12.5,  12.4,  11.8,  11.5,  11.4,  11.4,  8.9
Czech Republic,  135.3,  132.2,  125.5,  123.2,  126.9,  130.8,  137.6,  133.1,  141.9,  134.7,  134.7,  139.6,  141.5,  143.0,  141.8,  141.8,  141.9,  140.2,  131.3,  118.2,  107.6,  99.5,  97.2,  91.7,  92.5,  91.1,  88.7,  81.4,  74.8,  87.0,  84.2,  80.9,  83.3,  82.7,  78.6,  79.8,  82.5,  77.8,  72.9,  73.0,  71.5,  69.1,  64.9,  61.8,  61.6,  62.7,  61.6,  61.0,  55.2,  47.1
Denmark,  6.2,  5.6,  8.0,  6.9,  8.2,  11.5,  13.2,  14.2,  17.3,  24.3,  19.4,  23.5,  22.1,  23.8,  29.2,  29.5,  28.9,  27.0,  22.2,  24.3,  33.0,  27.5,  28.8,  30.9,  25.9,  35.6,  26.5,  22.5,  18.9,  15.8,  16.7,  16.7,  22.8,  17.5,  14.7,  22.2,  18.6,  16.3,  16.0,  15.6,  13.0,  10.2,  12.9,  10.2,  7.3,  8.4,  6.3,  6.4,  3.6,  3.0
Estonia,..,..,..,..,..,..,..,..,..,..,..,..,..,..,..,..,..,..,..,  23.9,  21.0,  17.6,  12.8,  12.4,  11.6,  12.0,  11.8,  11.3,  10.6,  10.6,  10.5,  10.1,  12.1,  12.1,  12.2,  10.8,  14.6,  13.2,  10.8,  14.4,  13.6,  12.2,  14.4,  13.3,  11.1,  11.4,  12.1,  10.7,  5.7,  4.9
Finland,  8.7,  9.7,  10.5,  10.7,  9.7,  13.0,  13.3,  18.1,  17.5,  20.2,  13.0,  13.7,  14.5,  16.3,  20.4,  18.7,  21.0,  20.8,  20.5,  21.8,  22.9,  20.5,  22.9,  27.4,  23.9,  29.6,  28.0,  23.1,  22.7,  21.7,  26.0,  28.2,  35.1,  31.7,  20.9,  31.8,  30.1,  23.1,  22.5,  28.9,  23.7,  19.1,  20.9,  18.8,  16.3,  18.1,  16.6,  17.6,  14.9,  11.8
France,  142.8,  126.1,  125.6,  124.7,  110.1,  124.4,  124.8,  121.5,  127.8,  127.0,  112.6,  115.9,  104.7,  101.3,  95.7,  81.8,  74.6,  74.7,  81.3,  76.5,  81.8,  72.6,  56.2,  56.3,  59.7,  63.3,  58.2,  68.1,  60.5,  59.9,  50.4,  52.1,  53.5,  52.0,  56.2,  52.8,  55.3,  50.5,  42.5,  45.9,  39.1,  43.9,  46.4,  34.5,  33.6,  30.7,  35.9,  35.5,  28.8,  21.3
Germany,  565.5,  554.9,  562.5,  562.7,  505.5,  537.7,  517.8,  529.2,  561.8,  567.7,  577.5,  565.0,  572.6,  597.7,  598.1,  580.3,  571.7,  568.1,  566.0,  521.7,  465.1,  423.2,  403.7,  395.1,  382.8,  385.3,  367.3,  358.2,  339.4,  347.7,  350.1,  351.3,  358.7,  349.7,  336.2,  342.6,  352.7,  326.4,  293.6,  316.0,  315.7,  326.6,  335.1,  318.7,  317.5,  305.4,  285.7,  274.4,  219.3,  173.4
Greece,  6.8,  7.5,  8.5,  8.8,  10.9,  13.2,  13.6,  12.6,  13.7,  13.3,  14.9,  16.1,  20.0,  21.3,  25.0,  25.5,  28.1,  30.9,  33.2,  33.7,  32.5,  34.6,  34.8,  36.0,  37.3,  33.9,  33.7,  34.5,  33.9,  38.5,  39.5,  38.0,  38.5,  39.2,  38.7,  35.5,  37.5,  36.3,  35.9,  33.7,  33.5,  33.7,  29.4,  27.6,  23.7,  20.2,  20.1,  19.9,  13.8,  7.3
Hungary,  36.5,  35.6,  36.4,  35.2,  34.3,  35.7,  35.6,  39.1,  38.5,  38.0,  37.7,  38.8,  37.3,  37.7,  36.5,  35.6,  35.7,  33.9,  31.9,  25.3,  23.8,  19.6,  18.7,  18.1,  17.8,  17.6,  16.7,  16.4,  16.6,  15.7,  15.1,  14.8,  15.3,  14.6,  12.7,  12.3,  12.3,  12.0,  10.3,  10.7,  10.9,  10.5,  9.2,  9.1,  9.4,  8.8,  9.0,  8.2,  7.1,  6.3
Iceland,  0.0,  0.0,  0.0,-,-,-,-,-,  0.1,  0.1,  0.1,  0.1,  0.2,  0.3,  0.3,  0.3,  0.2,  0.2,  0.3,  0.3,  0.3,  0.2,  0.2,  0.3,  0.2,  0.3,  0.2,  0.3,  0.2,  0.4,  0.4,  0.4,  0.4,  0.4,  0.4,  0.4,  0.4,  0.4,  0.4,  0.4,  0.4,  0.4,  0.4,  0.4,  0.4,-,-,-,-,-
Ireland,  9.3,  8.7,  7.2,  8.4,  7.6,  8.0,  8.4,  7.2,  8.9,  8.5,  9.1,  9.6,  10.3,  9.9,  11.2,  12.1,  15.3,  15.4,  15.7,  15.2,  14.6,  14.1,  13.6,  12.8,  12.8,  12.8,  12.0,  12.0,  10.3,  10.9,  11.4,  11.2,  10.8,  10.1,  11.2,  10.0,  9.8,  9.6,  8.5,  8.4,  8.3,  9.6,  8.7,  8.6,  9.4,  9.0,  7.8,  6.4,  4.4,  3.6
Italy,  33.0,  31.1,  30.7,  35.6,  31.5,  35.2,  35.3,  34.5,  39.8,  44.7,  49.1,  52.8,  47.7,  56.9,  60.1,  55.2,  56.4,  53.1,  52.8,  56.8,  53.6,  45.1,  39.7,  42.5,  45.7,  41.8,  42.0,  42.8,  42.0,  44.1,  49.4,  50.9,  55.9,  63.7,  64.1,  62.1,  62.2,  60.0,  47.7,  52.7,  59.4,  61.4,  53.4,  51.4,  48.1,  42.8,  37.2,  34.5,  25.8,  19.0
Latvia,..,..,..,..,..,..,..,..,..,..,..,..,..,..,..,..,..,..,..,  2.9,  2.6,  2.2,  2.1,  1.6,  1.1,  1.1,  1.0,  0.7,  0.5,  0.6,  0.5,  0.4,  0.3,  0.3,  0.3,  0.4,  0.4,  0.4,  0.3,  0.4,  0.5,  0.4,  0.3,  0.2,  0.2,  0.2,  0.2,  0.2,  0.2,  0.1
Lithuania,..,..,..,..,..,..,..,..,..,..,..,..,..,..,..,..,..,..,..,  3.3,  3.7,  1.7,  1.5,  1.2,  1.0,  0.9,  0.8,  0.7,  0.6,  0.4,  0.3,  0.6,  0.7,  0.7,  0.8,  1.0,  1.0,  0.9,  0.7,  0.9,  1.0,  1.0,  1.1,  0.9,  0.7,  0.8,  0.8,  0.9,  0.8,  0.6
Luxembourg,  12.3,  11.5,  12.1,  11.1,  8.1,  8.6,  7.9,  9.0,  8.4,  8.4,  6.9,  6.3,  5.9,  6.7,  6.7,  6.1,  5.0,  5.3,  5.5,  5.2,  4.9,  4.3,  4.6,  3.8,  2.1,  1.9,  1.2,  0.4,  0.4,  0.4,  0.5,  0.3,  0.2,  0.3,  0.3,  0.4,  0.3,  0.3,  0.3,  0.3,  0.2,  0.2,  0.2,  0.2,  0.2,  0.2,  0.2,  0.2,  0.2,  0.2
Netherlands,  15.4,  14.4,  16.1,  15.1,  12.4,  10.9,  11.1,  12.3,  12.7,  14.5,  17.1,  19.3,  20.3,  24.2,  24.1,  25.0,  26.6,  32.2,  31.8,  30.0,  27.3,  27.3,  28.4,  30.6,  33.9,  32.5,  31.9,  32.7,  28.6,  29.8,  31.9,  32.1,  33.2,  32.7,  31.2,  29.8,  32.4,  30.5,  28.6,  29.1,  28.5,  31.6,  31.8,  35.3,  43.2,  40.1,  36.2,  32.5,  25.2,  16.2
Norway,  3.9,  4.1,  3.9,  4.3,  4.0,  4.0,  3.5,  3.5,  4.4,  4.0,  4.0,  3.8,  4.1,  4.6,  4.6,  4.0,  3.9,  4.1,  3.6,  3.5,  3.2,  3.2,  3.2,  3.6,  3.9,  3.9,  3.9,  4.0,  3.9,  4.0,  3.5,  3.0,  3.0,  3.4,  2.9,  2.5,  2.8,  2.9,  2.1,  2.6,  2.8,  2.9,  3.0,  3.0,  2.9,  3.0,  3.1,  3.0,  3.0,  3.1
Poland,  258.7,  266.9,  277.5,  288.3,  297.4,  317.1,  324.9,  347.4,  352.4,  362.7,  336.2,  345.2,  345.5,  359.5,  371.8,  375.6,  391.4,  378.9,  359.6,  295.0,  298.1,  289.3,  288.8,  279.1,  277.9,  289.0,  273.3,  248.0,  236.4,  224.1,  222.5,  216.6,  222.6,  221.5,  218.8,  228.5,  223.4,  217.5,  206.8,  218.5,  214.3,  210.3,  210.1,  198.0,  196.7,  197.3,  199.0,  193.6,  173.0,  156.3
Portugal,  2.5,  1.7,  2.1,  1.7,  1.7,  1.6,  1.6,  1.7,  1.7,  1.7,  1.4,  1.2,  1.6,  1.4,  2.9,  5.5,  7.1,  8.2,  9.7,  10.9,  11.4,  11.7,  12.5,  13.9,  14.2,  13.7,  13.7,  12.6,  15.0,  15.0,  12.7,  13.8,  13.0,  13.2,  13.5,  13.3,  11.5,  10.0,  11.4,  6.6,  8.9,  11.6,  10.6,  10.7,  13.0,  11.3,  12.9,  10.7,  5.0,  2.3
Slovak Republic,  24.4,  24.4,  24.4,  24.1,  24.4,  23.7,  24.3,  28.2,  27.3,  33.1,  32.1,  32.7,  33.0,  34.7,  34.4,  31.7,  33.3,  34.7,  33.4,  31.7,  28.2,  24.9,  24.1,  21.2,  21.7,  20.7,  19.7,  18.1,  17.4,  16.4,  16.7,  15.9,  17.7,  17.0,  16.1,  16.7,  16.2,  15.7,  14.9,  14.5,  14.2,  13.2,  13.1,  12.7,  12.1,  11.9,  12.5,  12.4,  10.2,  8.1
Slovenia,..,..,..,..,..,..,..,..,..,..,..,..,..,..,..,-,-,-,-,  6.7,  6.1,  6.3,  6.1,  5.6,  5.8,  5.5,  5.9,  6.2,  5.6,  5.7,  6.1,  6.6,  6.1,  6.2,  6.3,  6.4,  6.5,  6.4,  5.9,  6.0,  6.1,  5.8,  5.6,  4.4,  4.5,  4.8,  4.8,  4.6,  4.4,  4.3
Spain,  38.7,  39.5,  37.2,  36.2,  39.1,  37.5,  41.9,  37.6,  41.5,  49.3,  60.0,  67.4,  71.8,  72.8,  71.2,  73.9,  72.1,  62.0,  76.7,  75.7,  75.9,  80.6,  71.8,  71.5,  73.3,  61.3,  69.8,  67.2,  76.9,  83.9,  76.0,  85.8,  79.6,  82.1,  82.3,  70.9,  80.5,  54.7,  41.7,  32.6,  51.6,  60.1,  44.9,  47.7,  53.5,  39.6,  49.8,  42.0,  18.3,  10.4
Sweden,  5.6,  4.6,  6.4,  6.7,  7.0,  6.1,  5.0,  5.4,  5.9,  5.5,  4.8,  5.5,  7.4,  9.0,  10.8,  11.5,  11.5,  11.2,  10.4,  10.6,  11.0,  10.0,  10.0,  9.7,  9.6,  11.3,  9.2,  9.0,  8.7,  8.3,  8.6,  10.1,  10.8,  11.2,  10.1,  9.2,  9.1,  9.1,  6.4,  9.2,  8.5,  7.3,  7.6,  6.8,  6.9,  6.6,  6.8,  7.0,  6.5,  5.1
Switzerland,  2.0,  1.6,  1.6,  1.5,  1.0,  0.9,  1.0,  0.9,  1.0,  1.4,  2.0,  1.8,  1.6,  2.1,  2.1,  1.8,  1.7,  1.4,  1.5,  1.4,  1.2,  0.9,  0.7,  0.7,  0.8,  0.6,  0.5,  0.4,  0.4,  0.6,  0.6,  0.5,  0.6,  0.5,  0.6,  0.6,  0.7,  0.7,  0.6,  0.6,  0.6,  0.5,  0.5,  0.6,  0.5,  0.5,  0.5,  0.4,  0.4,  0.4
Turkey,  16.8,  20.4,  19.6,  21.1,  21.7,  24.1,  23.8,  24.9,  25.9,  28.3,  28.8,  32.2,  35.3,  40.2,  47.5,  52.4,  56.5,  52.0,  58.0,  62.4,  66.7,  67.3,  63.6,  62.7,  65.7,  76.1,  83.6,  85.3,  78.6,  92.6,  77.1,  80.7,  85.5,  89.0,  89.7,  106.5,  120.6,  117.3,  121.6,  127.3,  132.6,  140.1,  121.3,  134.1,  136.8,  153.1,  158.2,  162.8,  164.9,  158.7
United Kingdom,  358.9,  305.0,  323.9,  285.8,  284.3,  286.7,  288.1,  274.2,  298.7,  275.4,  276.0,  257.7,  257.7,  186.3,  245.5,  262.3,  268.7,  260.4,  249.1,  249.4,  249.0,  235.9,  207.2,  194.0,  181.1,  172.2,  152.6,  151.9,  135.9,  143.8,  153.4,  144.1,  154.8,  149.3,  151.0,  164.7,  153.6,  138.4,  113.2,  116.5,  117.4,  148.8,  140.9,  113.7,  90.2,  46.5,  37.5,  31.6,  23.0,  20.5
OECD Europe, 1 745.0, 1 668.3, 1 703.6, 1 680.4, 1 599.3, 1 686.6, 1 686.1, 1 709.4, 1 804.2, 1 819.7, 1 794.7, 1 804.3, 1 808.2, 1 809.1, 1 897.3, 1 882.0, 1 903.0, 1 866.9, 1 848.1, 1 764.1, 1 703.0, 1 590.1, 1 499.5, 1 472.1, 1 451.7, 1 461.1, 1 398.4, 1 352.2, 1 279.9, 1 323.5, 1 309.3, 1 305.7, 1 355.2, 1 340.4, 1 306.9, 1 347.0, 1 368.5, 1 263.6, 1 137.7, 1 193.2, 1 204.0, 1 256.4, 1 214.1, 1 148.4, 1 125.0, 1 056.8, 1 038.1,  998.2,  835.9,  701.9
Albania,  1.2,  1.3,  1.4,  1.5,  1.6,  1.6,  1.7,  2.2,  2.8,  2.5,  2.7,  3.0,  3.3,  3.6,  3.8,  3.7,  3.9,  3.9,  3.8,  2.5,  1.5,  0.4,  0.2,  0.2,  0.1,  0.1,  0.0,  0.0,  0.1,  0.1,  0.1,  0.1,  0.1,  0.1,  0.1,  0.1,  0.1,  0.1,  0.4,  0.5,  0.6,  0.3,  0.3,  0.4,  0.4,  0.2,  0.5,  0.9,  0.5,  0.6
Armenia,..,..,..,..,..,..,..,..,..,..,..,..,..,..,..,..,..,..,..,  1.1,  0.6,  0.3,  0.0,  0.1,  0.0,  0.0,  0.0,  0.0,  0.0,-,-,  0.0,  0.1,-,-,  0.0,  0.0,  0.0,-,  0.0,-,  0.0,  0.0,-,  0.0,  0.0,  0.0,  0.0,  0.0,  0.0
Azerbaijan,..,..,..,..,..,..,..,..,..,..,..,..,..,..,..,..,..,..,..,  0.4,  0.3,  0.0,  0.0,  0.0,  0.0,  0.0,  0.0,  0.0,-,-,-,-,-,-,-,-,-,-,-,-,-,-,-,-,-,-,-,-,-,x
Belarus,..,..,..,..,..,..,..,..,..,..,..,..,..,..,..,..,..,..,..,  10.0,  9.8,  8.6,  7.6,  6.2,  5.7,  5.7,  4.8,  4.6,  3.9,  4.0,  3.4,  3.0,  2.8,  2.6,  2.5,  2.5,  2.3,  2.1,  2.0,  2.2,  2.3,  3.0,  3.2,  3.4,  3.0,  3.2,  3.3,  3.4,  3.5,  4.4
Bosnia and Herzegovina,..,..,..,..,..,..,..,..,..,..,..,..,..,..,..,..,..,..,..,  17.8,  15.9,  13.6,  11.8,  1.3,  1.5,  2.1,  6.6,  8.4,  8.1,  10.1,  9.9,  10.9,  11.2,  11.3,  12.0,  13.5,  14.1,  15.4,  15.4,  15.7,  18.5,  17.2,  17.1,  14.7,  14.6,  16.8,  17.0,  17.1,  15.6,  18.1
Bulgaria,  34.5,  35.4,  35.9,  35.1,  36.4,  33.6,  34.0,  35.6,  37.2,  39.3,  39.5,  41.6,  41.2,  41.3,  43.8,  43.5,  44.6,  42.1,  42.0,  35.0,  31.0,  31.1,  32.9,  31.1,  30.7,  31.0,  32.8,  31.1,  26.2,  26.3,  29.4,  27.0,  30.3,  29.5,  28.7,  29.0,  32.3,  31.1,  26.3,  28.5,  33.6,  28.6,  24.4,  26.0,  27.1,  23.6,  25.4,  22.2,  20.4,  17.8
Croatia,..,..,..,..,..,..,..,..,..,..,..,..,..,..,..,..,..,..,..,  3.5,  1.6,  1.5,  1.2,  0.7,  0.8,  0.6,  1.0,  1.0,  0.9,  1.8,  1.9,  2.4,  2.6,  2.8,  2.8,  2.6,  2.8,  2.9,  2.0,  2.7,  2.8,  2.5,  2.7,  2.6,  2.4,  2.6,  1.6,  1.5,  1.7,  1.4
Cyprus,-,  0.0,-,-,-,-,-,-,-,-,-,-,-,  0.1,  0.2,  0.1,  0.4,  0.2,  0.3,  0.3,  0.3,  0.1,  0.1,  0.1,  0.1,  0.0,  0.1,  0.1,  0.1,  0.1,  0.1,  0.1,  0.1,  0.2,  0.1,  0.2,  0.1,  0.1,  0.1,  0.1,  0.0,  0.0,  0.0,  0.0,  0.0,-,  0.0,  0.1,  0.1,  0.1
Georgia,..,..,..,..,..,..,..,..,..,..,..,..,..,..,..,..,..,..,..,  3.6,  2.1,  1.3,  0.7,  0.7,  0.1,  0.1,  0.1,  0.1,  0.1,  0.0,  0.1,  0.1,  0.1,  0.0,  0.0,  0.0,  0.2,  0.3,  0.5,  0.1,  0.3,  0.5,  1.4,  1.2,  1.2,  1.1,  1.2,  1.3,  1.0,  0.9
Gibraltar,-,-,-,-,-,-,-,-,-,-,-,-,-,-,-,-,-,-,-,-,-,-,-,-,-,-,-,-,-,-,-,-,-,-,-,-,-,-,-,-,-,-,-,-,-,-,-,-,-,..
Kazakhstan,..,..,..,..,..,..,..,..,..,..,..,..,..,..,..,..,..,..,..,  159.6,  159.7,  161.4,  147.5,  139.6,  114.9,  102.6,  85.7,  86.0,  80.0,  75.1,  77.3,  81.7,  92.0,  101.1,  103.2,  107.9,  116.5,  146.6,  129.7,  138.9,  147.2,  149.1,  147.1,  137.9,  110.8,  117.8,  129.6,  135.1,  130.9,..
Kosovo,..,..,..,..,..,..,..,..,..,..,..,..,..,..,..,..,..,..,..,..,..,..,..,..,..,..,..,..,..,  4.1,  5.2,  5.2,  5.5,  5.5,  5.3,  5.3,  5.5,  5.9,  6.7,  7.1,  6.9,  6.5,  6.7,  5.8,  6.7,  7.2,  6.0,  6.1,  6.4,  6.7
Kyrgyzstan,..,..,..,..,..,..,..,..,..,..,..,..,..,..,..,..,..,..,..,  10.3,  9.4,  4.1,  3.6,  3.5,  1.3,  2.0,  2.1,  2.0,  2.1,  1.9,  1.3,  2.1,  2.5,  2.3,  2.2,  2.1,  2.4,  3.4,  2.9,  2.9,  3.1,  4.3,  3.4,  4.3,  4.4,  3.6,  3.6,  4.4,  4.3,..
Malta,-,-,-,-,-,-,-,-,-,-,-,  0.1,  0.1,  0.2,  0.5,  0.3,  0.4,  0.6,  0.7,  0.7,  0.6,  0.5,  0.7,  0.5,  0.1,-,-,-,-,-,-,-,-,-,-,-,-,-,-,-,-,-,-,-,-,-,-,-,-,x
Republic of Moldova,..,..,..,..,..,..,..,..,..,..,..,..,..,..,..,..,..,..,..,  8.0,  7.2,  4.3,  4.0,  3.9,  2.4,  2.1,  1.1,  1.0,  0.6,  0.5,  0.4,  0.5,  0.6,  0.3,  0.5,  0.4,  0.3,  0.4,  0.4,  0.4,  0.4,  0.5,  0.6,  0.4,  0.4,  0.3,  0.4,  0.4,  0.4,  0.3
Montenegro,..,..,..,..,..,..,..,..,..,..,..,..,..,..,..,..,..,..,..,..,..,..,..,..,..,..,..,..,..,..,..,..,..,..,  1.2,  1.4,  1.1,  1.6,  0.9,  1.8,  1.8,  1.6,  1.6,  1.5,  1.6,  1.3,  1.3,  1.5,  1.6,..
Republic of North Macedonia,..,..,..,..,..,..,..,..,..,..,..,..,..,..,..,..,..,..,..,  5.6,  5.7,  5.6,  5.6,  5.9,  6.1,  6.3,  5.8,  7.1,  6.2,  5.7,  6.3,  5.5,  6.2,  5.9,  6.2,  6.0,  6.2,  6.3,  5.7,  5.5,  6.3,  5.9,  4.9,  4.6,  4.1,  3.7,  4.1,  3.6,  4.3,  3.7
Romania,  32.8,  33.9,  37.1,  39.5,  39.9,  41.6,  41.1,  46.6,  50.0,  51.2,  54.0,  51.4,  59.4,  57.7,  60.2,  61.1,  66.0,  73.9,  70.7,  51.1,  42.0,  43.9,  39.7,  39.7,  41.5,  41.7,  35.9,  30.2,  26.2,  29.6,  31.7,  31.7,  35.1,  34.1,  35.0,  39.2,  39.4,  38.6,  31.5,  29.8,  34.8,  32.0,  25.2,  24.9,  26.1,  23.4,  23.0,  22.0,  21.3,  16.0
Russian Federation,..,..,..,..,..,..,..,..,..,..,..,..,..,..,..,..,..,..,..,  714.8,  664.8,  592.3,  521.6,  475.3,  488.5,  486.0,  417.9,  404.9,  431.6,  447.8,  443.7,  433.4,  432.7,  417.5,  416.2,  438.3,  421.9,  429.4,  377.4,  407.0,  427.1,  438.1,  416.6,  385.1,  413.6,  398.6,  391.1,  428.9,  433.1,  421.0
Serbia,..,..,..,..,..,..,..,..,..,..,..,..,..,..,..,..,..,..,..,  42.4,  36.5,  37.3,  34.6,  31.7,  37.1,  38.5,  39.6,  43.0,  31.7,  36.0,  34.7,  36.8,  39.4,  41.0,  34.3,  35.6,  33.7,  34.4,  32.7,  32.6,  36.9,  32.1,  33.3,  26.6,  32.6,  33.4,  33.5,  31.9,  31.7,  32.6
Tajikistan,..,..,..,..,..,..,..,..,..,..,..,..,..,..,..,..,..,..,..,  2.6,  1.7,  1.1,  0.5,  0.1,  0.1,  0.0,  0.1,  0.1,  0.0,  0.1,  0.0,  0.1,  0.1,  0.2,  0.2,  0.2,  0.3,  0.4,  0.4,  0.4,  0.4,  0.8,  1.0,  1.6,  1.9,  3.2,  3.6,  4.0,  4.3,..
Turkmenistan,..,..,..,..,..,..,..,..,..,..,..,..,..,..,..,..,..,..,..,  1.2,  1.2,  1.1,  0.2,-,-,  0.2,-,-,-,-,-,-,-,-,-,-,-,-,-,-,-,-,-,-,-,-,-,-,-,..
Ukraine,..,..,..,..,..,..,..,..,..,..,..,..,..,..,..,..,..,..,..,  296.2,  258.4,  256.4,  226.3,  180.2,  168.5,  131.6,  125.1,  125.3,  123.2,  121.8,  123.0,  127.0,  144.0,  129.6,  119.6,  139.2,  151.3,  145.6,  124.9,  133.5,  145.5,  150.2,  149.3,  134.8,  105.1,  113.0,  89.5,  98.1,  92.0,  87.0
Uzbekistan,..,..,..,..,..,..,..,..,..,..,..,..,..,..,..,..,..,..,..,  14.1,  14.7,  10.4,  8.0,  8.0,  4.5,  4.9,  4.1,  4.3,  4.3,  4.6,  4.0,  4.3,  3.3,  4.5,  4.3,  4.7,  4.2,  5.2,  5.0,  4.3,  4.6,  5.8,  8.6,  7.9,  6.2,  7.4,  7.0,  8.6,  8.6,..
Former Soviet Union (if no detail),  891.2,  934.3,  981.8, 1 011.7, 1 047.0, 1 063.3, 1 061.7, 1 120.2, 1 126.2, 1 145.7, 1 063.1, 1 038.9, 1 015.7, 1 005.9,  995.3, 1 015.9, 1 065.0, 1 083.5, 1 078.5,..,..,..,..,..,..,..,..,..,..,..,..,..,..,..,..,..,..,..,..,..,..,..,..,..,..,..,..,..,..,..
Former Yugoslavia (if no detail),  37.0,  35.4,  38.1,  39.3,  42.1,  41.1,  42.0,  43.8,  43.9,  43.9,  55.9,  59.9,  67.1,  70.8,  74.5,  75.9,  70.3,  71.3,  74.1,..,..,..,..,..,..,..,..,..,..,..,..,..,..,..,..,..,..,..,..,..,..,..,..,..,..,..,..,..,..,..
Non-OECD Europe and Eurasia,  996.7, 1 040.3, 1 094.3, 1 127.2, 1 167.0, 1 181.2, 1 180.5, 1 248.4, 1 260.2, 1 282.7, 1 215.3, 1 194.9, 1 186.8, 1 179.6, 1 178.2, 1 200.6, 1 250.6, 1 275.5, 1 270.1, 1 380.7, 1 264.8, 1 175.3, 1 047.1,  928.7,  903.9,  855.3,  762.8,  749.2,  745.2,  769.5,  772.6,  771.8,  808.8,  788.5,  774.3,  828.0,  834.7,  869.7,  764.9,  813.9,  873.0,  878.9,  847.4,  783.6,  762.1,  760.4,  741.9,  791.0,  781.8,..
Algeria,  0.4,  0.4,  0.4,  0.3,  0.3,  0.3,  0.4,  0.3,  0.4,  0.2,  0.3,  1.2,  1.0,  1.0,  1.0,  1.3,  1.4,  1.4,  1.2,  1.3,  1.3,  1.4,  1.2,  1.4,  1.4,  1.0,  0.5,  0.8,  1.1,  0.7,  0.7,  0.8,  1.0,  1.4,  1.1,  1.0,  1.2,  1.2,  0.8,  0.8,  0.6,  0.6,  0.4,  0.2,  0.3,-,  0.5,  0.8,  0.5,..
Angola,-,-,-,-,-,-,-,-,-,-,-,-,-,-,-,-,-,-,-,-,-,-,-,-,-,-,-,-,-,-,-,-,-,-,-,-,-,-,-,-,-,-,-,-,-,-,-,-,-,..
Benin,-,-,-,-,-,-,-,-,-,-,-,-,-,-,-,-,-,-,-,-,-,-,-,-,-,-,-,-,-,-,-,-,-,-,-,-,-,-,-,-,-,-,-,  0.2,  0.1,  0.2,  0.2,-,  0.3,  0.1
Botswana,-,  0.0,  0.0,  0.1,  0.2,  0.5,  0.7,  0.7,  0.8,  0.8,  0.9,  1.0,  1.0,  0.9,  1.0,  1.2,  1.2,  1.4,  1.5,  1.8,  1.8,  2.0,  2.0,  2.0,  2.0,  1.7,  1.8,  2.3,  2.3,  2.3,  2.0,  2.1,  1.9,  2.0,  2.3,  1.9,  2.0,  1.8,  1.7,  0.7,  1.2,  0.6,  2.4,  3.9,  3.9,  3.8,  4.5,  4.4,  4.3,..
Cameroon,-,-,-,-,-,-,-,-,-,-,-,-,-,-,-,-,-,-,-,-,-,-,-,-,-,-,-,-,-,-,-,-,-,-,-,-,-,-,-,-,-,-,-,-,-,-,-,-,-,..
Congo,-,-,-,-,-,-,-,-,-,-,-,-,-,-,-,-,-,-,-,-,-,-,-,-,-,-,-,-,-,-,-,-,-,-,-,-,-,-,-,-,-,-,-,-,-,-,-,-,-,..
Côte d'Ivoire,-,-,-,-,-,-,-,-,-,-,-,-,-,-,-,-,-,-,-,-,-,-,-,-,-,-,-,-,-,-,-,-,-,-,-,-,-,-,-,-,-,-,-,-,-,-,-,-,-,..
Dem. Rep. of Congo,  1.0,  1.0,  0.9,  0.9,  0.8,  0.9,  0.9,  0.9,  0.8,  0.9,  0.9,  0.9,  0.8,  0.9,  0.9,  0.9,  0.9,  0.9,  0.9,  0.9,-,-,-,-,-,-,-,-,-,-,-,-,-,-,-,-,-,-,-,-,-,-,-,-,-,-,-,-,-,..
Egypt,  1.4,  1.3,  1.1,  1.9,  2.3,  2.2,  2.6,  2.4,  2.7,  2.2,  2.8,  2.9,  2.8,  2.8,  2.9,  3.0,  3.0,  3.3,  3.2,  2.9,  3.4,  3.5,  4.2,  3.6,  3.0,  3.2,  3.3,  3.4,  3.0,  3.5,  3.3,  3.6,  3.7,  3.8,  3.7,  3.3,  3.0,  2.7,  2.4,  2.3,  1.9,  1.8,  1.8,  1.6,  1.5,  0.7,  6.4,  12.6,  10.6,..
Equatorial Guinea,..,..,..,..,..,..,..,..,..,..,-,-,-,-,-,-,-,-,-,-,-,-,-,-,-,-,-,-,-,-,-,-,-,-,-,-,-,-,-,-,-,-,-,-,-,-,-,-,-,..
Eritrea,..,..,..,..,..,..,..,..,..,..,..,..,..,..,..,..,..,..,..,..,..,-,-,-,-,-,-,-,-,-,-,-,-,-,-,-,-,-,-,-,-,-,-,-,-,-,-,-,-,..
Ethiopia,-,-,-,-,-,-,-,-,-,-,-,-,-,-,-,-,-,-,-,-,-,-,-,-,-,-,-,-,-,-,-,-,-,-,-,-,-,  0.0,  0.1,  0.1,  0.4,  0.6,  0.7,  1.0,  1.0,  1.3,  1.4,  1.0,  1.1,..
Gabon,-,-,-,-,-,-,-,-,-,-,-,-,-,-,-,-,-,-,-,-,-,-,-,-,-,-,-,-,-,-,-,-,-,-,-,-,-,-,-,-,-,-,-,-,-,-,-,-,-,..
Ghana,-,-,-,-,-,-,-,-,-,-,-,-,-,-,-,-,-,-,-,-,-,-,-,-,-,-,-,-,-,-,-,-,-,-,-,-,-,-,-,-,-,-,-,-,-,-,-,-,-,x
Kenya,  0.2,  0.1,  0.2,  0.2,  0.1,  0.2,  0.2,  0.1,  0.0,  0.0,  0.2,  0.1,  0.1,  0.2,  0.2,  0.2,  0.2,  0.3,  0.3,  0.4,  0.4,  0.4,  0.3,  0.3,  0.4,  0.4,  0.4,  0.3,  0.3,  0.3,  0.3,  0.4,  0.4,  0.4,  0.4,  0.5,  0.4,  0.4,  0.4,  0.7,  0.9,  0.8,  1.2,  1.9,  2.0,  1.9,  1.8,  1.0,  6.0,..
Libya,-,-,-,-,-,-,-,-,-,-,-,-,-,-,-,-,-,-,-,-,-,-,-,-,-,-,-,-,-,-,-,-,-,-,-,-,-,-,-,-,-,-,-,-,-,-,-,-,-,..
Mauritius,-,-,-,-,-,-,-,-,-,-,-,-,-,  0.1,  0.1,  0.1,  0.1,  0.1,  0.2,  0.1,  0.1,  0.1,  0.2,  0.2,  0.2,  0.1,  0.1,  0.2,  0.3,  0.6,  0.7,  0.8,  0.8,  0.7,  0.9,  1.2,  1.4,  1.6,  1.5,  1.6,  1.6,  1.7,  1.7,  1.8,  1.8,  1.8,  1.9,  1.8,  1.6,  1.6
Morocco,  1.2,  1.5,  1.5,  1.5,  1.7,  1.9,  1.9,  1.9,  1.4,  1.6,  1.8,  1.7,  2.3,  2.3,  2.7,  3.5,  4.1,  4.0,  4.3,  4.2,  4.7,  4.0,  4.1,  4.5,  6.9,  8.0,  8.0,  8.9,  8.5,  10.6,  13.4,  13.7,  12.8,  12.2,  12.5,  12.9,  12.5,  11.7,  10.8,  11.1,  12.0,  12.0,  11.8,  16.1,  17.7,  17.0,  17.7,  20.5,  26.5,  26.6
Mozambique,  1.5,  1.3,  1.4,  1.3,  1.2,  1.2,  0.7,  0.6,  0.5,  0.7,  0.7,  0.6,  0.4,  0.3,  0.3,  0.2,  0.1,  0.2,  0.2,  0.1,  0.1,  0.1,  0.1,  0.1,  0.1,-,-,-,-,-,-,-,-,-,-,-,  0.0,  0.0,  0.0,  0.0,-,-,-,-,-,  0.0,  0.0,  0.1,  0.0,..
Namibia,..,..,..,..,..,..,..,..,..,..,..,..,..,..,..,..,..,..,..,..,  0.0,  0.0,  0.2,  0.2,  0.0,  0.0,  0.0,  0.0,  0.0,  0.0,  0.0,-,  0.0,  0.0,  0.0,  0.1,  0.2,  0.2,  0.1,  0.0,  0.0,  0.1,  0.1,-,  0.0,  0.1,  0.1,  0.0,  0.1,..
Niger,-,-,-,-,-,-,-,-,-,  0.0,  0.0,  0.1,  0.2,  0.1,  0.1,  0.2,  0.2,  0.2,  0.2,  0.2,  0.2,  0.2,  0.2,  0.2,  0.2,  0.2,  0.2,  0.2,  0.2,  0.2,  0.2,  0.2,  0.2,  0.2,  0.2,  0.2,  0.2,  0.2,  0.2,  0.3,  0.3,  0.3,  0.3,  0.3,  0.3,  0.3,  0.3,  0.3,  0.3,..
Nigeria,  0.5,  0.7,  0.7,  0.6,  0.6,  0.6,  0.6,  0.6,  0.5,  0.5,  0.4,  0.2,  0.2,  0.2,  0.3,  0.4,  0.3,  0.2,  0.2,  0.2,  0.2,  0.1,  0.0,  0.1,  0.0,  0.0,  0.0,  0.0,  0.0,  0.0,  0.0,  0.1,  0.1,  0.0,  0.0,  0.0,  0.1,  0.1,  0.1,  0.1,  0.1,  0.1,  0.1,  0.1,  0.1,  0.1,  0.1,  0.1,  0.1,..
Senegal,-,-,-,-,-,-,-,-,-,-,-,-,-,-,-,-,-,-,-,-,-,-,-,-,-,-,-,-,-,-,-,-,-,  0.3,  0.4,  0.4,  0.5,  0.5,  0.6,  0.7,  1.0,  0.9,  0.9,  1.2,  1.5,  1.8,  1.3,  1.7,  1.7,..
South Africa,  130.7,  134.3,  147.0,  154.7,  170.2,  183.7,  184.3,  160.4,  167.0,  175.9,  185.3,  182.2,  173.9,  183.7,  187.4,  184.4,  197.7,  194.1,  196.5,  202.2,  197.0,  194.6,  202.4,  205.9,  213.2,  223.1,  236.2,  244.0,  225.8,  233.0,  268.2,  277.6,  297.6,  322.9,  317.6,  318.4,  331.6,  363.9,  341.9,  359.8,  337.0,  355.1,  360.5,  374.2,  346.4,  350.5,  356.1,  353.6,  357.7,..
South Sudan,..,..,..,..,..,..,..,..,..,..,..,..,..,..,..,..,..,..,..,..,..,..,..,..,..,..,..,..,..,..,..,..,..,..,..,..,..,..,..,..,..,-,-,-,-,-,-,-,-,..
Sudan,-,-,-,-,-,-,-,-,-,  0.0,  0.0,  0.0,-,-,-,-,-,-,-,-,-,-,-,-,-,-,-,-,-,-,-,-,-,-,-,-,-,-,-,-,-,-,-,-,-,-,-,-,-,..
United Rep. of Tanzania,-,-,-,-,-,-,-,  0.0,  0.0,  0.0,  0.0,  0.0,  0.0,  0.0,  0.0,  0.0,  0.0,  0.0,  0.0,  0.0,  0.0,  0.0,  0.1,  0.1,  0.1,  0.1,  0.1,  0.1,  0.2,  0.2,  0.2,  0.2,  0.1,  0.2,  0.1,  0.0,  0.1,  0.0,-,-,  0.2,  0.2,  0.2,  0.6,  0.6,  0.7,  1.4,  1.5,  1.8,..
Togo,-,-,-,-,-,-,-,-,-,-,-,-,-,-,-,-,-,-,-,-,-,-,-,-,-,-,-,-,-,-,-,-,-,-,-,-,-,-,-,-,-,-,-,-,-,-,-,-,-,..
Tunisia,  0.3,  0.4,  0.3,  0.5,  0.4,  0.3,  0.3,  0.4,  0.4,  0.3,  0.3,  0.2,  0.2,  0.3,  0.3,  0.3,  0.3,  0.3,  0.4,  0.3,  0.3,  0.3,  0.3,  0.3,  0.3,  0.3,  0.3,  0.2,  0.4,  0.3,  0.3,  0.3,  0.1,-,-,-,-,-,-,-,  0.1,  0.1,-,-,-,-,-,-,-,..
Zambia,  2.0,  2.3,  2.2,  1.9,  1.9,  1.8,  1.6,  1.6,  1.3,  1.5,  1.2,  1.3,  1.1,  1.1,  1.1,  1.2,  1.0,  1.2,  1.1,  0.9,  0.9,  0.9,  0.8,  0.4,  0.3,  0.4,  0.5,  0.5,  0.3,  0.3,  0.3,  0.3,  0.4,  0.3,  0.3,  0.1,  0.0,  0.0,  0.0,  0.0,  0.0,  0.3,  0.4,  0.4,  0.4,  0.8,  1.9,  2.8,  2.3,..
Zimbabwe,  5.8,  5.2,  6.2,  6.0,  5.3,  6.4,  5.3,  5.4,  5.6,  6.3,  6.2,  6.3,  6.1,  6.5,  7.8,  9.0,  12.3,  11.9,  12.4,  13.8,  15.4,  15.4,  13.8,  12.2,  11.6,  11.1,  10.0,  10.2,  10.8,  10.5,  10.8,  9.7,  8.0,  7.8,  8.3,  7.7,  7.8,  5.9,  5.9,  7.4,  7.8,  7.5,  7.7,  7.8,  8.2,  7.2,  6.4,  7.6,  7.4,..
Other Africa,  0.1,  0.1,  0.1,  0.1,  0.2,  0.5,  0.5,  0.4,  0.5,  0.6,  0.5,  0.6,  0.4,  0.4,  0.5,  0.5,  0.5,  0.5,  0.5,  1.7,  1.7,  1.8,  1.7,  2.1,  2.0,  2.1,  2.5,  2.7,  2.7,  2.8,  3.0,  2.9,  2.8,  2.7,  3.2,  3.4,  3.7,  3.8,  3.7,  3.9,  3.3,  3.5,  3.5,  3.0,  2.8,  2.8,  3.4,  3.5,  3.7,..
Africa,  145.2,  148.6,  162.1,  169.9,  185.3,  200.5,  199.9,  175.6,  182.1,  191.5,  201.6,  199.1,  190.6,  200.9,  206.7,  206.3,  223.5,  219.8,  223.1,  231.2,  227.6,  225.0,  231.9,  233.6,  241.9,  251.8,  263.8,  273.8,  255.9,  265.3,  303.5,  312.7,  329.8,  355.0,  351.0,  351.3,  364.8,  394.2,  370.2,  389.6,  368.4,  386.0,  393.5,  414.3,  388.5,  391.0,  405.3,  413.4,  426.0,..
Bangladesh,  0.4,  0.4,  0.5,  0.4,  0.5,  0.5,  0.5,  0.5,  0.4,  0.5,  0.5,  0.6,  0.4,  0.1,  0.2,  0.3,  0.5,  0.5,  0.5,  1.1,  0.4,  0.3,  0.1,  0.1,  1.3,  0.7,  1.3,  0.4,  0.2,  1.3,  1.4,  1.4,  1.4,  1.4,  1.9,  1.9,  2.5,  2.6,  3.1,  3.2,  2.9,  3.6,  3.9,  3.7,  9.1,  6.4,  7.9,  8.8,  15.8,..
Brunei Darussalam,-,-,-,-,-,-,-,-,-,-,-,-,-,-,-,-,-,-,-,-,-,-,-,-,-,-,-,-,-,-,-,-,-,-,-,-,-,-,-,-,-,-,-,-,-,-,-,-,  0.7,..
Cambodia,..,..,..,..,..,..,..,..,..,..,..,..,..,..,..,..,..,..,..,..,..,..,..,..,-,-,-,-,-,-,-,-,-,-,-,-,-,-,  0.0,  0.1,  0.1,  0.2,  0.2,  1.3,  2.3,  3.1,  3.7,  3.9,  4.4,..
DPR of Korea,  67.2,  68.6,  69.8,  72.0,  75.0,  80.5,  85.7,  89.1,  94.9,  100.9,  104.4,  109.9,  114.6,  117.9,  123.1,  121.3,  115.4,  117.0,  116.0,  109.8,  105.7,  93.7,  86.2,  79.6,  73.3,  63.4,  62.3,  56.2,  63.0,  67.5,  69.5,  66.2,  67.8,  69.3,  73.2,  75.1,  61.2,  68.3,  50.8,  47.2,  32.3,  33.8,  22.6,  26.3,  19.7,  24.3,  49.6,  45.8,  51.1,..
India,  128.2,  131.5,  130.1,  145.9,  158.3,  171.1,  171.0,  159.7,  173.9,  183.3,  206.2,  219.9,  234.4,  254.3,  263.8,  289.0,  309.3,  326.2,  346.4,  367.8,  401.1,  417.5,  436.2,  455.0,  480.6,  500.0,  525.0,  521.7,  558.2,  575.3,  589.0,  605.8,  615.9,  676.2,  714.4,  762.5,  843.6,  915.7, 1 023.3, 1 095.8, 1 165.5, 1 295.5, 1 353.4, 1 494.9, 1 454.8, 1 446.2, 1 537.3, 1 648.2, 1 638.8,..
Indonesia,  0.5,  0.5,  0.3,  0.4,  0.5,  0.4,  0.5,  0.5,  0.5,  0.6,  0.5,  0.5,  0.4,  0.2,  5.2,  9.6,  11.6,  12.3,  14.4,  15.6,  17.3,  17.8,  17.7,  19.8,  22.5,  25.4,  30.0,  33.9,  42.8,  52.4,  60.4,  62.3,  83.6,  76.8,  87.8,  105.4,  130.8,  117.6,  119.8,  142.7,  169.2,  151.5,  115.4,  145.9,  160.4,  175.0,  195.5,  224.6,  277.5,  328.4
Lao People's Democratic Republic,..,..,..,..,..,..,..,..,..,..,..,..,..,..,..,..,..,..,..,..,..,..,..,..,..,..,..,..,..,  0.0,  0.0,  0.1,  0.1,  0.1,  0.1,  0.2,  0.2,  0.3,  0.3,  0.6,  0.7,  0.7,  1.1,  1.1,  4.9,  11.3,  14.4,  14.6,  14.6,..
Malaysia,  0.0,  0.0,  0.0,  0.0,  0.0,  0.0,  0.0,  0.1,  0.1,  0.2,  0.4,  0.4,  1.0,  1.1,  1.4,  1.1,  1.3,  1.0,  4.8,  5.3,  6.2,  6.5,  5.5,  6.1,  6.6,  6.7,  6.5,  6.9,  7.7,  9.9,  12.0,  14.5,  21.2,  26.4,  27.4,  28.2,  35.2,  39.0,  41.6,  58.8,  58.8,  63.2,  60.0,  61.1,  69.3,  75.2,  82.7,  88.7,  92.5,..
Mongolia,..,..,..,..,..,..,..,..,..,..,..,..,..,..,  9.7,  10.7,  11.4,  12.1,  11.6,  10.6,  13.1,  11.6,  10.3,  9.3,  9.3,  7.6,  7.5,  7.4,  7.4,  7.7,  7.7,  8.2,  7.8,  7.9,  9.4,  10.6,  10.7,  10.4,  11.4,  11.8,  12.7,  13.6,  14.8,  14.6,  13.8,  15.2,  15.6,  17.3,  17.7,..
Myanmar,  0.6,  0.4,  0.2,  0.4,  0.6,  0.5,  0.6,  0.6,  0.6,  0.6,  0.7,  0.7,  0.6,  0.6,  0.6,  0.7,  0.3,  0.2,  0.2,  0.3,  0.3,  0.2,  0.1,  0.1,  0.1,  0.0,  0.1,  0.1,  0.4,  1.3,  1.5,  1.1,  2.0,  1.0,  1.3,  1.6,  1.8,  1.5,  1.5,  1.7,  1.6,  1.9,  1.5,  1.6,  1.8,  1.4,  2.6,  3.0,  4.0,..
Nepal,  0.0,  0.1,  0.2,  0.2,  0.1,  0.0,  0.0,  0.0,  0.2,  0.2,  0.1,  0.2,  0.3,  0.3,  0.0,  0.2,  0.2,  0.2,  0.0,  0.2,  0.2,  0.1,  0.1,  0.3,  0.3,  0.2,  0.2,  0.2,  1.0,  1.0,  1.2,  0.5,  0.7,  0.6,  1.0,  0.6,  0.8,  0.7,  0.7,  1.2,  1.4,  1.7,  1.3,  1.9,  2.2,  2.8,  3.2,  4.0,  3.2,..
Pakistan,  2.6,  2.5,  2.3,  2.2,  2.3,  2.0,  2.2,  2.1,  2.4,  2.7,  3.2,  3.9,  3.6,  4.0,  5.1,  5.3,  5.5,  6.2,  6.0,  7.4,  6.9,  7.2,  7.7,  7.1,  8.1,  7.5,  7.1,  7.5,  7.1,  7.0,  7.7,  8.8,  12.2,  15.0,  14.7,  17.0,  22.3,  17.8,  17.6,  16.5,  16.3,  14.6,  13.9,  18.9,  20.1,  24.8,  40.3,  48.7,  49.2,..
Philippines,  0.1,  0.1,  0.1,  0.1,  0.2,  0.2,  0.8,  1.2,  1.2,  1.6,  1.2,  1.5,  3.2,  4.0,  5.6,  4.2,  5.4,  5.6,  4.7,  5.3,  6.3,  5.7,  6.3,  6.4,  6.9,  9.2,  11.3,  12.2,  13.9,  18.9,  18.4,  17.2,  17.6,  18.6,  21.7,  20.6,  22.1,  25.9,  24.8,  28.6,  31.5,  32.9,  40.6,  43.3,  47.2,  53.5,  62.9,  66.5,  71.1,..
Singapore,  0.0,  0.0,  0.0,  0.0,  0.0,  0.0,  0.0,  0.0,  0.0,  0.0,  0.0,  0.0,  0.0,  0.0,  0.1,  0.0,  0.1,  0.1,  0.1,  0.1,  0.1,  0.1,  0.1,  0.1,  0.1,  0.0,-,-,-,-,-,  0.0,  0.0,  0.0,  0.0,  0.0,  0.0,  0.0,  0.0,  0.0,  0.0,  0.1,  1.1,  1.6,  1.6,  1.7,  3.6,  1.9,  1.8,..
Sri Lanka,  0.0,  0.0,  0.0,  0.0,  0.0,  0.0,  0.0,  0.0,  0.0,  0.0,  0.0,  0.0,  0.0,  0.0,  0.0,  0.0,  0.0,-,  0.0,  0.0,  0.0,  0.0,  0.0,  0.0,  0.0,  0.0,  0.0,  0.0,  0.0,  0.0,  0.0,  0.1,  0.3,  0.1,  0.3,  0.2,  0.2,  0.2,  0.3,  0.3,  1.4,  2.0,  2.1,  4.1,  5.5,  5.8,  6.0,  5.8,  6.4,..
Chinese Taipei,  10.3,  10.5,  9.3,  8.6,  8.7,  8.5,  8.6,  9.5,  11.6,  14.1,  13.3,  11.5,  17.1,  21.6,  24.7,  32.0,  34.9,  40.0,  42.0,  40.8,  44.7,  51.5,  56.3,  58.9,  60.3,  68.7,  78.3,  84.4,  87.5,  103.8,  110.9,  118.5,  127.8,  132.8,  137.4,  144.1,  149.7,  143.5,  138.1,  145.4,  151.2,  149.2,  151.4,  152.2,  147.1,  150.0,  153.1,  153.0,  148.2,  138.9
Thailand,  0.5,  0.4,  0.4,  0.6,  0.6,  0.7,  0.6,  0.8,  1.8,  1.9,  2.1,  2.7,  2.6,  3.3,  6.7,  7.1,  9.0,  9.9,  12.0,  16.5,  19.4,  20.8,  23.2,  26.4,  30.1,  36.5,  36.5,  30.6,  32.1,  32.2,  37.2,  39.0,  39.1,  44.3,  48.1,  51.1,  56.8,  61.9,  60.1,  65.8,  66.4,  66.1,  69.4,  65.0,  68.6,  62.6,  66.4,  64.1,  66.1,..
Viet Nam,  5.8,  4.3,  6.2,  7.5,  10.4,  9.8,  10.7,  10.8,  11.2,  9.5,  10.6,  11.8,  11.8,  11.8,  11.7,  12.9,  14.4,  13.4,  10.8,  9.3,  9.0,  9.1,  8.8,  9.7,  13.9,  15.0,  19.0,  19.1,  17.7,  18.3,  21.0,  23.1,  24.3,  30.7,  34.5,  37.1,  39.7,  48.9,  52.5,  61.0,  65.3,  65.9,  73.0,  84.4,  113.0,  110.4,  111.7,  158.9,  204.4,..
Other Asia,  4.5,  4.0,  4.1,  4.4,  4.9,  5.1,  6.0,  6.7,  7.1,  7.9,  7.3,  7.7,  8.0,  8.8,  1.0,  1.0,  1.0,  0.9,  1.0,  0.9,  0.9,  0.6,  0.5,  0.5,  0.6,  0.7,  0.7,  0.8,  1.0,  0.8,  0.9,  0.9,  1.0,  0.8,  0.8,  0.9,  1.3,  1.6,  2.0,  2.9,  4.7,  3.8,  4.0,  5.0,  4.3,  5.0,  5.9,  6.6,  6.7,..
Asia (excl. China),  220.8,  223.2,  223.5,  242.8,  262.1,  279.4,  287.3,  281.7,  305.8,  324.0,  350.5,  371.2,  398.0,  428.1,  458.8,  495.2,  520.2,  545.5,  570.5,  591.0,  631.5,  642.6,  659.2,  679.4,  713.9,  741.7,  785.7,  781.3,  839.9,  897.5,  938.8,  968.0, 1 022.9, 1 102.2, 1 174.1, 1 256.9, 1 378.9, 1 456.0, 1 547.9, 1 683.7, 1 782.2, 1 900.6, 1 929.8, 2 127.0, 2 145.6, 2 174.7, 2 362.2, 2 564.4, 2 674.3,..
People's Rep. of China,  677.2,  709.3,  720.1,  712.6,  840.6,  845.0,  969.8, 1 105.0, 1 134.3, 1 128.7, 1 138.6, 1 203.2, 1 271.0, 1 401.9, 1 420.1, 1 498.8, 1 609.2, 1 736.2, 1 797.3, 1 830.8, 1 920.8, 1 987.6, 2 138.1, 2 248.5, 2 512.4, 2 465.4, 2 486.6, 2 566.8, 2 421.2, 2 560.0, 2 697.5, 2 923.8, 3 413.5, 3 962.9, 4 612.8, 5 099.0, 5 558.4, 5 725.4, 6 167.7, 6 628.1, 7 339.4, 7 494.0, 7 804.9, 7 755.5, 7 557.9, 7 489.1, 7 591.0, 7 836.4, 7 914.3,..
"Hong Kong, China",  0.1,  0.1,  0.0,  0.0,  0.0,  0.1,  0.0,  0.0,  0.1,  0.1,  0.1,  3.6,  9.3,  12.7,  15.1,  18.3,  20.1,  22.0,  23.4,  25.1,  27.3,  29.1,  30.0,  23.2,  24.1,  18.8,  15.3,  17.7,  14.9,  17.3,  19.1,  21.2,  26.9,  25.1,  27.3,  27.3,  29.8,  27.3,  28.5,  24.8,  29.5,  29.0,  30.9,  32.4,  26.6,  26.7,  25.0,  25.6,  24.6,  13.1
"China (incl. Hong Kong, China)",  677.3,  709.4,  720.1,  712.6,  840.7,  845.0,  969.8, 1 105.1, 1 134.4, 1 128.8, 1 138.7, 1 206.8, 1 280.2, 1 414.5, 1 435.2, 1 517.1, 1 629.2, 1 758.2, 1 820.7, 1 855.9, 1 948.1, 2 016.6, 2 168.1, 2 271.8, 2 536.4, 2 484.2, 2 501.9, 2 584.5, 2 436.0, 2 577.3, 2 716.6, 2 945.0, 3 440.4, 3 988.0, 4 640.1, 5 126.3, 5 588.2, 5 752.7, 6 196.2, 6 652.9, 7 368.9, 7 523.0, 7 835.8, 7 787.9, 7 584.6, 7 515.7, 7 616.0, 7 862.0, 7 938.8,..
Argentina,  3.8,  3.5,  3.5,  3.9,  3.7,  3.7,  3.7,  4.2,  3.6,  3.1,  3.0,  3.3,  2.9,  3.0,  3.4,  2.9,  3.6,  4.6,  4.7,  4.0,  3.8,  3.4,  3.0,  4.8,  4.3,  4.4,  4.4,  4.7,  4.6,  4.7,  3.8,  3.3,  3.5,  4.7,  5.7,  5.9,  6.0,  6.7,  5.1,  6.4,  7.2,  6.7,  6.7,  7.3,  6.8,  5.5,  5.8,  6.4,  4.0,  4.5
Bolivia,-,-,-,-,-,-,-,-,-,-,  0.1,  0.6,  0.7,  0.4,  0.3,  0.2,-,-,-,-,-,-,-,-,-,-,-,-,-,-,-,-,-,-,-,-,-,-,-,-,  0.0,-,  0.0,  0.0,  0.0,  0.0,  0.0,  0.0,  0.0,..
Brazil,  6.1,  6.4,  6.2,  6.2,  7.0,  7.8,  9.9,  12.5,  13.7,  15.1,  17.1,  19.3,  20.5,  25.0,  26.5,  28.9,  30.3,  30.8,  29.9,  27.8,  32.3,  31.2,  32.0,  31.5,  32.9,  34.0,  36.6,  35.7,  39.2,  46.6,  45.7,  44.9,  46.2,  49.0,  45.7,  45.6,  48.1,  48.6,  39.7,  54.3,  56.8,  59.7,  64.2,  67.4,  68.3,  61.6,  64.9,  64.1,  61.0,  55.1
Colombia,  6.2,  6.1,  6.5,  7.8,  6.7,  7.4,  7.4,  8.9,  9.0,  8.9,  8.9,  8.6,  8.8,  9.1,  10.3,  11.0,  12.1,  11.2,  12.4,  12.3,  12.8,  13.2,  14.9,  14.1,  14.1,  11.9,  12.5,  11.9,  10.0,  12.2,  12.2,  11.5,  11.5,  9.5,  10.6,  9.8,  10.3,  10.0,  12.5,  10.9,  12.7,  10.1,  16.0,  16.5,  15.7,  15.8,  13.0,  14.3,  17.6,  19.0
Costa Rica,  0.0,  0.0,  0.0,  0.0,  0.0,  0.0,  0.0,  0.0,  0.0,  0.0,  0.0,  0.0,  0.0,  0.0,  0.0,  0.0,  0.0,  0.0,-,-,-,-,-,-,-,-,-,-,-,  0.0,  0.1,  0.0,  0.1,  0.0,  0.0,  0.0,  0.1,  0.0,  0.0,  0.0,  0.0,  0.0,  0.0,  0.0,  0.0,  0.0,  0.0,  0.0,  0.0,..
Cuba,  0.4,  0.5,  0.3,  0.3,  0.3,  0.3,  0.3,  0.4,  0.3,  0.4,  0.4,  0.5,  0.4,  0.5,  0.5,  0.5,  0.5,  0.4,  0.2,  0.6,  0.4,  0.2,  0.2,  0.3,  0.3,  0.0,  0.1,  0.1,  0.1,  0.1,  0.1,  0.1,  0.1,  0.1,  0.1,  0.0,  0.1,  0.1,  0.1,  0.1,  0.0,  0.0,  0.0,  0.0,  0.0,  0.0,  0.0,  0.0,  0.0,..
Curaçao,-,-,-,-,-,-,-,-,-,-,-,-,-,-,-,-,-,-,-,-,-,-,-,-,-,-,-,-,-,-,-,-,-,-,-,-,-,-,-,-,-,-,-,-,-,-,-,-,-,..
Dominican Republic,-,-,-,-,-,-,-,-,-,-,-,-,  0.0,  0.0,  0.5,  0.1,  0.6,  0.2,  0.0,  0.0,  0.5,  0.5,  0.5,  0.1,  0.2,  0.3,  0.3,  0.1,  0.1,  0.1,  0.3,  0.7,  1.4,  1.4,  1.5,  1.8,  2.0,  2.2,  2.1,  2.0,  2.2,  2.4,  2.3,  2.7,  2.6,  2.7,  2.8,  2.7,  3.0,..
Ecuador,-,-,-,-,-,-,-,-,-,-,-,-,-,-,-,-,-,-,-,-,-,-,-,-,-,-,-,-,-,-,-,-,-,-,-,-,-,-,-,-,-,-,-,-,-,-,-,-,-,..
El Salvador,-,-,-,-,-,-,  0.0,  0.0,  0.0,  0.0,  0.0,  0.0,-,-,-,-,-,-,-,-,-,-,  0.0,  0.0,  0.0,  0.0,  0.0,  0.0,  0.0,  0.0,  0.0,-,  0.0,  0.0,  0.0,  0.0,  0.0,  0.0,  0.0,  0.0,  0.0,  0.0,  0.0,  0.0,  0.0,  0.0,  0.0,  0.0,  0.0,..
Guatemala,-,-,-,-,-,-,-,-,-,  0.1,  0.1,  0.0,  0.0,-,-,-,-,-,-,-,-,-,-,-,-,-,-,-,  0.0,  0.5,  0.9,  1.0,  0.9,  1.0,  1.0,  1.0,  1.1,  1.1,  0.7,  1.2,  1.2,  1.6,  2.4,  2.6,  3.8,  4.4,  3.7,  4.3,  4.2,..
Guyana,-,-,-,-,-,-,-,-,-,-,-,-,-,-,-,-,-,-,-,-,-,-,-,-,-,-,-,-,-,-,-,-,-,-,-,-,-,-,-,-,-,-,-,-,-,-,-,-,-,..
Haiti,-,-,-,-,-,-,-,-,-,-,-,  0.1,  0.1,  0.1,  0.1,  0.0,  0.0,  0.1,  0.0,  0.0,  0.1,  0.1,-,-,-,-,-,-,-,-,-,-,-,-,-,-,-,-,-,-,-,-,-,-,-,-,-,-,-,..
Honduras,-,-,-,-,-,-,-,-,  0.0,-,  0.0,-,-,-,-,  0.0,  0.0,  0.0,  0.0,  0.0,  0.0,  0.0,  0.0,  0.0,  0.0,  0.0,  0.0,  0.0,  0.1,  0.3,  0.3,  0.3,  0.4,  0.4,  0.1,  0.2,  0.2,  0.3,  0.3,  0.3,  0.3,  0.4,  0.3,  0.4,  0.3,  0.1,  0.0,-,-,..
Jamaica,-,-,-,-,-,-,-,-,-,-,-,-,-,-,-,-,-,  0.0,  0.1,  0.1,  0.0,  0.2,  0.1,  0.1,  0.1,  0.2,  0.2,  0.2,  0.2,  0.1,  0.1,  0.2,  0.2,  0.2,  0.1,  0.1,  0.1,  0.1,  0.2,  0.1,  0.2,  0.2,  0.2,  0.2,  0.2,  0.2,  0.2,  0.2,  0.2,..
Nicaragua,-,-,-,-,-,-,-,-,-,-,-,-,-,-,-,-,-,-,-,-,-,-,-,-,-,-,-,-,-,-,-,-,-,-,-,-,-,-,-,-,-,-,-,-,-,-,-,-,-,..
Panama,  0.0,  0.0,  0.0,  0.0,  0.0,-,-,-,-,-,-,-,-,-,  0.1,  0.1,  0.1,  0.0,  0.0,  0.1,  0.1,  0.1,  0.1,  0.1,  0.1,  0.3,  0.1,  0.1,  0.1,  0.1,  0.2,  0.1,-,-,-,-,-,-,-,-,  0.6,  0.8,  0.8,  0.9,  0.9,  0.8,  0.2,  0.5,  2.2,..
Paraguay,-,-,-,-,-,-,-,-,-,-,-,-,-,-,-,-,-,-,-,-,-,-,-,-,-,-,-,-,-,-,-,-,-,-,-,-,-,-,-,-,  0.0,  0.0,-,-,  0.0,  0.0,  0.0,  0.0,  0.0,..
Peru,  0.6,  0.5,  0.6,  0.6,  0.6,  0.6,  0.6,  0.5,  0.5,  0.7,  0.7,  0.6,  0.6,  0.5,  0.7,  0.8,  0.7,  0.7,  0.8,  0.6,  1.0,  1.4,  1.4,  1.4,  1.4,  1.5,  1.6,  1.8,  1.6,  2.5,  2.2,  3.1,  3.0,  3.4,  3.6,  3.1,  4.3,  3.8,  3.4,  3.6,  3.4,  3.2,  3.5,  3.4,  3.4,  3.4,  2.8,  2.5,  2.7,..
Suriname,..,..,..,..,..,..,..,..,..,..,..,..,..,..,..,..,..,..,..,..,..,..,..,..,..,..,..,..,..,-,-,-,-,-,-,-,-,-,-,-,-,-,-,-,-,-,-,-,-,..
Trinidad and Tobago,-,-,-,-,-,-,-,-,-,-,-,-,-,-,-,-,-,-,-,-,-,-,-,-,-,-,-,-,-,-,-,-,-,-,-,-,-,-,-,-,-,-,-,-,-,-,-,-,-,..
Uruguay,  0.1,  0.1,  0.1,  0.1,  0.1,  0.0,  0.1,  0.0,  0.0,  0.0,  0.0,  0.0,  0.0,  0.0,  0.0,  0.0,  0.0,  0.0,  0.0,  0.0,  0.0,  0.0,  0.0,  0.0,  0.0,  0.0,  0.0,  0.0,  0.0,  0.0,  0.0,  0.0,  0.0,  0.0,  0.0,  0.0,  0.0,-,-,-,-,-,-,-,-,-,-,-,-,-
Venezuela,  0.6,  0.6,  1.2,  0.9,  1.1,  0.7,  1.1,  0.3,  0.7,  0.7,  0.7,  0.4,  0.5,  0.6,  0.8,  0.9,  1.1,  0.8,  2.1,  1.9,-,  0.0,  0.1,  0.2,  0.0,  0.1,  0.1,  0.1,  0.1,  0.5,  0.2,  0.1,  0.2,-,  0.1,  1.0,  0.6,  0.6,  0.9,  0.8,  0.8,  0.8,  0.8,  0.8,  0.5,  0.6,  0.3,  0.1,  0.2,..
Other Non-OECD Americas,  0.1,  0.1,  0.1,  0.1,  0.1,  0.1,  0.1,  0.1,  0.1,  0.1,  0.1,  0.1,  0.1,  0.0,  0.0,  0.0,  0.0,  0.0,  0.0,  0.0,  0.0,  0.0,  0.0,  0.0,  0.0,  0.0,  0.0,  0.3,  0.3,  0.7,  0.7,  1.4,  3.8,  3.6,  3.6,  4.1,  4.1,  4.1,  4.1,  4.1,  3.7,  3.7,  3.1,  3.5,  3.3,  3.5,  0.0,  0.0,  0.0,..
Non-OECD Americas,  11.7,  11.7,  12.0,  12.1,  12.9,  13.2,  15.7,  18.0,  18.9,  20.2,  22.2,  24.9,  26.0,  30.1,  33.0,  34.3,  37.0,  37.8,  38.0,  35.2,  38.3,  37.0,  37.5,  38.7,  39.4,  40.8,  43.4,  43.1,  46.7,  56.4,  54.6,  55.3,  59.8,  63.9,  61.7,  62.8,  66.6,  67.6,  56.6,  72.9,  76.4,  79.5,  84.6,  89.3,  90.2,  82.9,  80.8,  81.1,  77.5,..
Bahrain,-,-,-,-,-,-,-,-,-,-,-,-,-,-,-,-,-,-,-,-,-,-,-,-,-,-,-,-,-,-,-,-,-,-,-,-,-,-,-,-,-,-,-,-,-,-,-,-,-,..
Islamic Rep. of Iran,  0.4,  0.7,  1.1,  1.2,  2.1,  2.1,  2.1,  1.3,  1.9,  2.0,  1.7,  2.2,  2.1,  1.7,  1.7,  1.6,  1.6,  1.7,  1.2,  1.2,  1.7,  1.5,  2.0,  2.0,  1.9,  2.1,  2.1,  2.4,  3.1,  3.4,  3.2,  3.3,  3.5,  3.8,  4.8,  4.7,  5.0,  3.7,  2.7,  2.7,  3.0,  2.7,  3.8,  4.3,  4.6,  4.6,  4.9,  5.1,  5.3,..
Iraq,-,-,-,-,-,-,-,-,-,-,-,-,-,-,-,-,-,-,-,-,-,-,-,-,-,-,-,-,-,-,-,-,-,-,-,-,-,-,-,-,-,-,-,-,-,-,-,-,-,..
Jordan,-,-,-,-,-,-,-,-,-,-,-,-,-,-,-,-,-,-,-,-,-,-,-,-,-,-,-,-,-,-,-,-,-,-,-,-,-,-,-,-,-,  0.9,  0.9,  1.5,  0.7,  0.9,  0.7,  0.9,  0.9,..
Kuwait,-,-,-,-,-,-,-,-,-,-,-,-,-,-,-,-,-,-,-,-,-,-,-,-,-,-,-,-,-,-,-,-,-,-,-,-,-,-,-,-,-,-,-,-,-,-,-,-,-,..
Lebanon,  0.0,  0.0,  0.0,  0.0,  0.0,  0.0,  0.0,  0.0,  0.0,  0.0,  0.0,  0.0,-,-,-,-,-,-,-,-,-,-,  0.3,  0.3,  0.5,  0.5,  0.5,  0.5,  0.5,  0.5,  0.5,  0.5,  0.5,  0.5,  0.5,  0.5,  0.5,  0.5,  0.5,  0.6,  0.7,  0.7,  0.5,  0.7,  0.7,  0.7,  0.7,  0.7,  0.6,..
Oman,-,-,-,-,-,-,-,-,-,-,-,-,-,-,-,-,-,-,-,-,-,-,-,-,-,-,-,-,-,-,-,-,-,-,-,-,-,-,-,-,-,-,-,-,-,-,-,-,-,..
Qatar,-,-,-,-,-,-,-,-,-,-,-,-,-,-,-,-,-,-,-,-,-,-,-,-,-,-,-,-,-,-,-,-,-,-,-,-,-,-,-,-,-,-,-,-,-,-,-,-,-,..
Saudi Arabia,-,-,-,-,-,-,-,-,-,-,-,-,-,-,-,-,-,-,-,-,-,-,-,-,-,-,-,-,-,-,-,-,-,-,-,-,-,-,-,-,-,-,-,-,-,-,-,-,-,..
Syrian Arab Republic ,  0.0,  0.0,  0.0,  0.0,  0.0,  0.0,  0.0,  0.0,  0.0,  0.0,  0.0,  0.0,  0.0,  0.0,  0.0,  0.0,  0.0,  0.0,-,-,  0.0,  0.0,  0.0,  0.0,  0.0,  0.0,  0.0,  0.0,  0.0,  0.0,  0.0,  0.0,  0.0,  0.0,  0.0,  0.0,  0.0,  0.0,  0.0,  0.0,  0.0,  0.0,  0.0,  0.0,  0.0,  0.0,  0.0,  0.0,  0.0,..
United Arab Emirates,-,-,-,-,-,-,-,-,-,-,-,-,-,-,-,-,-,-,-,-,-,-,-,-,-,-,-,-,-,-,  0.1,  0.4,  0.4,  0.5,  0.6,  1.1,  0.5,  1.4,  1.1,  2.6,  1.8,  5.5,  7.1,  7.9,  6.8,  7.3,  8.5,  7.7,  7.1,..
Yemen,-,-,-,-,-,-,-,-,-,-,-,-,-,-,-,-,-,-,-,-,-,-,-,-,-,-,-,-,-,-,-,-,-,-,-,-,-,  0.1,  0.2,  0.4,  0.4,  0.4,  0.5,  0.5,  0.3,  0.3,  0.3,  0.3,  0.3,..
Middle East,  0.5,  0.7,  1.2,  1.3,  2.2,  2.2,  2.2,  1.4,  1.9,  2.0,  1.7,  2.3,  2.1,  1.7,  1.7,  1.6,  1.6,  1.7,  1.2,  1.2,  1.7,  1.5,  2.3,  2.3,  2.4,  2.6,  2.6,  2.9,  3.6,  4.0,  3.8,  4.2,  4.5,  4.8,  5.9,  6.3,  6.0,  5.7,  4.6,  6.4,  5.9,  10.3,  12.7,  14.8,  13.2,  13.8,  15.0,  14.6,  14.2,..
IEA/Accession/Association, 4 183, 4 217, 4 360, 4 351, 4 419, 4 629, 4 810, 4 896, 5 152, 5 226, 5 349, 5 392, 5 558, 5 865, 6 074, 6 118, 6 377, 6 607, 6 702, 6 733, 6 797, 6 768, 6 919, 7 060, 7 427, 7 551, 7 680, 7 696, 7 517, 7 925, 8 144, 8 325, 8 984, 9 652, 10 350, 10 928, 11 592, 11 704, 11 823, 12 648, 13 338, 13 456, 13 822, 13 875, 13 389, 13 119, 13 311, 13 550, 13 300,..
European Union - 27,..,..,..,..,..,..,..,..,..,..,..,..,..,..,..,..,..,..,.., 1 538, 1 458, 1 360, 1 299, 1 283, 1 273, 1 282, 1 228, 1 173, 1 114, 1 140, 1 137, 1 138, 1 179, 1 164, 1 129, 1 143, 1 165, 1 077,  960, 1 007, 1 022, 1 027, 1 000,  950,  950,  903,  889,  846,  688,  555
G7, 2 480, 2 463, 2 565, 2 522, 2 430, 2 570, 2 594, 2 555, 2 723, 2 738, 2 833, 2 758, 2 832, 2 911, 3 028, 2 955, 3 025, 3 122, 3 132, 3 145, 3 083, 3 014, 2 991, 2 990, 3 038, 3 120, 3 180, 3 136, 3 091, 3 253, 3 269, 3 197, 3 275, 3 294, 3 311, 3 286, 3 342, 3 225, 2 854, 3 039, 2 908, 2 747, 2 825, 2 755, 2 482, 2 300, 2 243, 2 135, 1 855, 1 574
G8,..,..,..,..,..,..,..,..,..,..,..,..,..,..,..,..,..,..,.., 3 860, 3 748, 3 606, 3 513, 3 465, 3 527, 3 606, 3 598, 3 541, 3 523, 3 700, 3 713, 3 630, 3 708, 3 711, 3 727, 3 724, 3 764, 3 654, 3 231, 3 446, 3 335, 3 185, 3 241, 3 140, 2 896, 2 698, 2 634, 2 564, 2 288, 2 005
G20,..,..,..,..,..,..,..,..,..,..,..,..,..,..,..,..,..,..,.., 7 529, 7 527, 7 427, 7 501, 7 580, 7 954, 8 056, 8 104, 8 106, 7 939, 8 369, 8 582, 8 750, 9 418, 10 062, 10 759, 11 357, 12 007, 12 115, 12 175, 13 021, 13 740, 13 852, 14 186, 14 216, 13 746, 13 464, 13 642, 13 920, 13 655,..
Africa,  145,  149,  162,  170,  185,  201,  200,  176,  182,  192,  202,  199,  191,  201,  207,  206,  224,  220,  223,  231,  228,  225,  232,  234,  242,  252,  264,  274,  256,  265,  303,  313,  330,  355,  351,  351,  365,  394,  370,  390,  368,  386,  394,  414,  389,  391,  405,  413,  426,..
Americas, 1 205, 1 266, 1 339, 1 332, 1 323, 1 412, 1 469, 1 459, 1 545, 1 565, 1 649, 1 588, 1 679, 1 780, 1 833, 1 791, 1 876, 1 968, 1 989, 2 016, 2 008, 2 014, 2 061, 2 074, 2 134, 2 219, 2 326, 2 307, 2 292, 2 416, 2 415, 2 333, 2 386, 2 405, 2 433, 2 405, 2 440, 2 386, 2 097, 2 240, 2 136, 1 902, 1 971, 1 962, 1 731, 1 609, 1 575, 1 495, 1 301,..
Asia,..,..,..,..,..,..,..,..,..,..,..,..,..,..,..,..,..,..,.., 3 103, 3 241, 3 304, 3 465, 3 594, 3 882, 3 884, 3 951, 4 011, 3 930, 4 207, 4 399, 4 676, 5 259, 5 922, 6 651, 7 249, 7 882, 8 160, 8 683, 9 353, 10 188, 10 495, 10 838, 10 993, 10 789, 10 754, 11 071, 11 518, 11 682,..
Europe,..,..,..,..,..,..,..,..,..,..,..,..,..,..,..,..,..,..,.., 2 889, 2 711, 2 518, 2 322, 2 186, 2 169, 2 131, 1 986, 1 924, 1 860, 1 919, 1 922, 1 908, 1 980, 1 932, 1 881, 1 953, 1 959, 1 860, 1 642, 1 733, 1 789, 1 835, 1 779, 1 645, 1 626, 1 531, 1 477, 1 473, 1 304,..
Oceania,..,..,..,..,..,..,..,..,..,..,..,..,..,..,..,..,..,..,.., 2 889, 2 711, 2 518, 2 322, 2 186, 2 169, 2 131, 1 986, 1 924, 1 860, 1 919, 1 922, 1 908, 1 980, 1 932, 1 881, 1 953, 1 959, 1 860, 1 642, 1 733, 1 789, 1 835, 1 779, 1 645, 1 626, 1 531, 1 477, 1 473, 1 304,..
,,,,,,,,,,,,,,,,,,,,,,,,,,,,,,,,,,,,,,,,,,,,,,,,,,
,"The original version of this file, as published by the International Energy Agency, is available free of charge on the IEA’s website at:",,,,,,,,,,,,,,,,,,,,,,https://www.iea.org/subscribe-to-data-services/co2-emissions-statistics,,,,,,,,,,,,,,,,,,,,,,,,,,,
,"
You are permitted to use the data in this file as set out in the IEA’s terms and conditions here:  ",,,,,,,,,,,,,,,,,,,,,,https://www.iea.org/terms,,,,,,,,,,,,,,,,,,,,,,,,,,,
,"This notice, and any copyright or sourcing statements in the file, must not be removed from this file.",,,,,,,,,,,,,,,,,,,,,,,,,,,,,,,,,,,,,,,,,,,,,,,,,